timestamp_ns,mode,workload,seed,occupancy
1000000,0,1,5,0
2000000,0,1,5,0
3000000,0,1,5,0
4000000,0,1,5,0
5000000,0,1,5,0
6000000,0,1,5,0
7000000,0,1,5,0
8000000,0,1,5,0
9000000,0,1,5,0
10000000,0,1,5,0
11000000,0,1,5,0
12000000,0,1,5,0
13000000,0,1,5,0
14000000,0,1,5,0
15000000,0,1,5,0
16000000,0,1,5,0
17000000,0,1,5,0
18000000,0,1,5,0
19000000,0,1,5,0
20000000,0,1,5,0
21000000,0,1,5,0
22000000,0,1,5,0
23000000,0,1,5,0
24000000,0,1,5,0
25000000,0,1,5,0
26000000,0,1,5,0
27000000,0,1,5,0
28000000,0,1,5,0
29000000,0,1,5,0
30000000,0,1,5,0
31000000,0,1,5,0
32000000,0,1,5,0
33000000,0,1,5,0
34000000,0,1,5,0
35000000,0,1,5,0
36000000,0,1,5,0
37000000,0,1,5,0
38000000,0,1,5,0
39000000,0,1,5,0
40000000,0,1,5,0
41000000,0,1,5,0
42000000,0,1,5,0
43000000,0,1,5,0
44000000,0,1,5,0
45000000,0,1,5,0
46000000,0,1,5,0
47000000,0,1,5,0
48000000,0,1,5,0
49000000,0,1,5,0
50000000,0,1,5,0
51000000,0,1,5,0
52000000,0,1,5,0
53000000,0,1,5,0
54000000,0,1,5,0
55000000,0,1,5,0
56000000,0,1,5,0
57000000,0,1,5,0
58000000,0,1,5,0
59000000,0,1,5,0
60000000,0,1,5,0
61000000,0,1,5,0
62000000,0,1,5,0
63000000,0,1,5,0
64000000,0,1,5,0
65000000,0,1,5,0
66000000,0,1,5,0
67000000,0,1,5,0
68000000,0,1,5,0
69000000,0,1,5,0
70000000,0,1,5,0
71000000,0,1,5,0
72000000,0,1,5,0
73000000,0,1,5,0
74000000,0,1,5,0
75000000,0,1,5,0
76000000,0,1,5,0
77000000,0,1,5,0
78000000,0,1,5,0
79000000,0,1,5,0
80000000,0,1,5,0
81000000,0,1,5,0
82000000,0,1,5,0
83000000,0,1,5,0
84000000,0,1,5,0
85000000,0,1,5,0
86000000,0,1,5,0
87000000,0,1,5,0
88000000,0,1,5,0
89000000,0,1,5,0
90000000,0,1,5,0
91000000,0,1,5,0
92000000,0,1,5,0
93000000,0,1,5,0
94000000,0,1,5,0
95000000,0,1,5,0
96000000,0,1,5,0
97000000,0,1,5,0
98000000,0,1,5,0
99000000,0,1,5,0
100000000,0,1,5,0
101000000,0,1,5,0
102000000,0,1,5,0
103000000,0,1,5,0
104000000,0,1,5,0
105000000,0,1,5,0
106000000,0,1,5,0
107000000,0,1,5,0
108000000,0,1,5,0
109000000,0,1,5,0
110000000,0,1,5,0
111000000,0,1,5,0
112000000,0,1,5,0
113000000,0,1,5,0
114000000,0,1,5,0
115000000,0,1,5,0
116000000,0,1,5,0
117000000,0,1,5,0
118000000,0,1,5,0
119000000,0,1,5,0
120000000,0,1,5,0
121000000,0,1,5,0
122000000,0,1,5,0
123000000,0,1,5,0
124000000,0,1,5,0
125000000,0,1,5,0
126000000,0,1,5,0
127000000,0,1,5,0
128000000,0,1,5,0
129000000,0,1,5,0
130000000,0,1,5,0
131000000,0,1,5,0
132000000,0,1,5,0
133000000,0,1,5,0
134000000,0,1,5,0
135000000,0,1,5,0
136000000,0,1,5,0
137000000,0,1,5,0
138000000,0,1,5,0
139000000,0,1,5,0
140000000,0,1,5,0
141000000,0,1,5,0
142000000,0,1,5,0
143000000,0,1,5,0
144000000,0,1,5,0
145000000,0,1,5,0
146000000,0,1,5,0
147000000,0,1,5,0
148000000,0,1,5,0
149000000,0,1,5,0
150000000,0,1,5,0
151000000,0,1,5,0
152000000,0,1,5,0
153000000,0,1,5,0
154000000,0,1,5,0
155000000,0,1,5,0
156000000,0,1,5,0
157000000,0,1,5,0
158000000,0,1,5,0
159000000,0,1,5,0
160000000,0,1,5,0
161000000,0,1,5,0
162000000,0,1,5,0
163000000,0,1,5,0
164000000,0,1,5,0
165000000,0,1,5,0
166000000,0,1,5,0
167000000,0,1,5,0
168000000,0,1,5,0
169000000,0,1,5,0
170000000,0,1,5,0
171000000,0,1,5,0
172000000,0,1,5,0
173000000,0,1,5,0
174000000,0,1,5,0
175000000,0,1,5,0
176000000,0,1,5,0
177000000,0,1,5,0
178000000,0,1,5,0
179000000,0,1,5,0
180000000,0,1,5,0
181000000,0,1,5,0
182000000,0,1,5,0
183000000,0,1,5,0
184000000,0,1,5,0
185000000,0,1,5,0
186000000,0,1,5,0
187000000,0,1,5,0
188000000,0,1,5,0
189000000,0,1,5,0
190000000,0,1,5,0
191000000,0,1,5,0
192000000,0,1,5,0
193000000,0,1,5,0
194000000,0,1,5,0
195000000,0,1,5,0
196000000,0,1,5,0
197000000,0,1,5,0
198000000,0,1,5,0
199000000,0,1,5,0
200000000,0,1,5,0
201000000,0,1,5,0
202000000,0,1,5,0
203000000,0,1,5,0
204000000,0,1,5,0
205000000,0,1,5,0
206000000,0,1,5,0
207000000,0,1,5,0
208000000,0,1,5,0
209000000,0,1,5,0
210000000,0,1,5,0
211000000,0,1,5,0
212000000,0,1,5,0
213000000,0,1,5,0
214000000,0,1,5,0
215000000,0,1,5,0
216000000,0,1,5,0
217000000,0,1,5,0
218000000,0,1,5,0
219000000,0,1,5,0
220000000,0,1,5,0
221000000,0,1,5,0
222000000,0,1,5,0
223000000,0,1,5,0
224000000,0,1,5,0
225000000,0,1,5,0
226000000,0,1,5,0
227000000,0,1,5,0
228000000,0,1,5,0
229000000,0,1,5,0
230000000,0,1,5,0
231000000,0,1,5,0
232000000,0,1,5,0
233000000,0,1,5,0
234000000,0,1,5,0
235000000,0,1,5,0
236000000,0,1,5,0
237000000,0,1,5,0
238000000,0,1,5,0
239000000,0,1,5,0
240000000,0,1,5,0
241000000,0,1,5,0
242000000,0,1,5,0
243000000,0,1,5,0
244000000,0,1,5,0
245000000,0,1,5,0
246000000,0,1,5,0
247000000,0,1,5,0
248000000,0,1,5,0
249000000,0,1,5,0
250000000,0,1,5,0
251000000,0,1,5,0
252000000,0,1,5,0
253000000,0,1,5,0
254000000,0,1,5,0
255000000,0,1,5,0
256000000,0,1,5,0
257000000,0,1,5,0
258000000,0,1,5,0
259000000,0,1,5,0
260000000,0,1,5,0
261000000,0,1,5,0
262000000,0,1,5,0
263000000,0,1,5,0
264000000,0,1,5,0
265000000,0,1,5,0
266000000,0,1,5,0
267000000,0,1,5,0
268000000,0,1,5,0
269000000,0,1,5,0
270000000,0,1,5,0
271000000,0,1,5,0
272000000,0,1,5,0
273000000,0,1,5,0
274000000,0,1,5,0
275000000,0,1,5,0
276000000,0,1,5,0
277000000,0,1,5,0
278000000,0,1,5,0
279000000,0,1,5,0
280000000,0,1,5,0
281000000,0,1,5,0
282000000,0,1,5,0
283000000,0,1,5,0
284000000,0,1,5,0
285000000,0,1,5,0
286000000,0,1,5,0
287000000,0,1,5,0
288000000,0,1,5,0
289000000,0,1,5,0
290000000,0,1,5,0
291000000,0,1,5,0
292000000,0,1,5,0
293000000,0,1,5,0
294000000,0,1,5,0
295000000,0,1,5,0
296000000,0,1,5,0
297000000,0,1,5,0
298000000,0,1,5,0
299000000,0,1,5,0
300000000,0,1,5,0
301000000,0,1,5,0
302000000,0,1,5,0
303000000,0,1,5,0
304000000,0,1,5,0
305000000,0,1,5,0
306000000,0,1,5,0
307000000,0,1,5,0
308000000,0,1,5,0
309000000,0,1,5,0
310000000,0,1,5,0
311000000,0,1,5,0
312000000,0,1,5,0
313000000,0,1,5,0
314000000,0,1,5,0
315000000,0,1,5,0
316000000,0,1,5,0
317000000,0,1,5,0
318000000,0,1,5,0
319000000,0,1,5,0
320000000,0,1,5,0
321000000,0,1,5,0
322000000,0,1,5,0
323000000,0,1,5,0
324000000,0,1,5,0
325000000,0,1,5,0
326000000,0,1,5,0
327000000,0,1,5,0
328000000,0,1,5,0
329000000,0,1,5,0
330000000,0,1,5,0
331000000,0,1,5,0
332000000,0,1,5,0
333000000,0,1,5,0
334000000,0,1,5,0
335000000,0,1,5,0
336000000,0,1,5,0
337000000,0,1,5,0
338000000,0,1,5,0
339000000,0,1,5,0
340000000,0,1,5,0
341000000,0,1,5,0
342000000,0,1,5,0
343000000,0,1,5,0
344000000,0,1,5,0
345000000,0,1,5,0
346000000,0,1,5,0
347000000,0,1,5,0
348000000,0,1,5,0
349000000,0,1,5,0
350000000,0,1,5,0
351000000,0,1,5,0
352000000,0,1,5,0
353000000,0,1,5,0
354000000,0,1,5,0
355000000,0,1,5,0
356000000,0,1,5,0
357000000,0,1,5,0
358000000,0,1,5,0
359000000,0,1,5,0
360000000,0,1,5,0
361000000,0,1,5,0
362000000,0,1,5,0
363000000,0,1,5,0
364000000,0,1,5,0
365000000,0,1,5,0
366000000,0,1,5,0
367000000,0,1,5,0
368000000,0,1,5,0
369000000,0,1,5,0
370000000,0,1,5,0
371000000,0,1,5,0
372000000,0,1,5,0
373000000,0,1,5,0
374000000,0,1,5,0
375000000,0,1,5,0
376000000,0,1,5,0
377000000,0,1,5,0
378000000,0,1,5,0
379000000,0,1,5,0
380000000,0,1,5,0
381000000,0,1,5,0
382000000,0,1,5,0
383000000,0,1,5,0
384000000,0,1,5,0
385000000,0,1,5,0
386000000,0,1,5,0
387000000,0,1,5,0
388000000,0,1,5,0
389000000,0,1,5,0
390000000,0,1,5,0
391000000,0,1,5,0
392000000,0,1,5,0
393000000,0,1,5,0
394000000,0,1,5,0
395000000,0,1,5,0
396000000,0,1,5,0
397000000,0,1,5,0
398000000,0,1,5,0
399000000,0,1,5,0
400000000,0,1,5,0
401000000,0,1,5,0
402000000,0,1,5,0
403000000,0,1,5,0
404000000,0,1,5,0
405000000,0,1,5,0
406000000,0,1,5,0
407000000,0,1,5,0
408000000,0,1,5,0
409000000,0,1,5,0
410000000,0,1,5,0
411000000,0,1,5,0
412000000,0,1,5,0
413000000,0,1,5,0
414000000,0,1,5,0
415000000,0,1,5,0
416000000,0,1,5,0
417000000,0,1,5,0
418000000,0,1,5,0
419000000,0,1,5,0
420000000,0,1,5,0
421000000,0,1,5,0
422000000,0,1,5,0
423000000,0,1,5,0
424000000,0,1,5,0
425000000,0,1,5,0
426000000,0,1,5,0
427000000,0,1,5,0
428000000,0,1,5,0
429000000,0,1,5,0
430000000,0,1,5,0
431000000,0,1,5,0
432000000,0,1,5,0
433000000,0,1,5,0
434000000,0,1,5,0
435000000,0,1,5,0
436000000,0,1,5,0
437000000,0,1,5,0
438000000,0,1,5,0
439000000,0,1,5,0
440000000,0,1,5,0
441000000,0,1,5,0
442000000,0,1,5,0
443000000,0,1,5,0
444000000,0,1,5,0
445000000,0,1,5,0
446000000,0,1,5,0
447000000,0,1,5,0
448000000,0,1,5,0
449000000,0,1,5,0
450000000,0,1,5,0
451000000,0,1,5,0
452000000,0,1,5,0
453000000,0,1,5,0
454000000,0,1,5,0
455000000,0,1,5,0
456000000,0,1,5,0
457000000,0,1,5,0
458000000,0,1,5,0
459000000,0,1,5,0
460000000,0,1,5,0
461000000,0,1,5,0
462000000,0,1,5,0
463000000,0,1,5,0
464000000,0,1,5,0
465000000,0,1,5,0
466000000,0,1,5,0
467000000,0,1,5,0
468000000,0,1,5,0
469000000,0,1,5,0
470000000,0,1,5,0
471000000,0,1,5,0
472000000,0,1,5,0
473000000,0,1,5,0
474000000,0,1,5,0
475000000,0,1,5,0
476000000,0,1,5,0
477000000,0,1,5,0
478000000,0,1,5,0
479000000,0,1,5,0
480000000,0,1,5,0
481000000,0,1,5,0
482000000,0,1,5,0
483000000,0,1,5,0
484000000,0,1,5,0
485000000,0,1,5,0
486000000,0,1,5,0
487000000,0,1,5,0
488000000,0,1,5,0
489000000,0,1,5,0
490000000,0,1,5,0
491000000,0,1,5,0
492000000,0,1,5,0
493000000,0,1,5,0
494000000,0,1,5,0
495000000,0,1,5,0
496000000,0,1,5,0
497000000,0,1,5,0
498000000,0,1,5,0
499000000,0,1,5,0
500000000,0,1,5,0
501000000,0,1,5,0
502000000,0,1,5,0
503000000,0,1,5,0
504000000,0,1,5,0
505000000,0,1,5,0
506000000,0,1,5,0
507000000,0,1,5,0
508000000,0,1,5,0
509000000,0,1,5,0
510000000,0,1,5,0
511000000,0,1,5,0
512000000,0,1,5,0
513000000,0,1,5,0
514000000,0,1,5,0
515000000,0,1,5,0
516000000,0,1,5,0
517000000,0,1,5,0
518000000,0,1,5,0
519000000,0,1,5,0
520000000,0,1,5,0
521000000,0,1,5,0
522000000,0,1,5,0
523000000,0,1,5,0
524000000,0,1,5,0
525000000,0,1,5,0
526000000,0,1,5,0
527000000,0,1,5,0
528000000,0,1,5,0
529000000,0,1,5,0
530000000,0,1,5,0
531000000,0,1,5,0
532000000,0,1,5,0
533000000,0,1,5,0
534000000,0,1,5,0
535000000,0,1,5,0
536000000,0,1,5,0
537000000,0,1,5,0
538000000,0,1,5,0
539000000,0,1,5,0
540000000,0,1,5,0
541000000,0,1,5,0
542000000,0,1,5,0
543000000,0,1,5,0
544000000,0,1,5,0
545000000,0,1,5,0
546000000,0,1,5,0
547000000,0,1,5,0
548000000,0,1,5,0
549000000,0,1,5,0
550000000,0,1,5,0
551000000,0,1,5,0
552000000,0,1,5,0
553000000,0,1,5,0
554000000,0,1,5,0
555000000,0,1,5,0
556000000,0,1,5,0
557000000,0,1,5,0
558000000,0,1,5,0
559000000,0,1,5,0
560000000,0,1,5,0
561000000,0,1,5,0
562000000,0,1,5,0
563000000,0,1,5,0
564000000,0,1,5,0
565000000,0,1,5,0
566000000,0,1,5,0
567000000,0,1,5,0
568000000,0,1,5,0
569000000,0,1,5,0
570000000,0,1,5,0
571000000,0,1,5,0
572000000,0,1,5,0
573000000,0,1,5,0
574000000,0,1,5,0
575000000,0,1,5,0
576000000,0,1,5,0
577000000,0,1,5,0
578000000,0,1,5,0
579000000,0,1,5,0
580000000,0,1,5,0
581000000,0,1,5,0
582000000,0,1,5,0
583000000,0,1,5,0
584000000,0,1,5,0
585000000,0,1,5,0
586000000,0,1,5,0
587000000,0,1,5,0
588000000,0,1,5,0
589000000,0,1,5,0
590000000,0,1,5,0
591000000,0,1,5,0
592000000,0,1,5,0
593000000,0,1,5,0
594000000,0,1,5,0
595000000,0,1,5,0
596000000,0,1,5,0
597000000,0,1,5,0
598000000,0,1,5,0
599000000,0,1,5,0
600000000,0,1,5,0
601000000,0,1,5,0
602000000,0,1,5,0
603000000,0,1,5,0
604000000,0,1,5,0
605000000,0,1,5,0
606000000,0,1,5,0
607000000,0,1,5,0
608000000,0,1,5,0
609000000,0,1,5,0
610000000,0,1,5,0
611000000,0,1,5,0
612000000,0,1,5,0
613000000,0,1,5,0
614000000,0,1,5,0
615000000,0,1,5,0
616000000,0,1,5,0
617000000,0,1,5,0
618000000,0,1,5,0
619000000,0,1,5,0
620000000,0,1,5,0
621000000,0,1,5,0
622000000,0,1,5,0
623000000,0,1,5,0
624000000,0,1,5,0
625000000,0,1,5,0
626000000,0,1,5,0
627000000,0,1,5,0
628000000,0,1,5,0
629000000,0,1,5,0
630000000,0,1,5,0
631000000,0,1,5,0
632000000,0,1,5,0
633000000,0,1,5,0
634000000,0,1,5,0
635000000,0,1,5,0
636000000,0,1,5,0
637000000,0,1,5,0
638000000,0,1,5,0
639000000,0,1,5,0
640000000,0,1,5,0
641000000,0,1,5,0
642000000,0,1,5,0
643000000,0,1,5,0
644000000,0,1,5,0
645000000,0,1,5,0
646000000,0,1,5,0
647000000,0,1,5,0
648000000,0,1,5,0
649000000,0,1,5,0
650000000,0,1,5,0
651000000,0,1,5,0
652000000,0,1,5,0
653000000,0,1,5,0
654000000,0,1,5,0
655000000,0,1,5,0
656000000,0,1,5,0
657000000,0,1,5,0
658000000,0,1,5,0
659000000,0,1,5,0
660000000,0,1,5,0
661000000,0,1,5,0
662000000,0,1,5,0
663000000,0,1,5,0
664000000,0,1,5,0
665000000,0,1,5,0
666000000,0,1,5,0
667000000,0,1,5,0
668000000,0,1,5,0
669000000,0,1,5,0
670000000,0,1,5,0
671000000,0,1,5,0
672000000,0,1,5,0
673000000,0,1,5,0
674000000,0,1,5,0
675000000,0,1,5,0
676000000,0,1,5,0
677000000,0,1,5,0
678000000,0,1,5,0
679000000,0,1,5,0
680000000,0,1,5,0
681000000,0,1,5,0
682000000,0,1,5,0
683000000,0,1,5,0
684000000,0,1,5,0
685000000,0,1,5,0
686000000,0,1,5,0
687000000,0,1,5,0
688000000,0,1,5,0
689000000,0,1,5,0
690000000,0,1,5,0
691000000,0,1,5,0
692000000,0,1,5,0
693000000,0,1,5,0
694000000,0,1,5,0
695000000,0,1,5,0
696000000,0,1,5,0
697000000,0,1,5,0
698000000,0,1,5,0
699000000,0,1,5,0
700000000,0,1,5,0
701000000,0,1,5,0
702000000,0,1,5,0
703000000,0,1,5,0
704000000,0,1,5,0
705000000,0,1,5,0
706000000,0,1,5,0
707000000,0,1,5,0
708000000,0,1,5,0
709000000,0,1,5,0
710000000,0,1,5,0
711000000,0,1,5,0
712000000,0,1,5,0
713000000,0,1,5,0
714000000,0,1,5,0
715000000,0,1,5,0
716000000,0,1,5,0
717000000,0,1,5,0
718000000,0,1,5,0
719000000,0,1,5,0
720000000,0,1,5,0
721000000,0,1,5,0
722000000,0,1,5,0
723000000,0,1,5,0
724000000,0,1,5,0
725000000,0,1,5,0
726000000,0,1,5,0
727000000,0,1,5,0
728000000,0,1,5,0
729000000,0,1,5,0
730000000,0,1,5,0
731000000,0,1,5,0
732000000,0,1,5,0
733000000,0,1,5,0
734000000,0,1,5,0
735000000,0,1,5,0
736000000,0,1,5,0
737000000,0,1,5,0
738000000,0,1,5,0
739000000,0,1,5,0
740000000,0,1,5,0
741000000,0,1,5,0
742000000,0,1,5,0
743000000,0,1,5,0
744000000,0,1,5,0
745000000,0,1,5,0
746000000,0,1,5,0
747000000,0,1,5,0
748000000,0,1,5,0
749000000,0,1,5,0
750000000,0,1,5,0
751000000,0,1,5,0
752000000,0,1,5,0
753000000,0,1,5,0
754000000,0,1,5,0
755000000,0,1,5,0
756000000,0,1,5,0
757000000,0,1,5,0
758000000,0,1,5,0
759000000,0,1,5,0
760000000,0,1,5,0
761000000,0,1,5,0
762000000,0,1,5,0
763000000,0,1,5,0
764000000,0,1,5,0
765000000,0,1,5,0
766000000,0,1,5,0
767000000,0,1,5,0
768000000,0,1,5,0
769000000,0,1,5,0
770000000,0,1,5,0
771000000,0,1,5,0
772000000,0,1,5,0
773000000,0,1,5,0
774000000,0,1,5,0
775000000,0,1,5,0
776000000,0,1,5,0
777000000,0,1,5,0
778000000,0,1,5,0
779000000,0,1,5,0
780000000,0,1,5,0
781000000,0,1,5,0
782000000,0,1,5,0
783000000,0,1,5,0
784000000,0,1,5,0
785000000,0,1,5,0
786000000,0,1,5,0
787000000,0,1,5,0
788000000,0,1,5,0
789000000,0,1,5,0
790000000,0,1,5,0
791000000,0,1,5,0
792000000,0,1,5,0
793000000,0,1,5,0
794000000,0,1,5,0
795000000,0,1,5,0
796000000,0,1,5,0
797000000,0,1,5,0
798000000,0,1,5,0
799000000,0,1,5,0
800000000,0,1,5,0
801000000,0,1,5,0
802000000,0,1,5,0
803000000,0,1,5,0
804000000,0,1,5,0
805000000,0,1,5,0
806000000,0,1,5,0
807000000,0,1,5,0
808000000,0,1,5,0
809000000,0,1,5,0
810000000,0,1,5,0
811000000,0,1,5,0
812000000,0,1,5,0
813000000,0,1,5,0
814000000,0,1,5,0
815000000,0,1,5,0
816000000,0,1,5,0
817000000,0,1,5,0
818000000,0,1,5,0
819000000,0,1,5,0
820000000,0,1,5,0
821000000,0,1,5,0
822000000,0,1,5,0
823000000,0,1,5,0
824000000,0,1,5,0
825000000,0,1,5,0
826000000,0,1,5,0
827000000,0,1,5,0
828000000,0,1,5,0
829000000,0,1,5,0
830000000,0,1,5,0
831000000,0,1,5,0
832000000,0,1,5,0
833000000,0,1,5,0
834000000,0,1,5,0
835000000,0,1,5,0
836000000,0,1,5,0
837000000,0,1,5,0
838000000,0,1,5,0
839000000,0,1,5,0
840000000,0,1,5,0
841000000,0,1,5,0
842000000,0,1,5,0
843000000,0,1,5,0
844000000,0,1,5,0
845000000,0,1,5,0
846000000,0,1,5,0
847000000,0,1,5,0
848000000,0,1,5,0
849000000,0,1,5,0
850000000,0,1,5,0
851000000,0,1,5,0
852000000,0,1,5,0
853000000,0,1,5,0
854000000,0,1,5,0
855000000,0,1,5,0
856000000,0,1,5,0
857000000,0,1,5,0
858000000,0,1,5,0
859000000,0,1,5,0
860000000,0,1,5,0
861000000,0,1,5,0
862000000,0,1,5,0
863000000,0,1,5,0
864000000,0,1,5,0
865000000,0,1,5,0
866000000,0,1,5,0
867000000,0,1,5,0
868000000,0,1,5,0
869000000,0,1,5,0
870000000,0,1,5,0
871000000,0,1,5,0
872000000,0,1,5,0
873000000,0,1,5,0
874000000,0,1,5,0
875000000,0,1,5,0
876000000,0,1,5,0
877000000,0,1,5,0
878000000,0,1,5,0
879000000,0,1,5,0
880000000,0,1,5,0
881000000,0,1,5,0
882000000,0,1,5,0
883000000,0,1,5,0
884000000,0,1,5,0
885000000,0,1,5,0
886000000,0,1,5,0
887000000,0,1,5,0
888000000,0,1,5,0
889000000,0,1,5,0
890000000,0,1,5,0
891000000,0,1,5,0
892000000,0,1,5,0
893000000,0,1,5,0
894000000,0,1,5,0
895000000,0,1,5,0
896000000,0,1,5,0
897000000,0,1,5,0
898000000,0,1,5,0
899000000,0,1,5,0
900000000,0,1,5,0
901000000,0,1,5,0
902000000,0,1,5,0
903000000,0,1,5,0
904000000,0,1,5,0
905000000,0,1,5,0
906000000,0,1,5,0
907000000,0,1,5,0
908000000,0,1,5,0
909000000,0,1,5,0
910000000,0,1,5,0
911000000,0,1,5,0
912000000,0,1,5,0
913000000,0,1,5,0
914000000,0,1,5,0
915000000,0,1,5,0
916000000,0,1,5,0
917000000,0,1,5,0
918000000,0,1,5,0
919000000,0,1,5,0
920000000,0,1,5,0
921000000,0,1,5,0
922000000,0,1,5,0
923000000,0,1,5,0
924000000,0,1,5,0
925000000,0,1,5,0
926000000,0,1,5,0
927000000,0,1,5,0
928000000,0,1,5,0
929000000,0,1,5,0
930000000,0,1,5,0
931000000,0,1,5,0
932000000,0,1,5,0
933000000,0,1,5,0
934000000,0,1,5,0
935000000,0,1,5,0
936000000,0,1,5,0
937000000,0,1,5,0
938000000,0,1,5,0
939000000,0,1,5,0
940000000,0,1,5,0
941000000,0,1,5,0
942000000,0,1,5,0
943000000,0,1,5,0
944000000,0,1,5,0
945000000,0,1,5,0
946000000,0,1,5,0
947000000,0,1,5,0
948000000,0,1,5,0
949000000,0,1,5,0
950000000,0,1,5,0
951000000,0,1,5,0
952000000,0,1,5,0
953000000,0,1,5,0
954000000,0,1,5,0
955000000,0,1,5,0
956000000,0,1,5,0
957000000,0,1,5,0
958000000,0,1,5,0
959000000,0,1,5,0
960000000,0,1,5,0
961000000,0,1,5,0
962000000,0,1,5,0
963000000,0,1,5,0
964000000,0,1,5,0
965000000,0,1,5,0
966000000,0,1,5,0
967000000,0,1,5,0
968000000,0,1,5,0
969000000,0,1,5,0
970000000,0,1,5,0
971000000,0,1,5,0
972000000,0,1,5,0
973000000,0,1,5,0
974000000,0,1,5,0
975000000,0,1,5,0
976000000,0,1,5,0
977000000,0,1,5,0
978000000,0,1,5,0
979000000,0,1,5,0
980000000,0,1,5,0
981000000,0,1,5,0
982000000,0,1,5,0
983000000,0,1,5,0
984000000,0,1,5,0
985000000,0,1,5,0
986000000,0,1,5,0
987000000,0,1,5,0
988000000,0,1,5,0
989000000,0,1,5,0
990000000,0,1,5,0
991000000,0,1,5,0
992000000,0,1,5,0
993000000,0,1,5,0
994000000,0,1,5,0
995000000,0,1,5,0
996000000,0,1,5,0
997000000,0,1,5,0
998000000,0,1,5,0
999000000,0,1,5,0
1000000,0,2,5,0
2000000,0,2,5,0
3000000,0,2,5,0
4000000,0,2,5,0
5000000,0,2,5,0
6000000,0,2,5,0
7000000,0,2,5,0
8000000,0,2,5,0
9000000,0,2,5,0
10000000,0,2,5,0
11000000,0,2,5,0
12000000,0,2,5,0
13000000,0,2,5,0
14000000,0,2,5,0
15000000,0,2,5,0
16000000,0,2,5,0
17000000,0,2,5,0
18000000,0,2,5,0
19000000,0,2,5,0
20000000,0,2,5,0
21000000,0,2,5,0
22000000,0,2,5,0
23000000,0,2,5,0
24000000,0,2,5,0
25000000,0,2,5,0
26000000,0,2,5,0
27000000,0,2,5,0
28000000,0,2,5,0
29000000,0,2,5,0
30000000,0,2,5,0
31000000,0,2,5,0
32000000,0,2,5,0
33000000,0,2,5,0
34000000,0,2,5,0
35000000,0,2,5,0
36000000,0,2,5,0
37000000,0,2,5,0
38000000,0,2,5,0
39000000,0,2,5,0
40000000,0,2,5,0
41000000,0,2,5,0
42000000,0,2,5,0
43000000,0,2,5,0
44000000,0,2,5,0
45000000,0,2,5,0
46000000,0,2,5,0
47000000,0,2,5,0
48000000,0,2,5,0
49000000,0,2,5,0
50000000,0,2,5,0
51000000,0,2,5,0
52000000,0,2,5,0
53000000,0,2,5,0
54000000,0,2,5,0
55000000,0,2,5,0
56000000,0,2,5,0
57000000,0,2,5,0
58000000,0,2,5,0
59000000,0,2,5,0
60000000,0,2,5,0
61000000,0,2,5,0
62000000,0,2,5,0
63000000,0,2,5,0
64000000,0,2,5,0
65000000,0,2,5,0
66000000,0,2,5,0
67000000,0,2,5,0
68000000,0,2,5,0
69000000,0,2,5,0
70000000,0,2,5,0
71000000,0,2,5,0
72000000,0,2,5,0
73000000,0,2,5,0
74000000,0,2,5,0
75000000,0,2,5,0
76000000,0,2,5,0
77000000,0,2,5,0
78000000,0,2,5,0
79000000,0,2,5,0
80000000,0,2,5,0
81000000,0,2,5,0
82000000,0,2,5,0
83000000,0,2,5,0
84000000,0,2,5,0
85000000,0,2,5,0
86000000,0,2,5,0
87000000,0,2,5,0
88000000,0,2,5,0
89000000,0,2,5,0
90000000,0,2,5,0
91000000,0,2,5,0
92000000,0,2,5,0
93000000,0,2,5,0
94000000,0,2,5,0
95000000,0,2,5,0
96000000,0,2,5,0
97000000,0,2,5,0
98000000,0,2,5,0
99000000,0,2,5,0
100000000,0,2,5,0
101000000,0,2,5,0
102000000,0,2,5,0
103000000,0,2,5,0
104000000,0,2,5,0
105000000,0,2,5,0
106000000,0,2,5,0
107000000,0,2,5,0
108000000,0,2,5,0
109000000,0,2,5,0
110000000,0,2,5,0
111000000,0,2,5,0
112000000,0,2,5,0
113000000,0,2,5,0
114000000,0,2,5,0
115000000,0,2,5,0
116000000,0,2,5,0
117000000,0,2,5,0
118000000,0,2,5,0
119000000,0,2,5,0
120000000,0,2,5,0
121000000,0,2,5,0
122000000,0,2,5,0
123000000,0,2,5,0
124000000,0,2,5,0
125000000,0,2,5,0
126000000,0,2,5,0
127000000,0,2,5,0
128000000,0,2,5,0
129000000,0,2,5,0
130000000,0,2,5,0
131000000,0,2,5,0
132000000,0,2,5,0
133000000,0,2,5,0
134000000,0,2,5,0
135000000,0,2,5,0
136000000,0,2,5,0
137000000,0,2,5,0
138000000,0,2,5,0
139000000,0,2,5,0
140000000,0,2,5,0
141000000,0,2,5,0
142000000,0,2,5,0
143000000,0,2,5,0
144000000,0,2,5,0
145000000,0,2,5,0
146000000,0,2,5,0
147000000,0,2,5,0
148000000,0,2,5,0
149000000,0,2,5,0
150000000,0,2,5,0
151000000,0,2,5,0
152000000,0,2,5,0
153000000,0,2,5,0
154000000,0,2,5,0
155000000,0,2,5,0
156000000,0,2,5,0
157000000,0,2,5,0
158000000,0,2,5,0
159000000,0,2,5,0
160000000,0,2,5,0
161000000,0,2,5,0
162000000,0,2,5,0
163000000,0,2,5,0
164000000,0,2,5,0
165000000,0,2,5,0
166000000,0,2,5,0
167000000,0,2,5,0
168000000,0,2,5,0
169000000,0,2,5,0
170000000,0,2,5,0
171000000,0,2,5,0
172000000,0,2,5,0
173000000,0,2,5,0
174000000,0,2,5,0
175000000,0,2,5,0
176000000,0,2,5,0
177000000,0,2,5,0
178000000,0,2,5,0
179000000,0,2,5,0
180000000,0,2,5,0
181000000,0,2,5,0
182000000,0,2,5,0
183000000,0,2,5,0
184000000,0,2,5,0
185000000,0,2,5,0
186000000,0,2,5,0
187000000,0,2,5,0
188000000,0,2,5,0
189000000,0,2,5,0
190000000,0,2,5,0
191000000,0,2,5,0
192000000,0,2,5,0
193000000,0,2,5,0
194000000,0,2,5,0
195000000,0,2,5,0
196000000,0,2,5,0
197000000,0,2,5,0
198000000,0,2,5,0
199000000,0,2,5,0
200000000,0,2,5,0
201000000,0,2,5,0
202000000,0,2,5,0
203000000,0,2,5,0
204000000,0,2,5,0
205000000,0,2,5,0
206000000,0,2,5,0
207000000,0,2,5,0
208000000,0,2,5,0
209000000,0,2,5,0
210000000,0,2,5,0
211000000,0,2,5,0
212000000,0,2,5,0
213000000,0,2,5,0
214000000,0,2,5,0
215000000,0,2,5,0
216000000,0,2,5,0
217000000,0,2,5,0
218000000,0,2,5,0
219000000,0,2,5,0
220000000,0,2,5,0
221000000,0,2,5,0
222000000,0,2,5,0
223000000,0,2,5,0
224000000,0,2,5,0
225000000,0,2,5,0
226000000,0,2,5,0
227000000,0,2,5,0
228000000,0,2,5,0
229000000,0,2,5,0
230000000,0,2,5,0
231000000,0,2,5,0
232000000,0,2,5,0
233000000,0,2,5,0
234000000,0,2,5,0
235000000,0,2,5,0
236000000,0,2,5,0
237000000,0,2,5,0
238000000,0,2,5,0
239000000,0,2,5,0
240000000,0,2,5,0
241000000,0,2,5,0
242000000,0,2,5,0
243000000,0,2,5,0
244000000,0,2,5,0
245000000,0,2,5,0
246000000,0,2,5,0
247000000,0,2,5,0
248000000,0,2,5,0
249000000,0,2,5,0
250000000,0,2,5,0
251000000,0,2,5,0
252000000,0,2,5,0
253000000,0,2,5,0
254000000,0,2,5,0
255000000,0,2,5,0
256000000,0,2,5,0
257000000,0,2,5,0
258000000,0,2,5,0
259000000,0,2,5,0
260000000,0,2,5,0
261000000,0,2,5,0
262000000,0,2,5,0
263000000,0,2,5,0
264000000,0,2,5,0
265000000,0,2,5,0
266000000,0,2,5,0
267000000,0,2,5,0
268000000,0,2,5,0
269000000,0,2,5,0
270000000,0,2,5,0
271000000,0,2,5,0
272000000,0,2,5,0
273000000,0,2,5,0
274000000,0,2,5,0
275000000,0,2,5,0
276000000,0,2,5,0
277000000,0,2,5,0
278000000,0,2,5,0
279000000,0,2,5,0
280000000,0,2,5,0
281000000,0,2,5,0
282000000,0,2,5,0
283000000,0,2,5,0
284000000,0,2,5,0
285000000,0,2,5,0
286000000,0,2,5,0
287000000,0,2,5,0
288000000,0,2,5,0
289000000,0,2,5,0
290000000,0,2,5,0
291000000,0,2,5,0
292000000,0,2,5,0
293000000,0,2,5,0
294000000,0,2,5,0
295000000,0,2,5,0
296000000,0,2,5,0
297000000,0,2,5,0
298000000,0,2,5,0
299000000,0,2,5,0
300000000,0,2,5,0
301000000,0,2,5,0
302000000,0,2,5,0
303000000,0,2,5,0
304000000,0,2,5,0
305000000,0,2,5,0
306000000,0,2,5,0
307000000,0,2,5,0
308000000,0,2,5,0
309000000,0,2,5,0
310000000,0,2,5,0
311000000,0,2,5,0
312000000,0,2,5,0
313000000,0,2,5,0
314000000,0,2,5,0
315000000,0,2,5,0
316000000,0,2,5,0
317000000,0,2,5,0
318000000,0,2,5,0
319000000,0,2,5,0
320000000,0,2,5,0
321000000,0,2,5,0
322000000,0,2,5,0
323000000,0,2,5,0
324000000,0,2,5,0
325000000,0,2,5,0
326000000,0,2,5,0
327000000,0,2,5,0
328000000,0,2,5,0
329000000,0,2,5,0
330000000,0,2,5,0
331000000,0,2,5,0
332000000,0,2,5,0
333000000,0,2,5,0
334000000,0,2,5,0
335000000,0,2,5,0
336000000,0,2,5,0
337000000,0,2,5,0
338000000,0,2,5,0
339000000,0,2,5,0
340000000,0,2,5,0
341000000,0,2,5,0
342000000,0,2,5,0
343000000,0,2,5,0
344000000,0,2,5,0
345000000,0,2,5,0
346000000,0,2,5,0
347000000,0,2,5,0
348000000,0,2,5,0
349000000,0,2,5,0
350000000,0,2,5,0
351000000,0,2,5,0
352000000,0,2,5,0
353000000,0,2,5,0
354000000,0,2,5,0
355000000,0,2,5,0
356000000,0,2,5,0
357000000,0,2,5,0
358000000,0,2,5,0
359000000,0,2,5,0
360000000,0,2,5,0
361000000,0,2,5,0
362000000,0,2,5,0
363000000,0,2,5,0
364000000,0,2,5,0
365000000,0,2,5,0
366000000,0,2,5,0
367000000,0,2,5,0
368000000,0,2,5,0
369000000,0,2,5,0
370000000,0,2,5,0
371000000,0,2,5,0
372000000,0,2,5,0
373000000,0,2,5,0
374000000,0,2,5,0
375000000,0,2,5,0
376000000,0,2,5,0
377000000,0,2,5,0
378000000,0,2,5,0
379000000,0,2,5,0
380000000,0,2,5,0
381000000,0,2,5,0
382000000,0,2,5,0
383000000,0,2,5,0
384000000,0,2,5,0
385000000,0,2,5,0
386000000,0,2,5,0
387000000,0,2,5,0
388000000,0,2,5,0
389000000,0,2,5,0
390000000,0,2,5,0
391000000,0,2,5,0
392000000,0,2,5,0
393000000,0,2,5,0
394000000,0,2,5,0
395000000,0,2,5,0
396000000,0,2,5,0
397000000,0,2,5,0
398000000,0,2,5,0
399000000,0,2,5,0
400000000,0,2,5,0
401000000,0,2,5,0
402000000,0,2,5,0
403000000,0,2,5,0
404000000,0,2,5,0
405000000,0,2,5,0
406000000,0,2,5,0
407000000,0,2,5,0
408000000,0,2,5,0
409000000,0,2,5,0
410000000,0,2,5,0
411000000,0,2,5,0
412000000,0,2,5,0
413000000,0,2,5,0
414000000,0,2,5,0
415000000,0,2,5,0
416000000,0,2,5,0
417000000,0,2,5,0
418000000,0,2,5,0
419000000,0,2,5,0
420000000,0,2,5,0
421000000,0,2,5,0
422000000,0,2,5,0
423000000,0,2,5,0
424000000,0,2,5,0
425000000,0,2,5,0
426000000,0,2,5,0
427000000,0,2,5,0
428000000,0,2,5,0
429000000,0,2,5,0
430000000,0,2,5,0
431000000,0,2,5,0
432000000,0,2,5,0
433000000,0,2,5,0
434000000,0,2,5,0
435000000,0,2,5,0
436000000,0,2,5,0
437000000,0,2,5,0
438000000,0,2,5,0
439000000,0,2,5,0
440000000,0,2,5,0
441000000,0,2,5,0
442000000,0,2,5,0
443000000,0,2,5,0
444000000,0,2,5,0
445000000,0,2,5,0
446000000,0,2,5,0
447000000,0,2,5,0
448000000,0,2,5,0
449000000,0,2,5,0
450000000,0,2,5,0
451000000,0,2,5,0
452000000,0,2,5,0
453000000,0,2,5,0
454000000,0,2,5,0
455000000,0,2,5,0
456000000,0,2,5,0
457000000,0,2,5,0
458000000,0,2,5,0
459000000,0,2,5,0
460000000,0,2,5,0
461000000,0,2,5,0
462000000,0,2,5,0
463000000,0,2,5,0
464000000,0,2,5,0
465000000,0,2,5,0
466000000,0,2,5,0
467000000,0,2,5,0
468000000,0,2,5,0
469000000,0,2,5,0
470000000,0,2,5,0
471000000,0,2,5,0
472000000,0,2,5,0
473000000,0,2,5,0
474000000,0,2,5,0
475000000,0,2,5,0
476000000,0,2,5,0
477000000,0,2,5,0
478000000,0,2,5,0
479000000,0,2,5,0
480000000,0,2,5,0
481000000,0,2,5,0
482000000,0,2,5,0
483000000,0,2,5,0
484000000,0,2,5,0
485000000,0,2,5,0
486000000,0,2,5,0
487000000,0,2,5,0
488000000,0,2,5,0
489000000,0,2,5,0
490000000,0,2,5,0
491000000,0,2,5,0
492000000,0,2,5,0
493000000,0,2,5,0
494000000,0,2,5,0
495000000,0,2,5,0
496000000,0,2,5,0
497000000,0,2,5,0
498000000,0,2,5,0
499000000,0,2,5,0
500000000,0,2,5,0
501000000,0,2,5,0
502000000,0,2,5,0
503000000,0,2,5,0
504000000,0,2,5,0
505000000,0,2,5,0
506000000,0,2,5,0
507000000,0,2,5,0
508000000,0,2,5,0
509000000,0,2,5,0
510000000,0,2,5,0
511000000,0,2,5,0
512000000,0,2,5,0
513000000,0,2,5,0
514000000,0,2,5,0
515000000,0,2,5,0
516000000,0,2,5,0
517000000,0,2,5,0
518000000,0,2,5,0
519000000,0,2,5,0
520000000,0,2,5,0
521000000,0,2,5,0
522000000,0,2,5,0
523000000,0,2,5,0
524000000,0,2,5,0
525000000,0,2,5,0
526000000,0,2,5,0
527000000,0,2,5,0
528000000,0,2,5,0
529000000,0,2,5,0
530000000,0,2,5,0
531000000,0,2,5,0
532000000,0,2,5,0
533000000,0,2,5,0
534000000,0,2,5,0
535000000,0,2,5,0
536000000,0,2,5,0
537000000,0,2,5,0
538000000,0,2,5,0
539000000,0,2,5,0
540000000,0,2,5,0
541000000,0,2,5,0
542000000,0,2,5,0
543000000,0,2,5,0
544000000,0,2,5,0
545000000,0,2,5,0
546000000,0,2,5,0
547000000,0,2,5,0
548000000,0,2,5,0
549000000,0,2,5,0
550000000,0,2,5,0
551000000,0,2,5,0
552000000,0,2,5,0
553000000,0,2,5,0
554000000,0,2,5,0
555000000,0,2,5,0
556000000,0,2,5,0
557000000,0,2,5,0
558000000,0,2,5,0
559000000,0,2,5,0
560000000,0,2,5,0
561000000,0,2,5,0
562000000,0,2,5,0
563000000,0,2,5,0
564000000,0,2,5,0
565000000,0,2,5,0
566000000,0,2,5,0
567000000,0,2,5,0
568000000,0,2,5,0
569000000,0,2,5,0
570000000,0,2,5,0
571000000,0,2,5,0
572000000,0,2,5,0
573000000,0,2,5,0
574000000,0,2,5,0
575000000,0,2,5,0
576000000,0,2,5,0
577000000,0,2,5,0
578000000,0,2,5,0
579000000,0,2,5,0
580000000,0,2,5,0
581000000,0,2,5,0
582000000,0,2,5,0
583000000,0,2,5,0
584000000,0,2,5,0
585000000,0,2,5,0
586000000,0,2,5,0
587000000,0,2,5,0
588000000,0,2,5,0
589000000,0,2,5,0
590000000,0,2,5,0
591000000,0,2,5,0
592000000,0,2,5,0
593000000,0,2,5,0
594000000,0,2,5,0
595000000,0,2,5,0
596000000,0,2,5,0
597000000,0,2,5,0
598000000,0,2,5,0
599000000,0,2,5,0
600000000,0,2,5,0
601000000,0,2,5,0
602000000,0,2,5,0
603000000,0,2,5,0
604000000,0,2,5,0
605000000,0,2,5,0
606000000,0,2,5,0
607000000,0,2,5,0
608000000,0,2,5,0
609000000,0,2,5,0
610000000,0,2,5,0
611000000,0,2,5,0
612000000,0,2,5,0
613000000,0,2,5,0
614000000,0,2,5,0
615000000,0,2,5,0
616000000,0,2,5,0
617000000,0,2,5,0
618000000,0,2,5,0
619000000,0,2,5,0
620000000,0,2,5,0
621000000,0,2,5,0
622000000,0,2,5,0
623000000,0,2,5,0
624000000,0,2,5,0
625000000,0,2,5,0
626000000,0,2,5,0
627000000,0,2,5,0
628000000,0,2,5,0
629000000,0,2,5,0
630000000,0,2,5,0
631000000,0,2,5,0
632000000,0,2,5,0
633000000,0,2,5,0
634000000,0,2,5,0
635000000,0,2,5,0
636000000,0,2,5,0
637000000,0,2,5,0
638000000,0,2,5,0
639000000,0,2,5,0
640000000,0,2,5,0
641000000,0,2,5,0
642000000,0,2,5,0
643000000,0,2,5,0
644000000,0,2,5,0
645000000,0,2,5,0
646000000,0,2,5,0
647000000,0,2,5,0
648000000,0,2,5,0
649000000,0,2,5,0
650000000,0,2,5,0
651000000,0,2,5,0
652000000,0,2,5,0
653000000,0,2,5,0
654000000,0,2,5,0
655000000,0,2,5,0
656000000,0,2,5,0
657000000,0,2,5,0
658000000,0,2,5,0
659000000,0,2,5,0
660000000,0,2,5,0
661000000,0,2,5,0
662000000,0,2,5,0
663000000,0,2,5,0
664000000,0,2,5,0
665000000,0,2,5,0
666000000,0,2,5,0
667000000,0,2,5,0
668000000,0,2,5,0
669000000,0,2,5,0
670000000,0,2,5,0
671000000,0,2,5,0
672000000,0,2,5,0
673000000,0,2,5,0
674000000,0,2,5,0
675000000,0,2,5,0
676000000,0,2,5,0
677000000,0,2,5,0
678000000,0,2,5,0
679000000,0,2,5,0
680000000,0,2,5,0
681000000,0,2,5,0
682000000,0,2,5,0
683000000,0,2,5,0
684000000,0,2,5,0
685000000,0,2,5,0
686000000,0,2,5,0
687000000,0,2,5,0
688000000,0,2,5,0
689000000,0,2,5,0
690000000,0,2,5,0
691000000,0,2,5,0
692000000,0,2,5,0
693000000,0,2,5,0
694000000,0,2,5,0
695000000,0,2,5,0
696000000,0,2,5,0
697000000,0,2,5,0
698000000,0,2,5,0
699000000,0,2,5,0
700000000,0,2,5,0
701000000,0,2,5,0
702000000,0,2,5,0
703000000,0,2,5,0
704000000,0,2,5,0
705000000,0,2,5,0
706000000,0,2,5,0
707000000,0,2,5,0
708000000,0,2,5,0
709000000,0,2,5,0
710000000,0,2,5,0
711000000,0,2,5,0
712000000,0,2,5,0
713000000,0,2,5,0
714000000,0,2,5,0
715000000,0,2,5,0
716000000,0,2,5,0
717000000,0,2,5,0
718000000,0,2,5,0
719000000,0,2,5,0
720000000,0,2,5,0
721000000,0,2,5,0
722000000,0,2,5,0
723000000,0,2,5,0
724000000,0,2,5,0
725000000,0,2,5,0
726000000,0,2,5,0
727000000,0,2,5,0
728000000,0,2,5,0
729000000,0,2,5,0
730000000,0,2,5,0
731000000,0,2,5,0
732000000,0,2,5,0
733000000,0,2,5,0
734000000,0,2,5,0
735000000,0,2,5,0
736000000,0,2,5,0
737000000,0,2,5,0
738000000,0,2,5,0
739000000,0,2,5,0
740000000,0,2,5,0
741000000,0,2,5,0
742000000,0,2,5,0
743000000,0,2,5,0
744000000,0,2,5,0
745000000,0,2,5,0
746000000,0,2,5,0
747000000,0,2,5,0
748000000,0,2,5,0
749000000,0,2,5,0
750000000,0,2,5,0
751000000,0,2,5,0
752000000,0,2,5,0
753000000,0,2,5,0
754000000,0,2,5,0
755000000,0,2,5,0
756000000,0,2,5,0
757000000,0,2,5,0
758000000,0,2,5,0
759000000,0,2,5,0
760000000,0,2,5,0
761000000,0,2,5,0
762000000,0,2,5,0
763000000,0,2,5,0
764000000,0,2,5,0
765000000,0,2,5,0
766000000,0,2,5,0
767000000,0,2,5,0
768000000,0,2,5,0
769000000,0,2,5,0
770000000,0,2,5,0
771000000,0,2,5,0
772000000,0,2,5,0
773000000,0,2,5,0
774000000,0,2,5,0
775000000,0,2,5,0
776000000,0,2,5,0
777000000,0,2,5,0
778000000,0,2,5,0
779000000,0,2,5,0
780000000,0,2,5,0
781000000,0,2,5,0
782000000,0,2,5,0
783000000,0,2,5,0
784000000,0,2,5,0
785000000,0,2,5,0
786000000,0,2,5,0
787000000,0,2,5,0
788000000,0,2,5,0
789000000,0,2,5,0
790000000,0,2,5,0
791000000,0,2,5,0
792000000,0,2,5,0
793000000,0,2,5,0
794000000,0,2,5,0
795000000,0,2,5,0
796000000,0,2,5,0
797000000,0,2,5,0
798000000,0,2,5,0
799000000,0,2,5,0
800000000,0,2,5,0
801000000,0,2,5,0
802000000,0,2,5,0
803000000,0,2,5,0
804000000,0,2,5,0
805000000,0,2,5,0
806000000,0,2,5,0
807000000,0,2,5,0
808000000,0,2,5,0
809000000,0,2,5,0
810000000,0,2,5,0
811000000,0,2,5,0
812000000,0,2,5,0
813000000,0,2,5,0
814000000,0,2,5,0
815000000,0,2,5,0
816000000,0,2,5,0
817000000,0,2,5,0
818000000,0,2,5,0
819000000,0,2,5,0
820000000,0,2,5,0
821000000,0,2,5,0
822000000,0,2,5,0
823000000,0,2,5,0
824000000,0,2,5,0
825000000,0,2,5,0
826000000,0,2,5,0
827000000,0,2,5,0
828000000,0,2,5,0
829000000,0,2,5,0
830000000,0,2,5,0
831000000,0,2,5,0
832000000,0,2,5,0
833000000,0,2,5,0
834000000,0,2,5,0
835000000,0,2,5,0
836000000,0,2,5,0
837000000,0,2,5,0
838000000,0,2,5,0
839000000,0,2,5,0
840000000,0,2,5,0
841000000,0,2,5,0
842000000,0,2,5,0
843000000,0,2,5,0
844000000,0,2,5,0
845000000,0,2,5,0
846000000,0,2,5,0
847000000,0,2,5,0
848000000,0,2,5,0
849000000,0,2,5,0
850000000,0,2,5,0
851000000,0,2,5,0
852000000,0,2,5,0
853000000,0,2,5,0
854000000,0,2,5,0
855000000,0,2,5,0
856000000,0,2,5,0
857000000,0,2,5,0
858000000,0,2,5,0
859000000,0,2,5,0
860000000,0,2,5,0
861000000,0,2,5,0
862000000,0,2,5,0
863000000,0,2,5,0
864000000,0,2,5,0
865000000,0,2,5,0
866000000,0,2,5,0
867000000,0,2,5,0
868000000,0,2,5,0
869000000,0,2,5,0
870000000,0,2,5,0
871000000,0,2,5,0
872000000,0,2,5,0
873000000,0,2,5,0
874000000,0,2,5,0
875000000,0,2,5,0
876000000,0,2,5,0
877000000,0,2,5,0
878000000,0,2,5,0
879000000,0,2,5,0
880000000,0,2,5,0
881000000,0,2,5,0
882000000,0,2,5,0
883000000,0,2,5,0
884000000,0,2,5,0
885000000,0,2,5,0
886000000,0,2,5,0
887000000,0,2,5,0
888000000,0,2,5,0
889000000,0,2,5,0
890000000,0,2,5,0
891000000,0,2,5,0
892000000,0,2,5,0
893000000,0,2,5,0
894000000,0,2,5,0
895000000,0,2,5,0
896000000,0,2,5,0
897000000,0,2,5,0
898000000,0,2,5,0
899000000,0,2,5,0
900000000,0,2,5,0
901000000,0,2,5,0
902000000,0,2,5,0
903000000,0,2,5,0
904000000,0,2,5,0
905000000,0,2,5,0
906000000,0,2,5,0
907000000,0,2,5,0
908000000,0,2,5,0
909000000,0,2,5,0
910000000,0,2,5,0
911000000,0,2,5,0
912000000,0,2,5,0
913000000,0,2,5,0
914000000,0,2,5,0
915000000,0,2,5,0
916000000,0,2,5,0
917000000,0,2,5,0
918000000,0,2,5,0
919000000,0,2,5,0
920000000,0,2,5,0
921000000,0,2,5,0
922000000,0,2,5,0
923000000,0,2,5,0
924000000,0,2,5,0
925000000,0,2,5,0
926000000,0,2,5,0
927000000,0,2,5,0
928000000,0,2,5,0
929000000,0,2,5,0
930000000,0,2,5,0
931000000,0,2,5,0
932000000,0,2,5,0
933000000,0,2,5,0
934000000,0,2,5,0
935000000,0,2,5,0
936000000,0,2,5,0
937000000,0,2,5,0
938000000,0,2,5,0
939000000,0,2,5,0
940000000,0,2,5,0
941000000,0,2,5,0
942000000,0,2,5,0
943000000,0,2,5,0
944000000,0,2,5,0
945000000,0,2,5,0
946000000,0,2,5,0
947000000,0,2,5,0
948000000,0,2,5,0
949000000,0,2,5,0
950000000,0,2,5,0
951000000,0,2,5,0
952000000,0,2,5,0
953000000,0,2,5,0
954000000,0,2,5,0
955000000,0,2,5,0
956000000,0,2,5,0
957000000,0,2,5,0
958000000,0,2,5,0
959000000,0,2,5,0
960000000,0,2,5,0
961000000,0,2,5,0
962000000,0,2,5,0
963000000,0,2,5,0
964000000,0,2,5,0
965000000,0,2,5,0
966000000,0,2,5,0
967000000,0,2,5,0
968000000,0,2,5,0
969000000,0,2,5,0
970000000,0,2,5,0
971000000,0,2,5,0
972000000,0,2,5,0
973000000,0,2,5,0
974000000,0,2,5,0
975000000,0,2,5,0
976000000,0,2,5,0
977000000,0,2,5,0
978000000,0,2,5,0
979000000,0,2,5,0
980000000,0,2,5,0
981000000,0,2,5,0
982000000,0,2,5,0
983000000,0,2,5,0
984000000,0,2,5,0
985000000,0,2,5,0
986000000,0,2,5,0
987000000,0,2,5,0
988000000,0,2,5,0
989000000,0,2,5,0
990000000,0,2,5,0
991000000,0,2,5,0
992000000,0,2,5,0
993000000,0,2,5,0
994000000,0,2,5,0
995000000,0,2,5,0
996000000,0,2,5,0
997000000,0,2,5,0
998000000,0,2,5,0
999000000,0,2,5,0
1000000,0,3,5,0
2000000,0,3,5,0
3000000,0,3,5,0
4000000,0,3,5,0
5000000,0,3,5,0
6000000,0,3,5,0
7000000,0,3,5,0
8000000,0,3,5,0
9000000,0,3,5,0
10000000,0,3,5,0
11000000,0,3,5,0
12000000,0,3,5,0
13000000,0,3,5,0
14000000,0,3,5,0
15000000,0,3,5,0
16000000,0,3,5,0
17000000,0,3,5,0
18000000,0,3,5,0
19000000,0,3,5,0
20000000,0,3,5,0
21000000,0,3,5,0
22000000,0,3,5,0
23000000,0,3,5,0
24000000,0,3,5,0
25000000,0,3,5,0
26000000,0,3,5,0
27000000,0,3,5,0
28000000,0,3,5,0
29000000,0,3,5,0
30000000,0,3,5,0
31000000,0,3,5,0
32000000,0,3,5,0
33000000,0,3,5,0
34000000,0,3,5,0
35000000,0,3,5,0
36000000,0,3,5,0
37000000,0,3,5,0
38000000,0,3,5,0
39000000,0,3,5,0
40000000,0,3,5,0
41000000,0,3,5,0
42000000,0,3,5,0
43000000,0,3,5,0
44000000,0,3,5,0
45000000,0,3,5,0
46000000,0,3,5,0
47000000,0,3,5,0
48000000,0,3,5,0
49000000,0,3,5,0
50000000,0,3,5,0
51000000,0,3,5,0
52000000,0,3,5,0
53000000,0,3,5,0
54000000,0,3,5,0
55000000,0,3,5,0
56000000,0,3,5,0
57000000,0,3,5,0
58000000,0,3,5,0
59000000,0,3,5,0
60000000,0,3,5,0
61000000,0,3,5,0
62000000,0,3,5,0
63000000,0,3,5,0
64000000,0,3,5,0
65000000,0,3,5,0
66000000,0,3,5,0
67000000,0,3,5,0
68000000,0,3,5,0
69000000,0,3,5,0
70000000,0,3,5,0
71000000,0,3,5,0
72000000,0,3,5,0
73000000,0,3,5,0
74000000,0,3,5,0
75000000,0,3,5,0
76000000,0,3,5,0
77000000,0,3,5,0
78000000,0,3,5,0
79000000,0,3,5,0
80000000,0,3,5,0
81000000,0,3,5,0
82000000,0,3,5,0
83000000,0,3,5,0
84000000,0,3,5,0
85000000,0,3,5,0
86000000,0,3,5,0
87000000,0,3,5,0
88000000,0,3,5,0
89000000,0,3,5,0
90000000,0,3,5,0
91000000,0,3,5,0
92000000,0,3,5,0
93000000,0,3,5,0
94000000,0,3,5,0
95000000,0,3,5,0
96000000,0,3,5,0
97000000,0,3,5,0
98000000,0,3,5,0
99000000,0,3,5,0
100000000,0,3,5,0
101000000,0,3,5,0
102000000,0,3,5,0
103000000,0,3,5,0
104000000,0,3,5,0
105000000,0,3,5,0
106000000,0,3,5,0
107000000,0,3,5,0
108000000,0,3,5,0
109000000,0,3,5,0
110000000,0,3,5,0
111000000,0,3,5,0
112000000,0,3,5,0
113000000,0,3,5,0
114000000,0,3,5,0
115000000,0,3,5,0
116000000,0,3,5,0
117000000,0,3,5,0
118000000,0,3,5,0
119000000,0,3,5,0
120000000,0,3,5,0
121000000,0,3,5,0
122000000,0,3,5,0
123000000,0,3,5,0
124000000,0,3,5,0
125000000,0,3,5,0
126000000,0,3,5,0
127000000,0,3,5,0
128000000,0,3,5,0
129000000,0,3,5,0
130000000,0,3,5,0
131000000,0,3,5,0
132000000,0,3,5,0
133000000,0,3,5,0
134000000,0,3,5,0
135000000,0,3,5,0
136000000,0,3,5,0
137000000,0,3,5,0
138000000,0,3,5,0
139000000,0,3,5,0
140000000,0,3,5,0
141000000,0,3,5,0
142000000,0,3,5,0
143000000,0,3,5,0
144000000,0,3,5,0
145000000,0,3,5,0
146000000,0,3,5,0
147000000,0,3,5,0
148000000,0,3,5,0
149000000,0,3,5,0
150000000,0,3,5,0
151000000,0,3,5,0
152000000,0,3,5,0
153000000,0,3,5,0
154000000,0,3,5,0
155000000,0,3,5,0
156000000,0,3,5,0
157000000,0,3,5,0
158000000,0,3,5,0
159000000,0,3,5,0
160000000,0,3,5,0
161000000,0,3,5,0
162000000,0,3,5,0
163000000,0,3,5,0
164000000,0,3,5,0
165000000,0,3,5,0
166000000,0,3,5,0
167000000,0,3,5,0
168000000,0,3,5,0
169000000,0,3,5,0
170000000,0,3,5,0
171000000,0,3,5,0
172000000,0,3,5,0
173000000,0,3,5,0
174000000,0,3,5,0
175000000,0,3,5,0
176000000,0,3,5,0
177000000,0,3,5,0
178000000,0,3,5,0
179000000,0,3,5,0
180000000,0,3,5,0
181000000,0,3,5,0
182000000,0,3,5,0
183000000,0,3,5,0
184000000,0,3,5,0
185000000,0,3,5,0
186000000,0,3,5,0
187000000,0,3,5,0
188000000,0,3,5,0
189000000,0,3,5,0
190000000,0,3,5,0
191000000,0,3,5,0
192000000,0,3,5,0
193000000,0,3,5,0
194000000,0,3,5,0
195000000,0,3,5,0
196000000,0,3,5,0
197000000,0,3,5,0
198000000,0,3,5,0
199000000,0,3,5,0
200000000,0,3,5,0
201000000,0,3,5,0
202000000,0,3,5,0
203000000,0,3,5,0
204000000,0,3,5,0
205000000,0,3,5,0
206000000,0,3,5,0
207000000,0,3,5,0
208000000,0,3,5,0
209000000,0,3,5,0
210000000,0,3,5,0
211000000,0,3,5,0
212000000,0,3,5,0
213000000,0,3,5,0
214000000,0,3,5,0
215000000,0,3,5,0
216000000,0,3,5,0
217000000,0,3,5,0
218000000,0,3,5,0
219000000,0,3,5,0
220000000,0,3,5,0
221000000,0,3,5,0
222000000,0,3,5,0
223000000,0,3,5,0
224000000,0,3,5,0
225000000,0,3,5,0
226000000,0,3,5,0
227000000,0,3,5,0
228000000,0,3,5,0
229000000,0,3,5,0
230000000,0,3,5,0
231000000,0,3,5,0
232000000,0,3,5,0
233000000,0,3,5,0
234000000,0,3,5,0
235000000,0,3,5,0
236000000,0,3,5,0
237000000,0,3,5,0
238000000,0,3,5,0
239000000,0,3,5,0
240000000,0,3,5,0
241000000,0,3,5,0
242000000,0,3,5,0
243000000,0,3,5,0
244000000,0,3,5,0
245000000,0,3,5,0
246000000,0,3,5,0
247000000,0,3,5,0
248000000,0,3,5,0
249000000,0,3,5,0
250000000,0,3,5,0
251000000,0,3,5,0
252000000,0,3,5,0
253000000,0,3,5,0
254000000,0,3,5,0
255000000,0,3,5,0
256000000,0,3,5,0
257000000,0,3,5,0
258000000,0,3,5,0
259000000,0,3,5,0
260000000,0,3,5,0
261000000,0,3,5,0
262000000,0,3,5,0
263000000,0,3,5,0
264000000,0,3,5,0
265000000,0,3,5,0
266000000,0,3,5,0
267000000,0,3,5,0
268000000,0,3,5,0
269000000,0,3,5,0
270000000,0,3,5,0
271000000,0,3,5,0
272000000,0,3,5,0
273000000,0,3,5,0
274000000,0,3,5,0
275000000,0,3,5,0
276000000,0,3,5,0
277000000,0,3,5,0
278000000,0,3,5,0
279000000,0,3,5,0
280000000,0,3,5,0
281000000,0,3,5,0
282000000,0,3,5,0
283000000,0,3,5,0
284000000,0,3,5,0
285000000,0,3,5,0
286000000,0,3,5,0
287000000,0,3,5,0
288000000,0,3,5,0
289000000,0,3,5,0
290000000,0,3,5,0
291000000,0,3,5,0
292000000,0,3,5,0
293000000,0,3,5,0
294000000,0,3,5,0
295000000,0,3,5,0
296000000,0,3,5,0
297000000,0,3,5,0
298000000,0,3,5,0
299000000,0,3,5,0
300000000,0,3,5,0
301000000,0,3,5,0
302000000,0,3,5,0
303000000,0,3,5,0
304000000,0,3,5,0
305000000,0,3,5,0
306000000,0,3,5,0
307000000,0,3,5,0
308000000,0,3,5,0
309000000,0,3,5,0
310000000,0,3,5,0
311000000,0,3,5,0
312000000,0,3,5,0
313000000,0,3,5,0
314000000,0,3,5,0
315000000,0,3,5,0
316000000,0,3,5,0
317000000,0,3,5,0
318000000,0,3,5,0
319000000,0,3,5,0
320000000,0,3,5,0
321000000,0,3,5,0
322000000,0,3,5,0
323000000,0,3,5,0
324000000,0,3,5,0
325000000,0,3,5,0
326000000,0,3,5,0
327000000,0,3,5,0
328000000,0,3,5,0
329000000,0,3,5,0
330000000,0,3,5,0
331000000,0,3,5,0
332000000,0,3,5,0
333000000,0,3,5,0
334000000,0,3,5,0
335000000,0,3,5,0
336000000,0,3,5,0
337000000,0,3,5,0
338000000,0,3,5,0
339000000,0,3,5,0
340000000,0,3,5,0
341000000,0,3,5,0
342000000,0,3,5,0
343000000,0,3,5,0
344000000,0,3,5,0
345000000,0,3,5,0
346000000,0,3,5,0
347000000,0,3,5,0
348000000,0,3,5,0
349000000,0,3,5,0
350000000,0,3,5,0
351000000,0,3,5,0
352000000,0,3,5,0
353000000,0,3,5,0
354000000,0,3,5,0
355000000,0,3,5,0
356000000,0,3,5,0
357000000,0,3,5,0
358000000,0,3,5,0
359000000,0,3,5,0
360000000,0,3,5,0
361000000,0,3,5,0
362000000,0,3,5,0
363000000,0,3,5,0
364000000,0,3,5,0
365000000,0,3,5,0
366000000,0,3,5,0
367000000,0,3,5,0
368000000,0,3,5,0
369000000,0,3,5,0
370000000,0,3,5,0
371000000,0,3,5,0
372000000,0,3,5,0
373000000,0,3,5,0
374000000,0,3,5,0
375000000,0,3,5,0
376000000,0,3,5,0
377000000,0,3,5,0
378000000,0,3,5,0
379000000,0,3,5,0
380000000,0,3,5,0
381000000,0,3,5,0
382000000,0,3,5,0
383000000,0,3,5,0
384000000,0,3,5,0
385000000,0,3,5,0
386000000,0,3,5,0
387000000,0,3,5,0
388000000,0,3,5,0
389000000,0,3,5,0
390000000,0,3,5,0
391000000,0,3,5,0
392000000,0,3,5,0
393000000,0,3,5,0
394000000,0,3,5,0
395000000,0,3,5,0
396000000,0,3,5,0
397000000,0,3,5,0
398000000,0,3,5,0
399000000,0,3,5,0
400000000,0,3,5,0
401000000,0,3,5,0
402000000,0,3,5,0
403000000,0,3,5,0
404000000,0,3,5,0
405000000,0,3,5,0
406000000,0,3,5,0
407000000,0,3,5,0
408000000,0,3,5,0
409000000,0,3,5,0
410000000,0,3,5,0
411000000,0,3,5,0
412000000,0,3,5,0
413000000,0,3,5,0
414000000,0,3,5,0
415000000,0,3,5,0
416000000,0,3,5,0
417000000,0,3,5,0
418000000,0,3,5,0
419000000,0,3,5,0
420000000,0,3,5,0
421000000,0,3,5,0
422000000,0,3,5,0
423000000,0,3,5,0
424000000,0,3,5,0
425000000,0,3,5,0
426000000,0,3,5,0
427000000,0,3,5,0
428000000,0,3,5,0
429000000,0,3,5,0
430000000,0,3,5,0
431000000,0,3,5,0
432000000,0,3,5,0
433000000,0,3,5,0
434000000,0,3,5,0
435000000,0,3,5,0
436000000,0,3,5,0
437000000,0,3,5,0
438000000,0,3,5,0
439000000,0,3,5,0
440000000,0,3,5,0
441000000,0,3,5,0
442000000,0,3,5,0
443000000,0,3,5,0
444000000,0,3,5,0
445000000,0,3,5,0
446000000,0,3,5,0
447000000,0,3,5,0
448000000,0,3,5,0
449000000,0,3,5,0
450000000,0,3,5,0
451000000,0,3,5,0
452000000,0,3,5,0
453000000,0,3,5,0
454000000,0,3,5,0
455000000,0,3,5,0
456000000,0,3,5,0
457000000,0,3,5,0
458000000,0,3,5,0
459000000,0,3,5,0
460000000,0,3,5,0
461000000,0,3,5,0
462000000,0,3,5,0
463000000,0,3,5,0
464000000,0,3,5,0
465000000,0,3,5,0
466000000,0,3,5,0
467000000,0,3,5,0
468000000,0,3,5,0
469000000,0,3,5,0
470000000,0,3,5,0
471000000,0,3,5,0
472000000,0,3,5,0
473000000,0,3,5,0
474000000,0,3,5,0
475000000,0,3,5,0
476000000,0,3,5,0
477000000,0,3,5,0
478000000,0,3,5,0
479000000,0,3,5,0
480000000,0,3,5,0
481000000,0,3,5,0
482000000,0,3,5,0
483000000,0,3,5,0
484000000,0,3,5,0
485000000,0,3,5,0
486000000,0,3,5,0
487000000,0,3,5,0
488000000,0,3,5,0
489000000,0,3,5,0
490000000,0,3,5,0
491000000,0,3,5,0
492000000,0,3,5,0
493000000,0,3,5,0
494000000,0,3,5,0
495000000,0,3,5,0
496000000,0,3,5,0
497000000,0,3,5,0
498000000,0,3,5,0
499000000,0,3,5,0
500000000,0,3,5,0
501000000,0,3,5,0
502000000,0,3,5,0
503000000,0,3,5,0
504000000,0,3,5,0
505000000,0,3,5,0
506000000,0,3,5,0
507000000,0,3,5,0
508000000,0,3,5,0
509000000,0,3,5,0
510000000,0,3,5,0
511000000,0,3,5,0
512000000,0,3,5,0
513000000,0,3,5,0
514000000,0,3,5,0
515000000,0,3,5,0
516000000,0,3,5,0
517000000,0,3,5,0
518000000,0,3,5,0
519000000,0,3,5,0
520000000,0,3,5,0
521000000,0,3,5,0
522000000,0,3,5,0
523000000,0,3,5,0
524000000,0,3,5,0
525000000,0,3,5,0
526000000,0,3,5,0
527000000,0,3,5,0
528000000,0,3,5,0
529000000,0,3,5,0
530000000,0,3,5,0
531000000,0,3,5,0
532000000,0,3,5,0
533000000,0,3,5,0
534000000,0,3,5,0
535000000,0,3,5,0
536000000,0,3,5,0
537000000,0,3,5,0
538000000,0,3,5,0
539000000,0,3,5,0
540000000,0,3,5,0
541000000,0,3,5,0
542000000,0,3,5,0
543000000,0,3,5,0
544000000,0,3,5,0
545000000,0,3,5,0
546000000,0,3,5,0
547000000,0,3,5,0
548000000,0,3,5,0
549000000,0,3,5,0
550000000,0,3,5,0
551000000,0,3,5,0
552000000,0,3,5,0
553000000,0,3,5,0
554000000,0,3,5,0
555000000,0,3,5,0
556000000,0,3,5,0
557000000,0,3,5,0
558000000,0,3,5,0
559000000,0,3,5,0
560000000,0,3,5,0
561000000,0,3,5,0
562000000,0,3,5,0
563000000,0,3,5,0
564000000,0,3,5,0
565000000,0,3,5,0
566000000,0,3,5,0
567000000,0,3,5,0
568000000,0,3,5,0
569000000,0,3,5,0
570000000,0,3,5,0
571000000,0,3,5,0
572000000,0,3,5,0
573000000,0,3,5,0
574000000,0,3,5,0
575000000,0,3,5,0
576000000,0,3,5,0
577000000,0,3,5,0
578000000,0,3,5,0
579000000,0,3,5,0
580000000,0,3,5,0
581000000,0,3,5,0
582000000,0,3,5,0
583000000,0,3,5,0
584000000,0,3,5,0
585000000,0,3,5,0
586000000,0,3,5,0
587000000,0,3,5,0
588000000,0,3,5,0
589000000,0,3,5,0
590000000,0,3,5,0
591000000,0,3,5,0
592000000,0,3,5,0
593000000,0,3,5,0
594000000,0,3,5,0
595000000,0,3,5,0
596000000,0,3,5,0
597000000,0,3,5,0
598000000,0,3,5,0
599000000,0,3,5,0
600000000,0,3,5,0
601000000,0,3,5,0
602000000,0,3,5,0
603000000,0,3,5,0
604000000,0,3,5,0
605000000,0,3,5,0
606000000,0,3,5,0
607000000,0,3,5,0
608000000,0,3,5,0
609000000,0,3,5,0
610000000,0,3,5,0
611000000,0,3,5,0
612000000,0,3,5,0
613000000,0,3,5,0
614000000,0,3,5,0
615000000,0,3,5,0
616000000,0,3,5,0
617000000,0,3,5,0
618000000,0,3,5,0
619000000,0,3,5,0
620000000,0,3,5,0
621000000,0,3,5,0
622000000,0,3,5,0
623000000,0,3,5,0
624000000,0,3,5,0
625000000,0,3,5,0
626000000,0,3,5,0
627000000,0,3,5,0
628000000,0,3,5,0
629000000,0,3,5,0
630000000,0,3,5,0
631000000,0,3,5,0
632000000,0,3,5,0
633000000,0,3,5,0
634000000,0,3,5,0
635000000,0,3,5,0
636000000,0,3,5,0
637000000,0,3,5,0
638000000,0,3,5,0
639000000,0,3,5,0
640000000,0,3,5,0
641000000,0,3,5,0
642000000,0,3,5,0
643000000,0,3,5,0
644000000,0,3,5,0
645000000,0,3,5,0
646000000,0,3,5,0
647000000,0,3,5,0
648000000,0,3,5,0
649000000,0,3,5,0
650000000,0,3,5,0
651000000,0,3,5,0
652000000,0,3,5,0
653000000,0,3,5,0
654000000,0,3,5,0
655000000,0,3,5,0
656000000,0,3,5,0
657000000,0,3,5,0
658000000,0,3,5,0
659000000,0,3,5,0
660000000,0,3,5,0
661000000,0,3,5,0
662000000,0,3,5,0
663000000,0,3,5,0
664000000,0,3,5,0
665000000,0,3,5,0
666000000,0,3,5,0
667000000,0,3,5,0
668000000,0,3,5,0
669000000,0,3,5,0
670000000,0,3,5,0
671000000,0,3,5,0
672000000,0,3,5,0
673000000,0,3,5,0
674000000,0,3,5,0
675000000,0,3,5,0
676000000,0,3,5,0
677000000,0,3,5,0
678000000,0,3,5,0
679000000,0,3,5,0
680000000,0,3,5,0
681000000,0,3,5,0
682000000,0,3,5,0
683000000,0,3,5,0
684000000,0,3,5,0
685000000,0,3,5,0
686000000,0,3,5,0
687000000,0,3,5,0
688000000,0,3,5,0
689000000,0,3,5,0
690000000,0,3,5,0
691000000,0,3,5,0
692000000,0,3,5,0
693000000,0,3,5,0
694000000,0,3,5,0
695000000,0,3,5,0
696000000,0,3,5,0
697000000,0,3,5,0
698000000,0,3,5,0
699000000,0,3,5,0
700000000,0,3,5,0
701000000,0,3,5,0
702000000,0,3,5,0
703000000,0,3,5,0
704000000,0,3,5,0
705000000,0,3,5,0
706000000,0,3,5,0
707000000,0,3,5,0
708000000,0,3,5,0
709000000,0,3,5,0
710000000,0,3,5,0
711000000,0,3,5,0
712000000,0,3,5,0
713000000,0,3,5,0
714000000,0,3,5,0
715000000,0,3,5,0
716000000,0,3,5,0
717000000,0,3,5,0
718000000,0,3,5,0
719000000,0,3,5,0
720000000,0,3,5,0
721000000,0,3,5,0
722000000,0,3,5,0
723000000,0,3,5,0
724000000,0,3,5,0
725000000,0,3,5,0
726000000,0,3,5,0
727000000,0,3,5,0
728000000,0,3,5,0
729000000,0,3,5,0
730000000,0,3,5,0
731000000,0,3,5,0
732000000,0,3,5,0
733000000,0,3,5,0
734000000,0,3,5,0
735000000,0,3,5,0
736000000,0,3,5,0
737000000,0,3,5,0
738000000,0,3,5,0
739000000,0,3,5,0
740000000,0,3,5,0
741000000,0,3,5,0
742000000,0,3,5,0
743000000,0,3,5,0
744000000,0,3,5,0
745000000,0,3,5,0
746000000,0,3,5,0
747000000,0,3,5,0
748000000,0,3,5,0
749000000,0,3,5,0
750000000,0,3,5,0
751000000,0,3,5,0
752000000,0,3,5,0
753000000,0,3,5,0
754000000,0,3,5,0
755000000,0,3,5,0
756000000,0,3,5,0
757000000,0,3,5,0
758000000,0,3,5,0
759000000,0,3,5,0
760000000,0,3,5,0
761000000,0,3,5,0
762000000,0,3,5,0
763000000,0,3,5,0
764000000,0,3,5,0
765000000,0,3,5,0
766000000,0,3,5,0
767000000,0,3,5,0
768000000,0,3,5,0
769000000,0,3,5,0
770000000,0,3,5,0
771000000,0,3,5,0
772000000,0,3,5,0
773000000,0,3,5,0
774000000,0,3,5,0
775000000,0,3,5,0
776000000,0,3,5,0
777000000,0,3,5,0
778000000,0,3,5,0
779000000,0,3,5,0
780000000,0,3,5,0
781000000,0,3,5,0
782000000,0,3,5,0
783000000,0,3,5,0
784000000,0,3,5,0
785000000,0,3,5,0
786000000,0,3,5,0
787000000,0,3,5,0
788000000,0,3,5,0
789000000,0,3,5,0
790000000,0,3,5,0
791000000,0,3,5,0
792000000,0,3,5,0
793000000,0,3,5,0
794000000,0,3,5,0
795000000,0,3,5,0
796000000,0,3,5,0
797000000,0,3,5,0
798000000,0,3,5,0
799000000,0,3,5,0
800000000,0,3,5,0
801000000,0,3,5,0
802000000,0,3,5,0
803000000,0,3,5,0
804000000,0,3,5,0
805000000,0,3,5,0
806000000,0,3,5,0
807000000,0,3,5,0
808000000,0,3,5,0
809000000,0,3,5,0
810000000,0,3,5,0
811000000,0,3,5,0
812000000,0,3,5,0
813000000,0,3,5,0
814000000,0,3,5,0
815000000,0,3,5,0
816000000,0,3,5,0
817000000,0,3,5,0
818000000,0,3,5,0
819000000,0,3,5,0
820000000,0,3,5,0
821000000,0,3,5,0
822000000,0,3,5,0
823000000,0,3,5,0
824000000,0,3,5,0
825000000,0,3,5,0
826000000,0,3,5,0
827000000,0,3,5,0
828000000,0,3,5,0
829000000,0,3,5,0
830000000,0,3,5,0
831000000,0,3,5,0
832000000,0,3,5,0
833000000,0,3,5,0
834000000,0,3,5,0
835000000,0,3,5,0
836000000,0,3,5,0
837000000,0,3,5,0
838000000,0,3,5,0
839000000,0,3,5,0
840000000,0,3,5,0
841000000,0,3,5,0
842000000,0,3,5,0
843000000,0,3,5,0
844000000,0,3,5,0
845000000,0,3,5,0
846000000,0,3,5,0
847000000,0,3,5,0
848000000,0,3,5,0
849000000,0,3,5,0
850000000,0,3,5,0
851000000,0,3,5,0
852000000,0,3,5,0
853000000,0,3,5,0
854000000,0,3,5,0
855000000,0,3,5,0
856000000,0,3,5,0
857000000,0,3,5,0
858000000,0,3,5,0
859000000,0,3,5,0
860000000,0,3,5,0
861000000,0,3,5,0
862000000,0,3,5,0
863000000,0,3,5,0
864000000,0,3,5,0
865000000,0,3,5,0
866000000,0,3,5,0
867000000,0,3,5,0
868000000,0,3,5,0
869000000,0,3,5,0
870000000,0,3,5,0
871000000,0,3,5,0
872000000,0,3,5,0
873000000,0,3,5,0
874000000,0,3,5,0
875000000,0,3,5,0
876000000,0,3,5,0
877000000,0,3,5,0
878000000,0,3,5,0
879000000,0,3,5,0
880000000,0,3,5,0
881000000,0,3,5,0
882000000,0,3,5,0
883000000,0,3,5,0
884000000,0,3,5,0
885000000,0,3,5,0
886000000,0,3,5,0
887000000,0,3,5,0
888000000,0,3,5,0
889000000,0,3,5,0
890000000,0,3,5,0
891000000,0,3,5,0
892000000,0,3,5,0
893000000,0,3,5,0
894000000,0,3,5,0
895000000,0,3,5,0
896000000,0,3,5,0
897000000,0,3,5,0
898000000,0,3,5,0
899000000,0,3,5,0
900000000,0,3,5,0
901000000,0,3,5,0
902000000,0,3,5,0
903000000,0,3,5,0
904000000,0,3,5,0
905000000,0,3,5,0
906000000,0,3,5,0
907000000,0,3,5,0
908000000,0,3,5,0
909000000,0,3,5,0
910000000,0,3,5,0
911000000,0,3,5,0
912000000,0,3,5,0
913000000,0,3,5,0
914000000,0,3,5,0
915000000,0,3,5,0
916000000,0,3,5,0
917000000,0,3,5,0
918000000,0,3,5,0
919000000,0,3,5,0
920000000,0,3,5,0
921000000,0,3,5,0
922000000,0,3,5,0
923000000,0,3,5,0
924000000,0,3,5,0
925000000,0,3,5,0
926000000,0,3,5,0
927000000,0,3,5,0
928000000,0,3,5,0
929000000,0,3,5,0
930000000,0,3,5,0
931000000,0,3,5,0
932000000,0,3,5,0
933000000,0,3,5,0
934000000,0,3,5,0
935000000,0,3,5,0
936000000,0,3,5,0
937000000,0,3,5,0
938000000,0,3,5,0
939000000,0,3,5,0
940000000,0,3,5,0
941000000,0,3,5,0
942000000,0,3,5,0
943000000,0,3,5,0
944000000,0,3,5,0
945000000,0,3,5,0
946000000,0,3,5,0
947000000,0,3,5,0
948000000,0,3,5,0
949000000,0,3,5,0
950000000,0,3,5,0
951000000,0,3,5,0
952000000,0,3,5,0
953000000,0,3,5,0
954000000,0,3,5,0
955000000,0,3,5,0
956000000,0,3,5,0
957000000,0,3,5,0
958000000,0,3,5,0
959000000,0,3,5,0
960000000,0,3,5,0
961000000,0,3,5,0
962000000,0,3,5,0
963000000,0,3,5,0
964000000,0,3,5,0
965000000,0,3,5,0
966000000,0,3,5,0
967000000,0,3,5,0
968000000,0,3,5,0
969000000,0,3,5,0
970000000,0,3,5,0
971000000,0,3,5,0
972000000,0,3,5,0
973000000,0,3,5,0
974000000,0,3,5,0
975000000,0,3,5,0
976000000,0,3,5,0
977000000,0,3,5,0
978000000,0,3,5,0
979000000,0,3,5,0
980000000,0,3,5,0
981000000,0,3,5,0
982000000,0,3,5,0
983000000,0,3,5,0
984000000,0,3,5,0
985000000,0,3,5,0
986000000,0,3,5,0
987000000,0,3,5,0
988000000,0,3,5,0
989000000,0,3,5,0
990000000,0,3,5,0
991000000,0,3,5,0
992000000,0,3,5,0
993000000,0,3,5,0
994000000,0,3,5,0
995000000,0,3,5,0
996000000,0,3,5,0
997000000,0,3,5,0
998000000,0,3,5,0
999000000,0,3,5,0
1000000,0,4,5,0
2000000,0,4,5,0
3000000,0,4,5,0
4000000,0,4,5,0
5000000,0,4,5,0
6000000,0,4,5,0
7000000,0,4,5,0
8000000,0,4,5,0
9000000,0,4,5,0
10000000,0,4,5,0
11000000,0,4,5,0
12000000,0,4,5,0
13000000,0,4,5,0
14000000,0,4,5,0
15000000,0,4,5,0
16000000,0,4,5,0
17000000,0,4,5,0
18000000,0,4,5,0
19000000,0,4,5,0
20000000,0,4,5,0
21000000,0,4,5,0
22000000,0,4,5,0
23000000,0,4,5,0
24000000,0,4,5,0
25000000,0,4,5,0
26000000,0,4,5,0
27000000,0,4,5,0
28000000,0,4,5,0
29000000,0,4,5,0
30000000,0,4,5,0
31000000,0,4,5,0
32000000,0,4,5,0
33000000,0,4,5,0
34000000,0,4,5,0
35000000,0,4,5,0
36000000,0,4,5,0
37000000,0,4,5,0
38000000,0,4,5,0
39000000,0,4,5,0
40000000,0,4,5,0
41000000,0,4,5,0
42000000,0,4,5,0
43000000,0,4,5,0
44000000,0,4,5,0
45000000,0,4,5,0
46000000,0,4,5,0
47000000,0,4,5,0
48000000,0,4,5,0
49000000,0,4,5,0
50000000,0,4,5,0
51000000,0,4,5,0
52000000,0,4,5,0
53000000,0,4,5,0
54000000,0,4,5,0
55000000,0,4,5,0
56000000,0,4,5,0
57000000,0,4,5,0
58000000,0,4,5,0
59000000,0,4,5,0
60000000,0,4,5,0
61000000,0,4,5,0
62000000,0,4,5,0
63000000,0,4,5,0
64000000,0,4,5,0
65000000,0,4,5,0
66000000,0,4,5,0
67000000,0,4,5,0
68000000,0,4,5,0
69000000,0,4,5,0
70000000,0,4,5,0
71000000,0,4,5,0
72000000,0,4,5,0
73000000,0,4,5,0
74000000,0,4,5,0
75000000,0,4,5,0
76000000,0,4,5,0
77000000,0,4,5,0
78000000,0,4,5,0
79000000,0,4,5,0
80000000,0,4,5,0
81000000,0,4,5,0
82000000,0,4,5,0
83000000,0,4,5,0
84000000,0,4,5,0
85000000,0,4,5,0
86000000,0,4,5,0
87000000,0,4,5,0
88000000,0,4,5,0
89000000,0,4,5,0
90000000,0,4,5,0
91000000,0,4,5,0
92000000,0,4,5,0
93000000,0,4,5,0
94000000,0,4,5,0
95000000,0,4,5,0
96000000,0,4,5,0
97000000,0,4,5,0
98000000,0,4,5,0
99000000,0,4,5,0
100000000,0,4,5,0
101000000,0,4,5,0
102000000,0,4,5,0
103000000,0,4,5,0
104000000,0,4,5,0
105000000,0,4,5,0
106000000,0,4,5,0
107000000,0,4,5,0
108000000,0,4,5,0
109000000,0,4,5,0
110000000,0,4,5,0
111000000,0,4,5,0
112000000,0,4,5,0
113000000,0,4,5,0
114000000,0,4,5,0
115000000,0,4,5,0
116000000,0,4,5,0
117000000,0,4,5,0
118000000,0,4,5,0
119000000,0,4,5,0
120000000,0,4,5,0
121000000,0,4,5,0
122000000,0,4,5,0
123000000,0,4,5,0
124000000,0,4,5,0
125000000,0,4,5,0
126000000,0,4,5,0
127000000,0,4,5,0
128000000,0,4,5,0
129000000,0,4,5,0
130000000,0,4,5,0
131000000,0,4,5,0
132000000,0,4,5,0
133000000,0,4,5,0
134000000,0,4,5,0
135000000,0,4,5,0
136000000,0,4,5,0
137000000,0,4,5,0
138000000,0,4,5,0
139000000,0,4,5,0
140000000,0,4,5,0
141000000,0,4,5,0
142000000,0,4,5,0
143000000,0,4,5,0
144000000,0,4,5,0
145000000,0,4,5,0
146000000,0,4,5,0
147000000,0,4,5,0
148000000,0,4,5,0
149000000,0,4,5,0
150000000,0,4,5,0
151000000,0,4,5,0
152000000,0,4,5,0
153000000,0,4,5,0
154000000,0,4,5,0
155000000,0,4,5,0
156000000,0,4,5,0
157000000,0,4,5,0
158000000,0,4,5,0
159000000,0,4,5,0
160000000,0,4,5,0
161000000,0,4,5,0
162000000,0,4,5,0
163000000,0,4,5,0
164000000,0,4,5,0
165000000,0,4,5,0
166000000,0,4,5,0
167000000,0,4,5,0
168000000,0,4,5,0
169000000,0,4,5,0
170000000,0,4,5,0
171000000,0,4,5,0
172000000,0,4,5,0
173000000,0,4,5,0
174000000,0,4,5,0
175000000,0,4,5,0
176000000,0,4,5,0
177000000,0,4,5,0
178000000,0,4,5,0
179000000,0,4,5,0
180000000,0,4,5,0
181000000,0,4,5,0
182000000,0,4,5,0
183000000,0,4,5,0
184000000,0,4,5,0
185000000,0,4,5,0
186000000,0,4,5,0
187000000,0,4,5,0
188000000,0,4,5,0
189000000,0,4,5,0
190000000,0,4,5,0
191000000,0,4,5,0
192000000,0,4,5,0
193000000,0,4,5,0
194000000,0,4,5,0
195000000,0,4,5,0
196000000,0,4,5,0
197000000,0,4,5,0
198000000,0,4,5,0
199000000,0,4,5,0
200000000,0,4,5,0
201000000,0,4,5,0
202000000,0,4,5,0
203000000,0,4,5,0
204000000,0,4,5,0
205000000,0,4,5,0
206000000,0,4,5,0
207000000,0,4,5,0
208000000,0,4,5,0
209000000,0,4,5,0
210000000,0,4,5,0
211000000,0,4,5,0
212000000,0,4,5,0
213000000,0,4,5,0
214000000,0,4,5,0
215000000,0,4,5,0
216000000,0,4,5,0
217000000,0,4,5,0
218000000,0,4,5,0
219000000,0,4,5,0
220000000,0,4,5,0
221000000,0,4,5,0
222000000,0,4,5,0
223000000,0,4,5,0
224000000,0,4,5,0
225000000,0,4,5,0
226000000,0,4,5,0
227000000,0,4,5,0
228000000,0,4,5,0
229000000,0,4,5,0
230000000,0,4,5,0
231000000,0,4,5,0
232000000,0,4,5,0
233000000,0,4,5,0
234000000,0,4,5,0
235000000,0,4,5,0
236000000,0,4,5,0
237000000,0,4,5,0
238000000,0,4,5,0
239000000,0,4,5,0
240000000,0,4,5,0
241000000,0,4,5,0
242000000,0,4,5,0
243000000,0,4,5,0
244000000,0,4,5,0
245000000,0,4,5,0
246000000,0,4,5,0
247000000,0,4,5,0
248000000,0,4,5,0
249000000,0,4,5,0
250000000,0,4,5,0
251000000,0,4,5,0
252000000,0,4,5,0
253000000,0,4,5,0
254000000,0,4,5,0
255000000,0,4,5,0
256000000,0,4,5,0
257000000,0,4,5,0
258000000,0,4,5,0
259000000,0,4,5,0
260000000,0,4,5,0
261000000,0,4,5,0
262000000,0,4,5,0
263000000,0,4,5,0
264000000,0,4,5,0
265000000,0,4,5,0
266000000,0,4,5,0
267000000,0,4,5,0
268000000,0,4,5,0
269000000,0,4,5,0
270000000,0,4,5,0
271000000,0,4,5,0
272000000,0,4,5,0
273000000,0,4,5,0
274000000,0,4,5,0
275000000,0,4,5,0
276000000,0,4,5,0
277000000,0,4,5,0
278000000,0,4,5,0
279000000,0,4,5,0
280000000,0,4,5,0
281000000,0,4,5,0
282000000,0,4,5,0
283000000,0,4,5,0
284000000,0,4,5,0
285000000,0,4,5,0
286000000,0,4,5,0
287000000,0,4,5,0
288000000,0,4,5,0
289000000,0,4,5,0
290000000,0,4,5,0
291000000,0,4,5,0
292000000,0,4,5,0
293000000,0,4,5,0
294000000,0,4,5,0
295000000,0,4,5,0
296000000,0,4,5,0
297000000,0,4,5,0
298000000,0,4,5,0
299000000,0,4,5,0
300000000,0,4,5,0
301000000,0,4,5,0
302000000,0,4,5,0
303000000,0,4,5,0
304000000,0,4,5,0
305000000,0,4,5,0
306000000,0,4,5,0
307000000,0,4,5,0
308000000,0,4,5,0
309000000,0,4,5,0
310000000,0,4,5,0
311000000,0,4,5,0
312000000,0,4,5,0
313000000,0,4,5,0
314000000,0,4,5,0
315000000,0,4,5,0
316000000,0,4,5,0
317000000,0,4,5,0
318000000,0,4,5,0
319000000,0,4,5,0
320000000,0,4,5,0
321000000,0,4,5,0
322000000,0,4,5,0
323000000,0,4,5,0
324000000,0,4,5,0
325000000,0,4,5,0
326000000,0,4,5,0
327000000,0,4,5,0
328000000,0,4,5,0
329000000,0,4,5,0
330000000,0,4,5,0
331000000,0,4,5,0
332000000,0,4,5,0
333000000,0,4,5,0
334000000,0,4,5,0
335000000,0,4,5,0
336000000,0,4,5,0
337000000,0,4,5,0
338000000,0,4,5,0
339000000,0,4,5,0
340000000,0,4,5,0
341000000,0,4,5,0
342000000,0,4,5,0
343000000,0,4,5,0
344000000,0,4,5,0
345000000,0,4,5,0
346000000,0,4,5,0
347000000,0,4,5,0
348000000,0,4,5,0
349000000,0,4,5,0
350000000,0,4,5,0
351000000,0,4,5,0
352000000,0,4,5,0
353000000,0,4,5,0
354000000,0,4,5,0
355000000,0,4,5,0
356000000,0,4,5,0
357000000,0,4,5,0
358000000,0,4,5,0
359000000,0,4,5,0
360000000,0,4,5,0
361000000,0,4,5,0
362000000,0,4,5,0
363000000,0,4,5,0
364000000,0,4,5,0
365000000,0,4,5,0
366000000,0,4,5,0
367000000,0,4,5,0
368000000,0,4,5,0
369000000,0,4,5,0
370000000,0,4,5,0
371000000,0,4,5,0
372000000,0,4,5,0
373000000,0,4,5,0
374000000,0,4,5,0
375000000,0,4,5,0
376000000,0,4,5,0
377000000,0,4,5,0
378000000,0,4,5,0
379000000,0,4,5,0
380000000,0,4,5,0
381000000,0,4,5,0
382000000,0,4,5,0
383000000,0,4,5,0
384000000,0,4,5,0
385000000,0,4,5,0
386000000,0,4,5,0
387000000,0,4,5,0
388000000,0,4,5,0
389000000,0,4,5,0
390000000,0,4,5,0
391000000,0,4,5,0
392000000,0,4,5,0
393000000,0,4,5,0
394000000,0,4,5,0
395000000,0,4,5,0
396000000,0,4,5,0
397000000,0,4,5,0
398000000,0,4,5,0
399000000,0,4,5,0
400000000,0,4,5,0
401000000,0,4,5,0
402000000,0,4,5,0
403000000,0,4,5,0
404000000,0,4,5,0
405000000,0,4,5,0
406000000,0,4,5,0
407000000,0,4,5,0
408000000,0,4,5,0
409000000,0,4,5,0
410000000,0,4,5,0
411000000,0,4,5,0
412000000,0,4,5,0
413000000,0,4,5,0
414000000,0,4,5,0
415000000,0,4,5,0
416000000,0,4,5,0
417000000,0,4,5,0
418000000,0,4,5,0
419000000,0,4,5,0
420000000,0,4,5,0
421000000,0,4,5,0
422000000,0,4,5,0
423000000,0,4,5,0
424000000,0,4,5,0
425000000,0,4,5,0
426000000,0,4,5,0
427000000,0,4,5,0
428000000,0,4,5,0
429000000,0,4,5,0
430000000,0,4,5,0
431000000,0,4,5,0
432000000,0,4,5,0
433000000,0,4,5,0
434000000,0,4,5,0
435000000,0,4,5,0
436000000,0,4,5,0
437000000,0,4,5,0
438000000,0,4,5,0
439000000,0,4,5,0
440000000,0,4,5,0
441000000,0,4,5,0
442000000,0,4,5,0
443000000,0,4,5,0
444000000,0,4,5,0
445000000,0,4,5,0
446000000,0,4,5,0
447000000,0,4,5,0
448000000,0,4,5,0
449000000,0,4,5,0
450000000,0,4,5,0
451000000,0,4,5,0
452000000,0,4,5,0
453000000,0,4,5,0
454000000,0,4,5,0
455000000,0,4,5,0
456000000,0,4,5,0
457000000,0,4,5,0
458000000,0,4,5,0
459000000,0,4,5,0
460000000,0,4,5,0
461000000,0,4,5,0
462000000,0,4,5,0
463000000,0,4,5,0
464000000,0,4,5,0
465000000,0,4,5,0
466000000,0,4,5,0
467000000,0,4,5,0
468000000,0,4,5,0
469000000,0,4,5,0
470000000,0,4,5,0
471000000,0,4,5,0
472000000,0,4,5,0
473000000,0,4,5,0
474000000,0,4,5,0
475000000,0,4,5,0
476000000,0,4,5,0
477000000,0,4,5,0
478000000,0,4,5,0
479000000,0,4,5,0
480000000,0,4,5,0
481000000,0,4,5,0
482000000,0,4,5,0
483000000,0,4,5,0
484000000,0,4,5,0
485000000,0,4,5,0
486000000,0,4,5,0
487000000,0,4,5,0
488000000,0,4,5,0
489000000,0,4,5,0
490000000,0,4,5,0
491000000,0,4,5,0
492000000,0,4,5,0
493000000,0,4,5,0
494000000,0,4,5,0
495000000,0,4,5,0
496000000,0,4,5,0
497000000,0,4,5,0
498000000,0,4,5,0
499000000,0,4,5,0
500000000,0,4,5,0
501000000,0,4,5,0
502000000,0,4,5,0
503000000,0,4,5,0
504000000,0,4,5,0
505000000,0,4,5,0
506000000,0,4,5,0
507000000,0,4,5,0
508000000,0,4,5,0
509000000,0,4,5,0
510000000,0,4,5,0
511000000,0,4,5,0
512000000,0,4,5,0
513000000,0,4,5,0
514000000,0,4,5,0
515000000,0,4,5,0
516000000,0,4,5,0
517000000,0,4,5,0
518000000,0,4,5,0
519000000,0,4,5,0
520000000,0,4,5,0
521000000,0,4,5,0
522000000,0,4,5,0
523000000,0,4,5,0
524000000,0,4,5,0
525000000,0,4,5,0
526000000,0,4,5,0
527000000,0,4,5,0
528000000,0,4,5,0
529000000,0,4,5,0
530000000,0,4,5,0
531000000,0,4,5,0
532000000,0,4,5,0
533000000,0,4,5,0
534000000,0,4,5,0
535000000,0,4,5,0
536000000,0,4,5,0
537000000,0,4,5,0
538000000,0,4,5,0
539000000,0,4,5,0
540000000,0,4,5,0
541000000,0,4,5,0
542000000,0,4,5,0
543000000,0,4,5,0
544000000,0,4,5,0
545000000,0,4,5,0
546000000,0,4,5,0
547000000,0,4,5,0
548000000,0,4,5,0
549000000,0,4,5,0
550000000,0,4,5,0
551000000,0,4,5,0
552000000,0,4,5,0
553000000,0,4,5,0
554000000,0,4,5,0
555000000,0,4,5,0
556000000,0,4,5,0
557000000,0,4,5,0
558000000,0,4,5,0
559000000,0,4,5,0
560000000,0,4,5,0
561000000,0,4,5,0
562000000,0,4,5,0
563000000,0,4,5,0
564000000,0,4,5,0
565000000,0,4,5,0
566000000,0,4,5,0
567000000,0,4,5,0
568000000,0,4,5,0
569000000,0,4,5,0
570000000,0,4,5,0
571000000,0,4,5,0
572000000,0,4,5,0
573000000,0,4,5,0
574000000,0,4,5,0
575000000,0,4,5,0
576000000,0,4,5,0
577000000,0,4,5,0
578000000,0,4,5,0
579000000,0,4,5,0
580000000,0,4,5,0
581000000,0,4,5,0
582000000,0,4,5,0
583000000,0,4,5,0
584000000,0,4,5,0
585000000,0,4,5,0
586000000,0,4,5,0
587000000,0,4,5,0
588000000,0,4,5,0
589000000,0,4,5,0
590000000,0,4,5,0
591000000,0,4,5,0
592000000,0,4,5,0
593000000,0,4,5,0
594000000,0,4,5,0
595000000,0,4,5,0
596000000,0,4,5,0
597000000,0,4,5,0
598000000,0,4,5,0
599000000,0,4,5,0
600000000,0,4,5,0
601000000,0,4,5,0
602000000,0,4,5,0
603000000,0,4,5,0
604000000,0,4,5,0
605000000,0,4,5,0
606000000,0,4,5,0
607000000,0,4,5,0
608000000,0,4,5,0
609000000,0,4,5,0
610000000,0,4,5,0
611000000,0,4,5,0
612000000,0,4,5,0
613000000,0,4,5,0
614000000,0,4,5,0
615000000,0,4,5,0
616000000,0,4,5,0
617000000,0,4,5,0
618000000,0,4,5,0
619000000,0,4,5,0
620000000,0,4,5,0
621000000,0,4,5,0
622000000,0,4,5,0
623000000,0,4,5,0
624000000,0,4,5,0
625000000,0,4,5,0
626000000,0,4,5,0
627000000,0,4,5,0
628000000,0,4,5,0
629000000,0,4,5,0
630000000,0,4,5,0
631000000,0,4,5,0
632000000,0,4,5,0
633000000,0,4,5,0
634000000,0,4,5,0
635000000,0,4,5,0
636000000,0,4,5,0
637000000,0,4,5,0
638000000,0,4,5,0
639000000,0,4,5,0
640000000,0,4,5,0
641000000,0,4,5,0
642000000,0,4,5,0
643000000,0,4,5,0
644000000,0,4,5,0
645000000,0,4,5,0
646000000,0,4,5,0
647000000,0,4,5,0
648000000,0,4,5,0
649000000,0,4,5,0
650000000,0,4,5,0
651000000,0,4,5,0
652000000,0,4,5,0
653000000,0,4,5,0
654000000,0,4,5,0
655000000,0,4,5,0
656000000,0,4,5,0
657000000,0,4,5,0
658000000,0,4,5,0
659000000,0,4,5,0
660000000,0,4,5,0
661000000,0,4,5,0
662000000,0,4,5,0
663000000,0,4,5,0
664000000,0,4,5,0
665000000,0,4,5,0
666000000,0,4,5,0
667000000,0,4,5,0
668000000,0,4,5,0
669000000,0,4,5,0
670000000,0,4,5,0
671000000,0,4,5,0
672000000,0,4,5,0
673000000,0,4,5,0
674000000,0,4,5,0
675000000,0,4,5,0
676000000,0,4,5,0
677000000,0,4,5,0
678000000,0,4,5,0
679000000,0,4,5,0
680000000,0,4,5,0
681000000,0,4,5,0
682000000,0,4,5,0
683000000,0,4,5,0
684000000,0,4,5,0
685000000,0,4,5,0
686000000,0,4,5,0
687000000,0,4,5,0
688000000,0,4,5,0
689000000,0,4,5,0
690000000,0,4,5,0
691000000,0,4,5,0
692000000,0,4,5,0
693000000,0,4,5,0
694000000,0,4,5,0
695000000,0,4,5,0
696000000,0,4,5,0
697000000,0,4,5,0
698000000,0,4,5,0
699000000,0,4,5,0
700000000,0,4,5,0
701000000,0,4,5,0
702000000,0,4,5,0
703000000,0,4,5,0
704000000,0,4,5,0
705000000,0,4,5,0
706000000,0,4,5,0
707000000,0,4,5,0
708000000,0,4,5,0
709000000,0,4,5,0
710000000,0,4,5,0
711000000,0,4,5,0
712000000,0,4,5,0
713000000,0,4,5,0
714000000,0,4,5,0
715000000,0,4,5,0
716000000,0,4,5,0
717000000,0,4,5,0
718000000,0,4,5,0
719000000,0,4,5,0
720000000,0,4,5,0
721000000,0,4,5,0
722000000,0,4,5,0
723000000,0,4,5,0
724000000,0,4,5,0
725000000,0,4,5,0
726000000,0,4,5,0
727000000,0,4,5,0
728000000,0,4,5,0
729000000,0,4,5,0
730000000,0,4,5,0
731000000,0,4,5,0
732000000,0,4,5,0
733000000,0,4,5,0
734000000,0,4,5,0
735000000,0,4,5,0
736000000,0,4,5,0
737000000,0,4,5,0
738000000,0,4,5,0
739000000,0,4,5,0
740000000,0,4,5,0
741000000,0,4,5,0
742000000,0,4,5,0
743000000,0,4,5,0
744000000,0,4,5,0
745000000,0,4,5,0
746000000,0,4,5,0
747000000,0,4,5,0
748000000,0,4,5,0
749000000,0,4,5,0
750000000,0,4,5,0
751000000,0,4,5,0
752000000,0,4,5,0
753000000,0,4,5,0
754000000,0,4,5,0
755000000,0,4,5,0
756000000,0,4,5,0
757000000,0,4,5,0
758000000,0,4,5,0
759000000,0,4,5,0
760000000,0,4,5,0
761000000,0,4,5,0
762000000,0,4,5,0
763000000,0,4,5,0
764000000,0,4,5,0
765000000,0,4,5,0
766000000,0,4,5,0
767000000,0,4,5,0
768000000,0,4,5,0
769000000,0,4,5,0
770000000,0,4,5,0
771000000,0,4,5,0
772000000,0,4,5,0
773000000,0,4,5,0
774000000,0,4,5,0
775000000,0,4,5,0
776000000,0,4,5,0
777000000,0,4,5,0
778000000,0,4,5,0
779000000,0,4,5,0
780000000,0,4,5,0
781000000,0,4,5,0
782000000,0,4,5,0
783000000,0,4,5,0
784000000,0,4,5,0
785000000,0,4,5,0
786000000,0,4,5,0
787000000,0,4,5,0
788000000,0,4,5,0
789000000,0,4,5,0
790000000,0,4,5,0
791000000,0,4,5,0
792000000,0,4,5,0
793000000,0,4,5,0
794000000,0,4,5,0
795000000,0,4,5,0
796000000,0,4,5,0
797000000,0,4,5,0
798000000,0,4,5,0
799000000,0,4,5,0
800000000,0,4,5,0
801000000,0,4,5,0
802000000,0,4,5,0
803000000,0,4,5,0
804000000,0,4,5,0
805000000,0,4,5,0
806000000,0,4,5,0
807000000,0,4,5,0
808000000,0,4,5,0
809000000,0,4,5,0
810000000,0,4,5,0
811000000,0,4,5,0
812000000,0,4,5,0
813000000,0,4,5,0
814000000,0,4,5,0
815000000,0,4,5,0
816000000,0,4,5,0
817000000,0,4,5,0
818000000,0,4,5,0
819000000,0,4,5,0
820000000,0,4,5,0
821000000,0,4,5,0
822000000,0,4,5,0
823000000,0,4,5,0
824000000,0,4,5,0
825000000,0,4,5,0
826000000,0,4,5,0
827000000,0,4,5,0
828000000,0,4,5,0
829000000,0,4,5,0
830000000,0,4,5,0
831000000,0,4,5,0
832000000,0,4,5,0
833000000,0,4,5,0
834000000,0,4,5,0
835000000,0,4,5,0
836000000,0,4,5,0
837000000,0,4,5,0
838000000,0,4,5,0
839000000,0,4,5,0
840000000,0,4,5,0
841000000,0,4,5,0
842000000,0,4,5,0
843000000,0,4,5,0
844000000,0,4,5,0
845000000,0,4,5,0
846000000,0,4,5,0
847000000,0,4,5,0
848000000,0,4,5,0
849000000,0,4,5,0
850000000,0,4,5,0
851000000,0,4,5,0
852000000,0,4,5,0
853000000,0,4,5,0
854000000,0,4,5,0
855000000,0,4,5,0
856000000,0,4,5,0
857000000,0,4,5,0
858000000,0,4,5,0
859000000,0,4,5,0
860000000,0,4,5,0
861000000,0,4,5,0
862000000,0,4,5,0
863000000,0,4,5,0
864000000,0,4,5,0
865000000,0,4,5,0
866000000,0,4,5,0
867000000,0,4,5,0
868000000,0,4,5,0
869000000,0,4,5,0
870000000,0,4,5,0
871000000,0,4,5,0
872000000,0,4,5,0
873000000,0,4,5,0
874000000,0,4,5,0
875000000,0,4,5,0
876000000,0,4,5,0
877000000,0,4,5,0
878000000,0,4,5,0
879000000,0,4,5,0
880000000,0,4,5,0
881000000,0,4,5,0
882000000,0,4,5,0
883000000,0,4,5,0
884000000,0,4,5,0
885000000,0,4,5,0
886000000,0,4,5,0
887000000,0,4,5,0
888000000,0,4,5,0
889000000,0,4,5,0
890000000,0,4,5,0
891000000,0,4,5,0
892000000,0,4,5,0
893000000,0,4,5,0
894000000,0,4,5,0
895000000,0,4,5,0
896000000,0,4,5,0
897000000,0,4,5,0
898000000,0,4,5,0
899000000,0,4,5,0
900000000,0,4,5,0
901000000,0,4,5,0
902000000,0,4,5,0
903000000,0,4,5,0
904000000,0,4,5,0
905000000,0,4,5,0
906000000,0,4,5,0
907000000,0,4,5,0
908000000,0,4,5,0
909000000,0,4,5,0
910000000,0,4,5,0
911000000,0,4,5,0
912000000,0,4,5,0
913000000,0,4,5,0
914000000,0,4,5,0
915000000,0,4,5,0
916000000,0,4,5,0
917000000,0,4,5,0
918000000,0,4,5,0
919000000,0,4,5,0
920000000,0,4,5,0
921000000,0,4,5,0
922000000,0,4,5,0
923000000,0,4,5,0
924000000,0,4,5,0
925000000,0,4,5,0
926000000,0,4,5,0
927000000,0,4,5,0
928000000,0,4,5,0
929000000,0,4,5,0
930000000,0,4,5,0
931000000,0,4,5,0
932000000,0,4,5,0
933000000,0,4,5,0
934000000,0,4,5,0
935000000,0,4,5,0
936000000,0,4,5,0
937000000,0,4,5,0
938000000,0,4,5,0
939000000,0,4,5,0
940000000,0,4,5,0
941000000,0,4,5,0
942000000,0,4,5,0
943000000,0,4,5,0
944000000,0,4,5,0
945000000,0,4,5,0
946000000,0,4,5,0
947000000,0,4,5,0
948000000,0,4,5,0
949000000,0,4,5,0
950000000,0,4,5,0
951000000,0,4,5,0
952000000,0,4,5,0
953000000,0,4,5,0
954000000,0,4,5,0
955000000,0,4,5,0
956000000,0,4,5,0
957000000,0,4,5,0
958000000,0,4,5,0
959000000,0,4,5,0
960000000,0,4,5,0
961000000,0,4,5,0
962000000,0,4,5,0
963000000,0,4,5,0
964000000,0,4,5,0
965000000,0,4,5,0
966000000,0,4,5,0
967000000,0,4,5,0
968000000,0,4,5,0
969000000,0,4,5,0
970000000,0,4,5,0
971000000,0,4,5,0
972000000,0,4,5,0
973000000,0,4,5,0
974000000,0,4,5,0
975000000,0,4,5,0
976000000,0,4,5,0
977000000,0,4,5,0
978000000,0,4,5,0
979000000,0,4,5,0
980000000,0,4,5,0
981000000,0,4,5,0
982000000,0,4,5,0
983000000,0,4,5,0
984000000,0,4,5,0
985000000,0,4,5,0
986000000,0,4,5,0
987000000,0,4,5,0
988000000,0,4,5,0
989000000,0,4,5,0
990000000,0,4,5,0
991000000,0,4,5,0
992000000,0,4,5,0
993000000,0,4,5,0
994000000,0,4,5,0
995000000,0,4,5,0
996000000,0,4,5,0
997000000,0,4,5,0
998000000,0,4,5,0
999000000,0,4,5,0
1000000,0,5,5,0
2000000,0,5,5,0
3000000,0,5,5,0
4000000,0,5,5,0
5000000,0,5,5,0
6000000,0,5,5,0
7000000,0,5,5,0
8000000,0,5,5,0
9000000,0,5,5,0
10000000,0,5,5,0
11000000,0,5,5,0
12000000,0,5,5,0
13000000,0,5,5,0
14000000,0,5,5,0
15000000,0,5,5,0
16000000,0,5,5,0
17000000,0,5,5,0
18000000,0,5,5,0
19000000,0,5,5,0
20000000,0,5,5,0
21000000,0,5,5,0
22000000,0,5,5,0
23000000,0,5,5,0
24000000,0,5,5,0
25000000,0,5,5,0
26000000,0,5,5,0
27000000,0,5,5,0
28000000,0,5,5,0
29000000,0,5,5,0
30000000,0,5,5,0
31000000,0,5,5,0
32000000,0,5,5,0
33000000,0,5,5,0
34000000,0,5,5,0
35000000,0,5,5,0
36000000,0,5,5,0
37000000,0,5,5,0
38000000,0,5,5,0
39000000,0,5,5,0
40000000,0,5,5,0
41000000,0,5,5,0
42000000,0,5,5,0
43000000,0,5,5,0
44000000,0,5,5,0
45000000,0,5,5,0
46000000,0,5,5,0
47000000,0,5,5,0
48000000,0,5,5,0
49000000,0,5,5,0
50000000,0,5,5,0
51000000,0,5,5,0
52000000,0,5,5,0
53000000,0,5,5,0
54000000,0,5,5,0
55000000,0,5,5,0
56000000,0,5,5,0
57000000,0,5,5,0
58000000,0,5,5,0
59000000,0,5,5,0
60000000,0,5,5,0
61000000,0,5,5,0
62000000,0,5,5,0
63000000,0,5,5,0
64000000,0,5,5,0
65000000,0,5,5,0
66000000,0,5,5,0
67000000,0,5,5,0
68000000,0,5,5,0
69000000,0,5,5,0
70000000,0,5,5,0
71000000,0,5,5,0
72000000,0,5,5,0
73000000,0,5,5,0
74000000,0,5,5,0
75000000,0,5,5,0
76000000,0,5,5,0
77000000,0,5,5,0
78000000,0,5,5,0
79000000,0,5,5,0
80000000,0,5,5,0
81000000,0,5,5,0
82000000,0,5,5,0
83000000,0,5,5,0
84000000,0,5,5,0
85000000,0,5,5,0
86000000,0,5,5,0
87000000,0,5,5,0
88000000,0,5,5,0
89000000,0,5,5,0
90000000,0,5,5,0
91000000,0,5,5,0
92000000,0,5,5,0
93000000,0,5,5,0
94000000,0,5,5,0
95000000,0,5,5,0
96000000,0,5,5,0
97000000,0,5,5,0
98000000,0,5,5,0
99000000,0,5,5,0
100000000,0,5,5,0
101000000,0,5,5,0
102000000,0,5,5,0
103000000,0,5,5,0
104000000,0,5,5,0
105000000,0,5,5,0
106000000,0,5,5,0
107000000,0,5,5,0
108000000,0,5,5,0
109000000,0,5,5,0
110000000,0,5,5,0
111000000,0,5,5,0
112000000,0,5,5,0
113000000,0,5,5,0
114000000,0,5,5,0
115000000,0,5,5,0
116000000,0,5,5,0
117000000,0,5,5,0
118000000,0,5,5,0
119000000,0,5,5,0
120000000,0,5,5,0
121000000,0,5,5,0
122000000,0,5,5,0
123000000,0,5,5,0
124000000,0,5,5,0
125000000,0,5,5,0
126000000,0,5,5,0
127000000,0,5,5,0
128000000,0,5,5,0
129000000,0,5,5,0
130000000,0,5,5,0
131000000,0,5,5,0
132000000,0,5,5,0
133000000,0,5,5,0
134000000,0,5,5,0
135000000,0,5,5,0
136000000,0,5,5,0
137000000,0,5,5,0
138000000,0,5,5,0
139000000,0,5,5,0
140000000,0,5,5,0
141000000,0,5,5,0
142000000,0,5,5,0
143000000,0,5,5,0
144000000,0,5,5,0
145000000,0,5,5,0
146000000,0,5,5,0
147000000,0,5,5,0
148000000,0,5,5,0
149000000,0,5,5,0
150000000,0,5,5,0
151000000,0,5,5,0
152000000,0,5,5,0
153000000,0,5,5,0
154000000,0,5,5,0
155000000,0,5,5,0
156000000,0,5,5,0
157000000,0,5,5,0
158000000,0,5,5,0
159000000,0,5,5,0
160000000,0,5,5,0
161000000,0,5,5,0
162000000,0,5,5,0
163000000,0,5,5,0
164000000,0,5,5,0
165000000,0,5,5,0
166000000,0,5,5,0
167000000,0,5,5,0
168000000,0,5,5,0
169000000,0,5,5,0
170000000,0,5,5,0
171000000,0,5,5,0
172000000,0,5,5,0
173000000,0,5,5,0
174000000,0,5,5,0
175000000,0,5,5,0
176000000,0,5,5,0
177000000,0,5,5,0
178000000,0,5,5,0
179000000,0,5,5,0
180000000,0,5,5,0
181000000,0,5,5,0
182000000,0,5,5,0
183000000,0,5,5,0
184000000,0,5,5,0
185000000,0,5,5,0
186000000,0,5,5,0
187000000,0,5,5,0
188000000,0,5,5,0
189000000,0,5,5,0
190000000,0,5,5,0
191000000,0,5,5,0
192000000,0,5,5,0
193000000,0,5,5,0
194000000,0,5,5,0
195000000,0,5,5,0
196000000,0,5,5,0
197000000,0,5,5,0
198000000,0,5,5,0
199000000,0,5,5,0
200000000,0,5,5,0
201000000,0,5,5,0
202000000,0,5,5,0
203000000,0,5,5,0
204000000,0,5,5,0
205000000,0,5,5,0
206000000,0,5,5,0
207000000,0,5,5,0
208000000,0,5,5,0
209000000,0,5,5,0
210000000,0,5,5,0
211000000,0,5,5,0
212000000,0,5,5,0
213000000,0,5,5,0
214000000,0,5,5,0
215000000,0,5,5,0
216000000,0,5,5,0
217000000,0,5,5,0
218000000,0,5,5,0
219000000,0,5,5,0
220000000,0,5,5,0
221000000,0,5,5,0
222000000,0,5,5,0
223000000,0,5,5,0
224000000,0,5,5,0
225000000,0,5,5,0
226000000,0,5,5,0
227000000,0,5,5,0
228000000,0,5,5,0
229000000,0,5,5,0
230000000,0,5,5,0
231000000,0,5,5,0
232000000,0,5,5,0
233000000,0,5,5,0
234000000,0,5,5,0
235000000,0,5,5,0
236000000,0,5,5,0
237000000,0,5,5,0
238000000,0,5,5,0
239000000,0,5,5,0
240000000,0,5,5,0
241000000,0,5,5,0
242000000,0,5,5,0
243000000,0,5,5,0
244000000,0,5,5,0
245000000,0,5,5,0
246000000,0,5,5,0
247000000,0,5,5,0
248000000,0,5,5,0
249000000,0,5,5,0
250000000,0,5,5,0
251000000,0,5,5,0
252000000,0,5,5,0
253000000,0,5,5,0
254000000,0,5,5,0
255000000,0,5,5,0
256000000,0,5,5,0
257000000,0,5,5,0
258000000,0,5,5,0
259000000,0,5,5,0
260000000,0,5,5,0
261000000,0,5,5,0
262000000,0,5,5,0
263000000,0,5,5,0
264000000,0,5,5,0
265000000,0,5,5,0
266000000,0,5,5,0
267000000,0,5,5,0
268000000,0,5,5,0
269000000,0,5,5,0
270000000,0,5,5,0
271000000,0,5,5,0
272000000,0,5,5,0
273000000,0,5,5,0
274000000,0,5,5,0
275000000,0,5,5,0
276000000,0,5,5,0
277000000,0,5,5,0
278000000,0,5,5,0
279000000,0,5,5,0
280000000,0,5,5,0
281000000,0,5,5,0
282000000,0,5,5,0
283000000,0,5,5,0
284000000,0,5,5,0
285000000,0,5,5,0
286000000,0,5,5,0
287000000,0,5,5,0
288000000,0,5,5,0
289000000,0,5,5,0
290000000,0,5,5,0
291000000,0,5,5,0
292000000,0,5,5,0
293000000,0,5,5,0
294000000,0,5,5,0
295000000,0,5,5,0
296000000,0,5,5,0
297000000,0,5,5,0
298000000,0,5,5,0
299000000,0,5,5,0
300000000,0,5,5,0
301000000,0,5,5,0
302000000,0,5,5,0
303000000,0,5,5,0
304000000,0,5,5,0
305000000,0,5,5,0
306000000,0,5,5,0
307000000,0,5,5,0
308000000,0,5,5,0
309000000,0,5,5,0
310000000,0,5,5,0
311000000,0,5,5,0
312000000,0,5,5,0
313000000,0,5,5,0
314000000,0,5,5,0
315000000,0,5,5,0
316000000,0,5,5,0
317000000,0,5,5,0
318000000,0,5,5,0
319000000,0,5,5,0
320000000,0,5,5,0
321000000,0,5,5,0
322000000,0,5,5,0
323000000,0,5,5,0
324000000,0,5,5,0
325000000,0,5,5,0
326000000,0,5,5,0
327000000,0,5,5,0
328000000,0,5,5,0
329000000,0,5,5,0
330000000,0,5,5,0
331000000,0,5,5,0
332000000,0,5,5,0
333000000,0,5,5,0
334000000,0,5,5,0
335000000,0,5,5,0
336000000,0,5,5,0
337000000,0,5,5,0
338000000,0,5,5,0
339000000,0,5,5,0
340000000,0,5,5,0
341000000,0,5,5,0
342000000,0,5,5,0
343000000,0,5,5,0
344000000,0,5,5,0
345000000,0,5,5,0
346000000,0,5,5,0
347000000,0,5,5,0
348000000,0,5,5,0
349000000,0,5,5,0
350000000,0,5,5,0
351000000,0,5,5,0
352000000,0,5,5,0
353000000,0,5,5,0
354000000,0,5,5,0
355000000,0,5,5,0
356000000,0,5,5,0
357000000,0,5,5,0
358000000,0,5,5,0
359000000,0,5,5,0
360000000,0,5,5,0
361000000,0,5,5,0
362000000,0,5,5,0
363000000,0,5,5,0
364000000,0,5,5,0
365000000,0,5,5,0
366000000,0,5,5,0
367000000,0,5,5,0
368000000,0,5,5,0
369000000,0,5,5,0
370000000,0,5,5,0
371000000,0,5,5,0
372000000,0,5,5,0
373000000,0,5,5,0
374000000,0,5,5,0
375000000,0,5,5,0
376000000,0,5,5,0
377000000,0,5,5,0
378000000,0,5,5,0
379000000,0,5,5,0
380000000,0,5,5,0
381000000,0,5,5,0
382000000,0,5,5,0
383000000,0,5,5,0
384000000,0,5,5,0
385000000,0,5,5,0
386000000,0,5,5,0
387000000,0,5,5,0
388000000,0,5,5,0
389000000,0,5,5,0
390000000,0,5,5,0
391000000,0,5,5,0
392000000,0,5,5,0
393000000,0,5,5,0
394000000,0,5,5,0
395000000,0,5,5,0
396000000,0,5,5,0
397000000,0,5,5,0
398000000,0,5,5,0
399000000,0,5,5,0
400000000,0,5,5,0
401000000,0,5,5,0
402000000,0,5,5,0
403000000,0,5,5,0
404000000,0,5,5,0
405000000,0,5,5,0
406000000,0,5,5,0
407000000,0,5,5,0
408000000,0,5,5,0
409000000,0,5,5,0
410000000,0,5,5,0
411000000,0,5,5,0
412000000,0,5,5,0
413000000,0,5,5,0
414000000,0,5,5,0
415000000,0,5,5,0
416000000,0,5,5,0
417000000,0,5,5,0
418000000,0,5,5,0
419000000,0,5,5,0
420000000,0,5,5,0
421000000,0,5,5,0
422000000,0,5,5,0
423000000,0,5,5,0
424000000,0,5,5,0
425000000,0,5,5,0
426000000,0,5,5,0
427000000,0,5,5,0
428000000,0,5,5,0
429000000,0,5,5,0
430000000,0,5,5,0
431000000,0,5,5,0
432000000,0,5,5,0
433000000,0,5,5,0
434000000,0,5,5,0
435000000,0,5,5,0
436000000,0,5,5,0
437000000,0,5,5,0
438000000,0,5,5,0
439000000,0,5,5,0
440000000,0,5,5,0
441000000,0,5,5,0
442000000,0,5,5,0
443000000,0,5,5,0
444000000,0,5,5,0
445000000,0,5,5,0
446000000,0,5,5,0
447000000,0,5,5,0
448000000,0,5,5,0
449000000,0,5,5,0
450000000,0,5,5,0
451000000,0,5,5,0
452000000,0,5,5,0
453000000,0,5,5,0
454000000,0,5,5,0
455000000,0,5,5,0
456000000,0,5,5,0
457000000,0,5,5,0
458000000,0,5,5,0
459000000,0,5,5,0
460000000,0,5,5,0
461000000,0,5,5,0
462000000,0,5,5,0
463000000,0,5,5,0
464000000,0,5,5,0
465000000,0,5,5,0
466000000,0,5,5,0
467000000,0,5,5,0
468000000,0,5,5,0
469000000,0,5,5,0
470000000,0,5,5,0
471000000,0,5,5,0
472000000,0,5,5,0
473000000,0,5,5,0
474000000,0,5,5,0
475000000,0,5,5,0
476000000,0,5,5,0
477000000,0,5,5,0
478000000,0,5,5,0
479000000,0,5,5,0
480000000,0,5,5,0
481000000,0,5,5,0
482000000,0,5,5,0
483000000,0,5,5,0
484000000,0,5,5,0
485000000,0,5,5,0
486000000,0,5,5,0
487000000,0,5,5,0
488000000,0,5,5,0
489000000,0,5,5,0
490000000,0,5,5,0
491000000,0,5,5,0
492000000,0,5,5,0
493000000,0,5,5,0
494000000,0,5,5,0
495000000,0,5,5,0
496000000,0,5,5,0
497000000,0,5,5,0
498000000,0,5,5,0
499000000,0,5,5,0
500000000,0,5,5,0
501000000,0,5,5,0
502000000,0,5,5,0
503000000,0,5,5,0
504000000,0,5,5,0
505000000,0,5,5,0
506000000,0,5,5,0
507000000,0,5,5,0
508000000,0,5,5,0
509000000,0,5,5,0
510000000,0,5,5,0
511000000,0,5,5,0
512000000,0,5,5,0
513000000,0,5,5,0
514000000,0,5,5,0
515000000,0,5,5,0
516000000,0,5,5,0
517000000,0,5,5,0
518000000,0,5,5,0
519000000,0,5,5,0
520000000,0,5,5,0
521000000,0,5,5,0
522000000,0,5,5,0
523000000,0,5,5,0
524000000,0,5,5,0
525000000,0,5,5,0
526000000,0,5,5,0
527000000,0,5,5,0
528000000,0,5,5,0
529000000,0,5,5,0
530000000,0,5,5,0
531000000,0,5,5,0
532000000,0,5,5,0
533000000,0,5,5,0
534000000,0,5,5,0
535000000,0,5,5,0
536000000,0,5,5,0
537000000,0,5,5,0
538000000,0,5,5,0
539000000,0,5,5,0
540000000,0,5,5,0
541000000,0,5,5,0
542000000,0,5,5,0
543000000,0,5,5,0
544000000,0,5,5,0
545000000,0,5,5,0
546000000,0,5,5,0
547000000,0,5,5,0
548000000,0,5,5,0
549000000,0,5,5,0
550000000,0,5,5,0
551000000,0,5,5,0
552000000,0,5,5,0
553000000,0,5,5,0
554000000,0,5,5,0
555000000,0,5,5,0
556000000,0,5,5,0
557000000,0,5,5,0
558000000,0,5,5,0
559000000,0,5,5,0
560000000,0,5,5,0
561000000,0,5,5,0
562000000,0,5,5,0
563000000,0,5,5,0
564000000,0,5,5,0
565000000,0,5,5,0
566000000,0,5,5,0
567000000,0,5,5,0
568000000,0,5,5,0
569000000,0,5,5,0
570000000,0,5,5,0
571000000,0,5,5,0
572000000,0,5,5,0
573000000,0,5,5,0
574000000,0,5,5,0
575000000,0,5,5,0
576000000,0,5,5,0
577000000,0,5,5,0
578000000,0,5,5,0
579000000,0,5,5,0
580000000,0,5,5,0
581000000,0,5,5,0
582000000,0,5,5,0
583000000,0,5,5,0
584000000,0,5,5,0
585000000,0,5,5,0
586000000,0,5,5,0
587000000,0,5,5,0
588000000,0,5,5,0
589000000,0,5,5,0
590000000,0,5,5,0
591000000,0,5,5,0
592000000,0,5,5,0
593000000,0,5,5,0
594000000,0,5,5,0
595000000,0,5,5,0
596000000,0,5,5,0
597000000,0,5,5,0
598000000,0,5,5,0
599000000,0,5,5,0
600000000,0,5,5,0
601000000,0,5,5,0
602000000,0,5,5,0
603000000,0,5,5,0
604000000,0,5,5,0
605000000,0,5,5,0
606000000,0,5,5,0
607000000,0,5,5,0
608000000,0,5,5,0
609000000,0,5,5,0
610000000,0,5,5,0
611000000,0,5,5,0
612000000,0,5,5,0
613000000,0,5,5,0
614000000,0,5,5,0
615000000,0,5,5,0
616000000,0,5,5,0
617000000,0,5,5,0
618000000,0,5,5,0
619000000,0,5,5,0
620000000,0,5,5,0
621000000,0,5,5,0
622000000,0,5,5,0
623000000,0,5,5,0
624000000,0,5,5,0
625000000,0,5,5,0
626000000,0,5,5,0
627000000,0,5,5,0
628000000,0,5,5,0
629000000,0,5,5,0
630000000,0,5,5,0
631000000,0,5,5,0
632000000,0,5,5,0
633000000,0,5,5,0
634000000,0,5,5,0
635000000,0,5,5,0
636000000,0,5,5,0
637000000,0,5,5,0
638000000,0,5,5,0
639000000,0,5,5,0
640000000,0,5,5,0
641000000,0,5,5,0
642000000,0,5,5,0
643000000,0,5,5,0
644000000,0,5,5,0
645000000,0,5,5,0
646000000,0,5,5,0
647000000,0,5,5,0
648000000,0,5,5,0
649000000,0,5,5,0
650000000,0,5,5,0
651000000,0,5,5,0
652000000,0,5,5,0
653000000,0,5,5,0
654000000,0,5,5,0
655000000,0,5,5,0
656000000,0,5,5,0
657000000,0,5,5,0
658000000,0,5,5,0
659000000,0,5,5,0
660000000,0,5,5,0
661000000,0,5,5,0
662000000,0,5,5,0
663000000,0,5,5,0
664000000,0,5,5,0
665000000,0,5,5,0
666000000,0,5,5,0
667000000,0,5,5,0
668000000,0,5,5,0
669000000,0,5,5,0
670000000,0,5,5,0
671000000,0,5,5,0
672000000,0,5,5,0
673000000,0,5,5,0
674000000,0,5,5,0
675000000,0,5,5,0
676000000,0,5,5,0
677000000,0,5,5,0
678000000,0,5,5,0
679000000,0,5,5,0
680000000,0,5,5,0
681000000,0,5,5,0
682000000,0,5,5,0
683000000,0,5,5,0
684000000,0,5,5,0
685000000,0,5,5,0
686000000,0,5,5,0
687000000,0,5,5,0
688000000,0,5,5,0
689000000,0,5,5,0
690000000,0,5,5,0
691000000,0,5,5,0
692000000,0,5,5,0
693000000,0,5,5,0
694000000,0,5,5,0
695000000,0,5,5,0
696000000,0,5,5,0
697000000,0,5,5,0
698000000,0,5,5,0
699000000,0,5,5,0
700000000,0,5,5,0
701000000,0,5,5,0
702000000,0,5,5,0
703000000,0,5,5,0
704000000,0,5,5,0
705000000,0,5,5,0
706000000,0,5,5,0
707000000,0,5,5,0
708000000,0,5,5,0
709000000,0,5,5,0
710000000,0,5,5,0
711000000,0,5,5,0
712000000,0,5,5,0
713000000,0,5,5,0
714000000,0,5,5,0
715000000,0,5,5,0
716000000,0,5,5,0
717000000,0,5,5,0
718000000,0,5,5,0
719000000,0,5,5,0
720000000,0,5,5,0
721000000,0,5,5,0
722000000,0,5,5,0
723000000,0,5,5,0
724000000,0,5,5,0
725000000,0,5,5,0
726000000,0,5,5,0
727000000,0,5,5,0
728000000,0,5,5,0
729000000,0,5,5,0
730000000,0,5,5,0
731000000,0,5,5,0
732000000,0,5,5,0
733000000,0,5,5,0
734000000,0,5,5,0
735000000,0,5,5,0
736000000,0,5,5,0
737000000,0,5,5,0
738000000,0,5,5,0
739000000,0,5,5,0
740000000,0,5,5,0
741000000,0,5,5,0
742000000,0,5,5,0
743000000,0,5,5,0
744000000,0,5,5,0
745000000,0,5,5,0
746000000,0,5,5,0
747000000,0,5,5,0
748000000,0,5,5,0
749000000,0,5,5,0
750000000,0,5,5,0
751000000,0,5,5,0
752000000,0,5,5,0
753000000,0,5,5,0
754000000,0,5,5,0
755000000,0,5,5,0
756000000,0,5,5,0
757000000,0,5,5,0
758000000,0,5,5,0
759000000,0,5,5,0
760000000,0,5,5,0
761000000,0,5,5,0
762000000,0,5,5,0
763000000,0,5,5,0
764000000,0,5,5,0
765000000,0,5,5,0
766000000,0,5,5,0
767000000,0,5,5,0
768000000,0,5,5,0
769000000,0,5,5,0
770000000,0,5,5,0
771000000,0,5,5,0
772000000,0,5,5,0
773000000,0,5,5,0
774000000,0,5,5,0
775000000,0,5,5,0
776000000,0,5,5,0
777000000,0,5,5,0
778000000,0,5,5,0
779000000,0,5,5,0
780000000,0,5,5,0
781000000,0,5,5,0
782000000,0,5,5,0
783000000,0,5,5,0
784000000,0,5,5,0
785000000,0,5,5,0
786000000,0,5,5,0
787000000,0,5,5,0
788000000,0,5,5,0
789000000,0,5,5,0
790000000,0,5,5,0
791000000,0,5,5,0
792000000,0,5,5,0
793000000,0,5,5,0
794000000,0,5,5,0
795000000,0,5,5,0
796000000,0,5,5,0
797000000,0,5,5,0
798000000,0,5,5,0
799000000,0,5,5,0
800000000,0,5,5,0
801000000,0,5,5,0
802000000,0,5,5,0
803000000,0,5,5,0
804000000,0,5,5,0
805000000,0,5,5,0
806000000,0,5,5,0
807000000,0,5,5,0
808000000,0,5,5,0
809000000,0,5,5,0
810000000,0,5,5,0
811000000,0,5,5,0
812000000,0,5,5,0
813000000,0,5,5,0
814000000,0,5,5,0
815000000,0,5,5,0
816000000,0,5,5,0
817000000,0,5,5,0
818000000,0,5,5,0
819000000,0,5,5,0
820000000,0,5,5,0
821000000,0,5,5,0
822000000,0,5,5,0
823000000,0,5,5,0
824000000,0,5,5,0
825000000,0,5,5,0
826000000,0,5,5,0
827000000,0,5,5,0
828000000,0,5,5,0
829000000,0,5,5,0
830000000,0,5,5,0
831000000,0,5,5,0
832000000,0,5,5,0
833000000,0,5,5,0
834000000,0,5,5,0
835000000,0,5,5,0
836000000,0,5,5,0
837000000,0,5,5,0
838000000,0,5,5,0
839000000,0,5,5,0
840000000,0,5,5,0
841000000,0,5,5,0
842000000,0,5,5,0
843000000,0,5,5,0
844000000,0,5,5,0
845000000,0,5,5,0
846000000,0,5,5,0
847000000,0,5,5,0
848000000,0,5,5,0
849000000,0,5,5,0
850000000,0,5,5,0
851000000,0,5,5,0
852000000,0,5,5,0
853000000,0,5,5,0
854000000,0,5,5,0
855000000,0,5,5,0
856000000,0,5,5,0
857000000,0,5,5,0
858000000,0,5,5,0
859000000,0,5,5,0
860000000,0,5,5,0
861000000,0,5,5,0
862000000,0,5,5,0
863000000,0,5,5,0
864000000,0,5,5,0
865000000,0,5,5,0
866000000,0,5,5,0
867000000,0,5,5,0
868000000,0,5,5,0
869000000,0,5,5,0
870000000,0,5,5,0
871000000,0,5,5,0
872000000,0,5,5,0
873000000,0,5,5,0
874000000,0,5,5,0
875000000,0,5,5,0
876000000,0,5,5,0
877000000,0,5,5,0
878000000,0,5,5,0
879000000,0,5,5,0
880000000,0,5,5,0
881000000,0,5,5,0
882000000,0,5,5,0
883000000,0,5,5,0
884000000,0,5,5,0
885000000,0,5,5,0
886000000,0,5,5,0
887000000,0,5,5,0
888000000,0,5,5,0
889000000,0,5,5,0
890000000,0,5,5,0
891000000,0,5,5,0
892000000,0,5,5,0
893000000,0,5,5,0
894000000,0,5,5,0
895000000,0,5,5,0
896000000,0,5,5,0
897000000,0,5,5,0
898000000,0,5,5,0
899000000,0,5,5,0
900000000,0,5,5,0
901000000,0,5,5,0
902000000,0,5,5,0
903000000,0,5,5,0
904000000,0,5,5,0
905000000,0,5,5,0
906000000,0,5,5,0
907000000,0,5,5,0
908000000,0,5,5,0
909000000,0,5,5,0
910000000,0,5,5,0
911000000,0,5,5,0
912000000,0,5,5,0
913000000,0,5,5,0
914000000,0,5,5,0
915000000,0,5,5,0
916000000,0,5,5,0
917000000,0,5,5,0
918000000,0,5,5,0
919000000,0,5,5,0
920000000,0,5,5,0
921000000,0,5,5,0
922000000,0,5,5,0
923000000,0,5,5,0
924000000,0,5,5,0
925000000,0,5,5,0
926000000,0,5,5,0
927000000,0,5,5,0
928000000,0,5,5,0
929000000,0,5,5,0
930000000,0,5,5,0
931000000,0,5,5,0
932000000,0,5,5,0
933000000,0,5,5,0
934000000,0,5,5,0
935000000,0,5,5,0
936000000,0,5,5,0
937000000,0,5,5,0
938000000,0,5,5,0
939000000,0,5,5,0
940000000,0,5,5,0
941000000,0,5,5,0
942000000,0,5,5,0
943000000,0,5,5,0
944000000,0,5,5,0
945000000,0,5,5,0
946000000,0,5,5,0
947000000,0,5,5,0
948000000,0,5,5,0
949000000,0,5,5,0
950000000,0,5,5,0
951000000,0,5,5,0
952000000,0,5,5,0
953000000,0,5,5,0
954000000,0,5,5,0
955000000,0,5,5,0
956000000,0,5,5,0
957000000,0,5,5,0
958000000,0,5,5,0
959000000,0,5,5,0
960000000,0,5,5,0
961000000,0,5,5,0
962000000,0,5,5,0
963000000,0,5,5,0
964000000,0,5,5,0
965000000,0,5,5,0
966000000,0,5,5,0
967000000,0,5,5,0
968000000,0,5,5,0
969000000,0,5,5,0
970000000,0,5,5,0
971000000,0,5,5,0
972000000,0,5,5,0
973000000,0,5,5,0
974000000,0,5,5,0
975000000,0,5,5,0
976000000,0,5,5,0
977000000,0,5,5,0
978000000,0,5,5,0
979000000,0,5,5,0
980000000,0,5,5,0
981000000,0,5,5,0
982000000,0,5,5,0
983000000,0,5,5,0
984000000,0,5,5,0
985000000,0,5,5,0
986000000,0,5,5,0
987000000,0,5,5,0
988000000,0,5,5,0
989000000,0,5,5,0
990000000,0,5,5,0
991000000,0,5,5,0
992000000,0,5,5,0
993000000,0,5,5,0
994000000,0,5,5,0
995000000,0,5,5,0
996000000,0,5,5,0
997000000,0,5,5,0
998000000,0,5,5,0
999000000,0,5,5,0
1000000,1,1,5,0
2000000,1,1,5,0
3000000,1,1,5,0
4000000,1,1,5,0
5000000,1,1,5,0
6000000,1,1,5,0
7000000,1,1,5,0
8000000,1,1,5,0
9000000,1,1,5,0
10000000,1,1,5,0
11000000,1,1,5,0
12000000,1,1,5,0
13000000,1,1,5,0
14000000,1,1,5,0
15000000,1,1,5,0
16000000,1,1,5,0
17000000,1,1,5,0
18000000,1,1,5,0
19000000,1,1,5,0
20000000,1,1,5,0
21000000,1,1,5,0
22000000,1,1,5,0
23000000,1,1,5,0
24000000,1,1,5,0
25000000,1,1,5,0
26000000,1,1,5,0
27000000,1,1,5,0
28000000,1,1,5,0
29000000,1,1,5,0
30000000,1,1,5,0
31000000,1,1,5,0
32000000,1,1,5,0
33000000,1,1,5,0
34000000,1,1,5,0
35000000,1,1,5,0
36000000,1,1,5,0
37000000,1,1,5,0
38000000,1,1,5,0
39000000,1,1,5,0
40000000,1,1,5,0
41000000,1,1,5,0
42000000,1,1,5,0
43000000,1,1,5,0
44000000,1,1,5,0
45000000,1,1,5,0
46000000,1,1,5,0
47000000,1,1,5,0
48000000,1,1,5,0
49000000,1,1,5,0
50000000,1,1,5,0
51000000,1,1,5,0
52000000,1,1,5,0
53000000,1,1,5,0
54000000,1,1,5,0
55000000,1,1,5,0
56000000,1,1,5,0
57000000,1,1,5,0
58000000,1,1,5,0
59000000,1,1,5,0
60000000,1,1,5,0
61000000,1,1,5,0
62000000,1,1,5,0
63000000,1,1,5,0
64000000,1,1,5,0
65000000,1,1,5,0
66000000,1,1,5,0
67000000,1,1,5,0
68000000,1,1,5,0
69000000,1,1,5,0
70000000,1,1,5,0
71000000,1,1,5,0
72000000,1,1,5,0
73000000,1,1,5,0
74000000,1,1,5,0
75000000,1,1,5,0
76000000,1,1,5,0
77000000,1,1,5,0
78000000,1,1,5,0
79000000,1,1,5,0
80000000,1,1,5,0
81000000,1,1,5,0
82000000,1,1,5,0
83000000,1,1,5,0
84000000,1,1,5,0
85000000,1,1,5,0
86000000,1,1,5,0
87000000,1,1,5,0
88000000,1,1,5,0
89000000,1,1,5,0
90000000,1,1,5,0
91000000,1,1,5,0
92000000,1,1,5,0
93000000,1,1,5,0
94000000,1,1,5,0
95000000,1,1,5,0
96000000,1,1,5,0
97000000,1,1,5,0
98000000,1,1,5,0
99000000,1,1,5,0
100000000,1,1,5,0
101000000,1,1,5,0
102000000,1,1,5,0
103000000,1,1,5,0
104000000,1,1,5,0
105000000,1,1,5,0
106000000,1,1,5,0
107000000,1,1,5,0
108000000,1,1,5,0
109000000,1,1,5,0
110000000,1,1,5,0
111000000,1,1,5,0
112000000,1,1,5,0
113000000,1,1,5,0
114000000,1,1,5,0
115000000,1,1,5,0
116000000,1,1,5,0
117000000,1,1,5,0
118000000,1,1,5,0
119000000,1,1,5,0
120000000,1,1,5,0
121000000,1,1,5,0
122000000,1,1,5,0
123000000,1,1,5,0
124000000,1,1,5,0
125000000,1,1,5,0
126000000,1,1,5,0
127000000,1,1,5,0
128000000,1,1,5,0
129000000,1,1,5,0
130000000,1,1,5,0
131000000,1,1,5,0
132000000,1,1,5,0
133000000,1,1,5,0
134000000,1,1,5,0
135000000,1,1,5,0
136000000,1,1,5,0
137000000,1,1,5,0
138000000,1,1,5,0
139000000,1,1,5,0
140000000,1,1,5,0
141000000,1,1,5,0
142000000,1,1,5,0
143000000,1,1,5,0
144000000,1,1,5,0
145000000,1,1,5,0
146000000,1,1,5,0
147000000,1,1,5,0
148000000,1,1,5,0
149000000,1,1,5,0
150000000,1,1,5,0
151000000,1,1,5,0
152000000,1,1,5,0
153000000,1,1,5,0
154000000,1,1,5,0
155000000,1,1,5,0
156000000,1,1,5,0
157000000,1,1,5,0
158000000,1,1,5,0
159000000,1,1,5,0
160000000,1,1,5,0
161000000,1,1,5,0
162000000,1,1,5,0
163000000,1,1,5,0
164000000,1,1,5,0
165000000,1,1,5,0
166000000,1,1,5,0
167000000,1,1,5,0
168000000,1,1,5,0
169000000,1,1,5,0
170000000,1,1,5,0
171000000,1,1,5,0
172000000,1,1,5,0
173000000,1,1,5,0
174000000,1,1,5,0
175000000,1,1,5,0
176000000,1,1,5,0
177000000,1,1,5,0
178000000,1,1,5,0
179000000,1,1,5,0
180000000,1,1,5,0
181000000,1,1,5,0
182000000,1,1,5,0
183000000,1,1,5,0
184000000,1,1,5,0
185000000,1,1,5,0
186000000,1,1,5,0
187000000,1,1,5,0
188000000,1,1,5,0
189000000,1,1,5,0
190000000,1,1,5,0
191000000,1,1,5,0
192000000,1,1,5,0
193000000,1,1,5,0
194000000,1,1,5,0
195000000,1,1,5,0
196000000,1,1,5,0
197000000,1,1,5,0
198000000,1,1,5,0
199000000,1,1,5,0
200000000,1,1,5,0
201000000,1,1,5,0
202000000,1,1,5,0
203000000,1,1,5,0
204000000,1,1,5,0
205000000,1,1,5,0
206000000,1,1,5,0
207000000,1,1,5,0
208000000,1,1,5,0
209000000,1,1,5,0
210000000,1,1,5,0
211000000,1,1,5,0
212000000,1,1,5,0
213000000,1,1,5,0
214000000,1,1,5,0
215000000,1,1,5,0
216000000,1,1,5,0
217000000,1,1,5,0
218000000,1,1,5,0
219000000,1,1,5,0
220000000,1,1,5,0
221000000,1,1,5,0
222000000,1,1,5,0
223000000,1,1,5,0
224000000,1,1,5,0
225000000,1,1,5,0
226000000,1,1,5,0
227000000,1,1,5,0
228000000,1,1,5,0
229000000,1,1,5,0
230000000,1,1,5,0
231000000,1,1,5,0
232000000,1,1,5,0
233000000,1,1,5,0
234000000,1,1,5,0
235000000,1,1,5,0
236000000,1,1,5,0
237000000,1,1,5,0
238000000,1,1,5,0
239000000,1,1,5,0
240000000,1,1,5,0
241000000,1,1,5,0
242000000,1,1,5,0
243000000,1,1,5,0
244000000,1,1,5,0
245000000,1,1,5,0
246000000,1,1,5,0
247000000,1,1,5,0
248000000,1,1,5,0
249000000,1,1,5,0
250000000,1,1,5,0
251000000,1,1,5,0
252000000,1,1,5,0
253000000,1,1,5,0
254000000,1,1,5,0
255000000,1,1,5,0
256000000,1,1,5,0
257000000,1,1,5,0
258000000,1,1,5,0
259000000,1,1,5,0
260000000,1,1,5,0
261000000,1,1,5,0
262000000,1,1,5,0
263000000,1,1,5,0
264000000,1,1,5,0
265000000,1,1,5,0
266000000,1,1,5,0
267000000,1,1,5,0
268000000,1,1,5,0
269000000,1,1,5,0
270000000,1,1,5,0
271000000,1,1,5,0
272000000,1,1,5,0
273000000,1,1,5,0
274000000,1,1,5,0
275000000,1,1,5,0
276000000,1,1,5,0
277000000,1,1,5,0
278000000,1,1,5,0
279000000,1,1,5,0
280000000,1,1,5,0
281000000,1,1,5,0
282000000,1,1,5,0
283000000,1,1,5,0
284000000,1,1,5,0
285000000,1,1,5,0
286000000,1,1,5,0
287000000,1,1,5,0
288000000,1,1,5,0
289000000,1,1,5,0
290000000,1,1,5,0
291000000,1,1,5,0
292000000,1,1,5,0
293000000,1,1,5,0
294000000,1,1,5,0
295000000,1,1,5,0
296000000,1,1,5,0
297000000,1,1,5,0
298000000,1,1,5,0
299000000,1,1,5,0
300000000,1,1,5,0
301000000,1,1,5,0
302000000,1,1,5,0
303000000,1,1,5,0
304000000,1,1,5,0
305000000,1,1,5,0
306000000,1,1,5,0
307000000,1,1,5,0
308000000,1,1,5,0
309000000,1,1,5,0
310000000,1,1,5,0
311000000,1,1,5,0
312000000,1,1,5,0
313000000,1,1,5,0
314000000,1,1,5,0
315000000,1,1,5,0
316000000,1,1,5,0
317000000,1,1,5,0
318000000,1,1,5,0
319000000,1,1,5,0
320000000,1,1,5,0
321000000,1,1,5,0
322000000,1,1,5,0
323000000,1,1,5,0
324000000,1,1,5,0
325000000,1,1,5,0
326000000,1,1,5,0
327000000,1,1,5,0
328000000,1,1,5,0
329000000,1,1,5,0
330000000,1,1,5,0
331000000,1,1,5,0
332000000,1,1,5,0
333000000,1,1,5,0
334000000,1,1,5,0
335000000,1,1,5,0
336000000,1,1,5,0
337000000,1,1,5,0
338000000,1,1,5,0
339000000,1,1,5,0
340000000,1,1,5,0
341000000,1,1,5,0
342000000,1,1,5,0
343000000,1,1,5,0
344000000,1,1,5,0
345000000,1,1,5,0
346000000,1,1,5,0
347000000,1,1,5,0
348000000,1,1,5,0
349000000,1,1,5,0
350000000,1,1,5,0
351000000,1,1,5,0
352000000,1,1,5,0
353000000,1,1,5,0
354000000,1,1,5,0
355000000,1,1,5,0
356000000,1,1,5,0
357000000,1,1,5,0
358000000,1,1,5,0
359000000,1,1,5,0
360000000,1,1,5,0
361000000,1,1,5,0
362000000,1,1,5,0
363000000,1,1,5,0
364000000,1,1,5,0
365000000,1,1,5,0
366000000,1,1,5,0
367000000,1,1,5,0
368000000,1,1,5,0
369000000,1,1,5,0
370000000,1,1,5,0
371000000,1,1,5,0
372000000,1,1,5,0
373000000,1,1,5,0
374000000,1,1,5,0
375000000,1,1,5,0
376000000,1,1,5,0
377000000,1,1,5,0
378000000,1,1,5,0
379000000,1,1,5,0
380000000,1,1,5,0
381000000,1,1,5,0
382000000,1,1,5,0
383000000,1,1,5,0
384000000,1,1,5,0
385000000,1,1,5,0
386000000,1,1,5,0
387000000,1,1,5,0
388000000,1,1,5,0
389000000,1,1,5,0
390000000,1,1,5,0
391000000,1,1,5,0
392000000,1,1,5,0
393000000,1,1,5,0
394000000,1,1,5,0
395000000,1,1,5,0
396000000,1,1,5,0
397000000,1,1,5,0
398000000,1,1,5,0
399000000,1,1,5,0
400000000,1,1,5,0
401000000,1,1,5,0
402000000,1,1,5,0
403000000,1,1,5,0
404000000,1,1,5,0
405000000,1,1,5,0
406000000,1,1,5,0
407000000,1,1,5,0
408000000,1,1,5,0
409000000,1,1,5,0
410000000,1,1,5,0
411000000,1,1,5,0
412000000,1,1,5,0
413000000,1,1,5,0
414000000,1,1,5,0
415000000,1,1,5,0
416000000,1,1,5,0
417000000,1,1,5,0
418000000,1,1,5,0
419000000,1,1,5,0
420000000,1,1,5,0
421000000,1,1,5,0
422000000,1,1,5,0
423000000,1,1,5,0
424000000,1,1,5,0
425000000,1,1,5,0
426000000,1,1,5,0
427000000,1,1,5,0
428000000,1,1,5,0
429000000,1,1,5,0
430000000,1,1,5,0
431000000,1,1,5,0
432000000,1,1,5,0
433000000,1,1,5,0
434000000,1,1,5,0
435000000,1,1,5,0
436000000,1,1,5,0
437000000,1,1,5,0
438000000,1,1,5,0
439000000,1,1,5,0
440000000,1,1,5,0
441000000,1,1,5,0
442000000,1,1,5,0
443000000,1,1,5,0
444000000,1,1,5,0
445000000,1,1,5,0
446000000,1,1,5,0
447000000,1,1,5,0
448000000,1,1,5,0
449000000,1,1,5,0
450000000,1,1,5,0
451000000,1,1,5,0
452000000,1,1,5,0
453000000,1,1,5,0
454000000,1,1,5,0
455000000,1,1,5,0
456000000,1,1,5,0
457000000,1,1,5,0
458000000,1,1,5,0
459000000,1,1,5,0
460000000,1,1,5,0
461000000,1,1,5,0
462000000,1,1,5,0
463000000,1,1,5,0
464000000,1,1,5,0
465000000,1,1,5,0
466000000,1,1,5,0
467000000,1,1,5,0
468000000,1,1,5,0
469000000,1,1,5,0
470000000,1,1,5,0
471000000,1,1,5,0
472000000,1,1,5,0
473000000,1,1,5,0
474000000,1,1,5,0
475000000,1,1,5,0
476000000,1,1,5,0
477000000,1,1,5,0
478000000,1,1,5,0
479000000,1,1,5,0
480000000,1,1,5,0
481000000,1,1,5,0
482000000,1,1,5,0
483000000,1,1,5,0
484000000,1,1,5,0
485000000,1,1,5,0
486000000,1,1,5,0
487000000,1,1,5,0
488000000,1,1,5,0
489000000,1,1,5,0
490000000,1,1,5,0
491000000,1,1,5,0
492000000,1,1,5,0
493000000,1,1,5,0
494000000,1,1,5,0
495000000,1,1,5,0
496000000,1,1,5,0
497000000,1,1,5,0
498000000,1,1,5,0
499000000,1,1,5,0
500000000,1,1,5,0
501000000,1,1,5,0
502000000,1,1,5,0
503000000,1,1,5,0
504000000,1,1,5,0
505000000,1,1,5,0
506000000,1,1,5,0
507000000,1,1,5,0
508000000,1,1,5,0
509000000,1,1,5,0
510000000,1,1,5,0
511000000,1,1,5,0
512000000,1,1,5,0
513000000,1,1,5,0
514000000,1,1,5,0
515000000,1,1,5,0
516000000,1,1,5,0
517000000,1,1,5,0
518000000,1,1,5,0
519000000,1,1,5,0
520000000,1,1,5,0
521000000,1,1,5,0
522000000,1,1,5,0
523000000,1,1,5,0
524000000,1,1,5,0
525000000,1,1,5,0
526000000,1,1,5,0
527000000,1,1,5,0
528000000,1,1,5,0
529000000,1,1,5,0
530000000,1,1,5,0
531000000,1,1,5,0
532000000,1,1,5,0
533000000,1,1,5,0
534000000,1,1,5,0
535000000,1,1,5,0
536000000,1,1,5,0
537000000,1,1,5,0
538000000,1,1,5,0
539000000,1,1,5,0
540000000,1,1,5,0
541000000,1,1,5,0
542000000,1,1,5,0
543000000,1,1,5,0
544000000,1,1,5,0
545000000,1,1,5,0
546000000,1,1,5,0
547000000,1,1,5,0
548000000,1,1,5,0
549000000,1,1,5,0
550000000,1,1,5,0
551000000,1,1,5,0
552000000,1,1,5,0
553000000,1,1,5,0
554000000,1,1,5,0
555000000,1,1,5,0
556000000,1,1,5,0
557000000,1,1,5,0
558000000,1,1,5,0
559000000,1,1,5,0
560000000,1,1,5,0
561000000,1,1,5,0
562000000,1,1,5,0
563000000,1,1,5,0
564000000,1,1,5,0
565000000,1,1,5,0
566000000,1,1,5,0
567000000,1,1,5,0
568000000,1,1,5,0
569000000,1,1,5,0
570000000,1,1,5,0
571000000,1,1,5,0
572000000,1,1,5,0
573000000,1,1,5,0
574000000,1,1,5,0
575000000,1,1,5,0
576000000,1,1,5,0
577000000,1,1,5,0
578000000,1,1,5,0
579000000,1,1,5,0
580000000,1,1,5,0
581000000,1,1,5,0
582000000,1,1,5,0
583000000,1,1,5,0
584000000,1,1,5,0
585000000,1,1,5,0
586000000,1,1,5,0
587000000,1,1,5,0
588000000,1,1,5,0
589000000,1,1,5,0
590000000,1,1,5,0
591000000,1,1,5,0
592000000,1,1,5,0
593000000,1,1,5,0
594000000,1,1,5,0
595000000,1,1,5,0
596000000,1,1,5,0
597000000,1,1,5,0
598000000,1,1,5,0
599000000,1,1,5,0
600000000,1,1,5,0
601000000,1,1,5,0
602000000,1,1,5,0
603000000,1,1,5,0
604000000,1,1,5,0
605000000,1,1,5,0
606000000,1,1,5,0
607000000,1,1,5,0
608000000,1,1,5,0
609000000,1,1,5,0
610000000,1,1,5,0
611000000,1,1,5,0
612000000,1,1,5,0
613000000,1,1,5,0
614000000,1,1,5,0
615000000,1,1,5,0
616000000,1,1,5,0
617000000,1,1,5,0
618000000,1,1,5,0
619000000,1,1,5,0
620000000,1,1,5,0
621000000,1,1,5,0
622000000,1,1,5,0
623000000,1,1,5,0
624000000,1,1,5,0
625000000,1,1,5,0
626000000,1,1,5,0
627000000,1,1,5,0
628000000,1,1,5,0
629000000,1,1,5,0
630000000,1,1,5,0
631000000,1,1,5,0
632000000,1,1,5,0
633000000,1,1,5,0
634000000,1,1,5,0
635000000,1,1,5,0
636000000,1,1,5,0
637000000,1,1,5,0
638000000,1,1,5,0
639000000,1,1,5,0
640000000,1,1,5,0
641000000,1,1,5,0
642000000,1,1,5,0
643000000,1,1,5,0
644000000,1,1,5,0
645000000,1,1,5,0
646000000,1,1,5,0
647000000,1,1,5,0
648000000,1,1,5,0
649000000,1,1,5,0
650000000,1,1,5,0
651000000,1,1,5,0
652000000,1,1,5,0
653000000,1,1,5,0
654000000,1,1,5,0
655000000,1,1,5,0
656000000,1,1,5,0
657000000,1,1,5,0
658000000,1,1,5,0
659000000,1,1,5,0
660000000,1,1,5,0
661000000,1,1,5,0
662000000,1,1,5,0
663000000,1,1,5,0
664000000,1,1,5,0
665000000,1,1,5,0
666000000,1,1,5,0
667000000,1,1,5,0
668000000,1,1,5,0
669000000,1,1,5,0
670000000,1,1,5,0
671000000,1,1,5,0
672000000,1,1,5,0
673000000,1,1,5,0
674000000,1,1,5,0
675000000,1,1,5,0
676000000,1,1,5,0
677000000,1,1,5,0
678000000,1,1,5,0
679000000,1,1,5,0
680000000,1,1,5,0
681000000,1,1,5,0
682000000,1,1,5,0
683000000,1,1,5,0
684000000,1,1,5,0
685000000,1,1,5,0
686000000,1,1,5,0
687000000,1,1,5,0
688000000,1,1,5,0
689000000,1,1,5,0
690000000,1,1,5,0
691000000,1,1,5,0
692000000,1,1,5,0
693000000,1,1,5,0
694000000,1,1,5,0
695000000,1,1,5,0
696000000,1,1,5,0
697000000,1,1,5,0
698000000,1,1,5,0
699000000,1,1,5,0
700000000,1,1,5,0
701000000,1,1,5,0
702000000,1,1,5,0
703000000,1,1,5,0
704000000,1,1,5,0
705000000,1,1,5,0
706000000,1,1,5,0
707000000,1,1,5,0
708000000,1,1,5,0
709000000,1,1,5,0
710000000,1,1,5,0
711000000,1,1,5,0
712000000,1,1,5,0
713000000,1,1,5,0
714000000,1,1,5,0
715000000,1,1,5,0
716000000,1,1,5,0
717000000,1,1,5,0
718000000,1,1,5,0
719000000,1,1,5,0
720000000,1,1,5,0
721000000,1,1,5,0
722000000,1,1,5,0
723000000,1,1,5,0
724000000,1,1,5,0
725000000,1,1,5,0
726000000,1,1,5,0
727000000,1,1,5,0
728000000,1,1,5,0
729000000,1,1,5,0
730000000,1,1,5,0
731000000,1,1,5,0
732000000,1,1,5,0
733000000,1,1,5,0
734000000,1,1,5,0
735000000,1,1,5,0
736000000,1,1,5,0
737000000,1,1,5,0
738000000,1,1,5,0
739000000,1,1,5,0
740000000,1,1,5,0
741000000,1,1,5,0
742000000,1,1,5,0
743000000,1,1,5,0
744000000,1,1,5,0
745000000,1,1,5,0
746000000,1,1,5,0
747000000,1,1,5,0
748000000,1,1,5,0
749000000,1,1,5,0
750000000,1,1,5,0
751000000,1,1,5,0
752000000,1,1,5,0
753000000,1,1,5,0
754000000,1,1,5,0
755000000,1,1,5,0
756000000,1,1,5,0
757000000,1,1,5,0
758000000,1,1,5,0
759000000,1,1,5,0
760000000,1,1,5,0
761000000,1,1,5,0
762000000,1,1,5,0
763000000,1,1,5,0
764000000,1,1,5,0
765000000,1,1,5,0
766000000,1,1,5,0
767000000,1,1,5,0
768000000,1,1,5,0
769000000,1,1,5,0
770000000,1,1,5,0
771000000,1,1,5,0
772000000,1,1,5,0
773000000,1,1,5,0
774000000,1,1,5,0
775000000,1,1,5,0
776000000,1,1,5,0
777000000,1,1,5,0
778000000,1,1,5,0
779000000,1,1,5,0
780000000,1,1,5,0
781000000,1,1,5,0
782000000,1,1,5,0
783000000,1,1,5,0
784000000,1,1,5,0
785000000,1,1,5,0
786000000,1,1,5,0
787000000,1,1,5,0
788000000,1,1,5,0
789000000,1,1,5,0
790000000,1,1,5,0
791000000,1,1,5,0
792000000,1,1,5,0
793000000,1,1,5,0
794000000,1,1,5,0
795000000,1,1,5,0
796000000,1,1,5,0
797000000,1,1,5,0
798000000,1,1,5,0
799000000,1,1,5,0
800000000,1,1,5,0
801000000,1,1,5,0
802000000,1,1,5,0
803000000,1,1,5,0
804000000,1,1,5,0
805000000,1,1,5,0
806000000,1,1,5,0
807000000,1,1,5,0
808000000,1,1,5,0
809000000,1,1,5,0
810000000,1,1,5,0
811000000,1,1,5,0
812000000,1,1,5,0
813000000,1,1,5,0
814000000,1,1,5,0
815000000,1,1,5,0
816000000,1,1,5,0
817000000,1,1,5,0
818000000,1,1,5,0
819000000,1,1,5,0
820000000,1,1,5,0
821000000,1,1,5,0
822000000,1,1,5,0
823000000,1,1,5,0
824000000,1,1,5,0
825000000,1,1,5,0
826000000,1,1,5,0
827000000,1,1,5,0
828000000,1,1,5,0
829000000,1,1,5,0
830000000,1,1,5,0
831000000,1,1,5,0
832000000,1,1,5,0
833000000,1,1,5,0
834000000,1,1,5,0
835000000,1,1,5,0
836000000,1,1,5,0
837000000,1,1,5,0
838000000,1,1,5,0
839000000,1,1,5,0
840000000,1,1,5,0
841000000,1,1,5,0
842000000,1,1,5,0
843000000,1,1,5,0
844000000,1,1,5,0
845000000,1,1,5,0
846000000,1,1,5,0
847000000,1,1,5,0
848000000,1,1,5,0
849000000,1,1,5,0
850000000,1,1,5,0
851000000,1,1,5,0
852000000,1,1,5,0
853000000,1,1,5,0
854000000,1,1,5,0
855000000,1,1,5,0
856000000,1,1,5,0
857000000,1,1,5,0
858000000,1,1,5,0
859000000,1,1,5,0
860000000,1,1,5,0
861000000,1,1,5,0
862000000,1,1,5,0
863000000,1,1,5,0
864000000,1,1,5,0
865000000,1,1,5,0
866000000,1,1,5,0
867000000,1,1,5,0
868000000,1,1,5,0
869000000,1,1,5,0
870000000,1,1,5,0
871000000,1,1,5,0
872000000,1,1,5,0
873000000,1,1,5,0
874000000,1,1,5,0
875000000,1,1,5,0
876000000,1,1,5,0
877000000,1,1,5,0
878000000,1,1,5,0
879000000,1,1,5,0
880000000,1,1,5,0
881000000,1,1,5,0
882000000,1,1,5,0
883000000,1,1,5,0
884000000,1,1,5,0
885000000,1,1,5,0
886000000,1,1,5,0
887000000,1,1,5,0
888000000,1,1,5,0
889000000,1,1,5,0
890000000,1,1,5,0
891000000,1,1,5,0
892000000,1,1,5,0
893000000,1,1,5,0
894000000,1,1,5,0
895000000,1,1,5,0
896000000,1,1,5,0
897000000,1,1,5,0
898000000,1,1,5,0
899000000,1,1,5,0
900000000,1,1,5,0
901000000,1,1,5,0
902000000,1,1,5,0
903000000,1,1,5,0
904000000,1,1,5,0
905000000,1,1,5,0
906000000,1,1,5,0
907000000,1,1,5,0
908000000,1,1,5,0
909000000,1,1,5,0
910000000,1,1,5,0
911000000,1,1,5,0
912000000,1,1,5,0
913000000,1,1,5,0
914000000,1,1,5,0
915000000,1,1,5,0
916000000,1,1,5,0
917000000,1,1,5,0
918000000,1,1,5,0
919000000,1,1,5,0
920000000,1,1,5,0
921000000,1,1,5,0
922000000,1,1,5,0
923000000,1,1,5,0
924000000,1,1,5,0
925000000,1,1,5,0
926000000,1,1,5,0
927000000,1,1,5,0
928000000,1,1,5,0
929000000,1,1,5,0
930000000,1,1,5,0
931000000,1,1,5,0
932000000,1,1,5,0
933000000,1,1,5,0
934000000,1,1,5,0
935000000,1,1,5,0
936000000,1,1,5,0
937000000,1,1,5,0
938000000,1,1,5,0
939000000,1,1,5,0
940000000,1,1,5,0
941000000,1,1,5,0
942000000,1,1,5,0
943000000,1,1,5,0
944000000,1,1,5,0
945000000,1,1,5,0
946000000,1,1,5,0
947000000,1,1,5,0
948000000,1,1,5,0
949000000,1,1,5,0
950000000,1,1,5,0
951000000,1,1,5,0
952000000,1,1,5,0
953000000,1,1,5,0
954000000,1,1,5,0
955000000,1,1,5,0
956000000,1,1,5,0
957000000,1,1,5,0
958000000,1,1,5,0
959000000,1,1,5,0
960000000,1,1,5,0
961000000,1,1,5,0
962000000,1,1,5,0
963000000,1,1,5,0
964000000,1,1,5,0
965000000,1,1,5,0
966000000,1,1,5,0
967000000,1,1,5,0
968000000,1,1,5,0
969000000,1,1,5,0
970000000,1,1,5,0
971000000,1,1,5,0
972000000,1,1,5,0
973000000,1,1,5,0
974000000,1,1,5,0
975000000,1,1,5,0
976000000,1,1,5,0
977000000,1,1,5,0
978000000,1,1,5,0
979000000,1,1,5,0
980000000,1,1,5,0
981000000,1,1,5,0
982000000,1,1,5,0
983000000,1,1,5,0
984000000,1,1,5,0
985000000,1,1,5,0
986000000,1,1,5,0
987000000,1,1,5,0
988000000,1,1,5,0
989000000,1,1,5,0
990000000,1,1,5,0
991000000,1,1,5,0
992000000,1,1,5,0
993000000,1,1,5,0
994000000,1,1,5,0
995000000,1,1,5,0
996000000,1,1,5,0
997000000,1,1,5,0
998000000,1,1,5,0
999000000,1,1,5,0
1000000,1,2,5,0
2000000,1,2,5,0
3000000,1,2,5,0
4000000,1,2,5,0
5000000,1,2,5,0
6000000,1,2,5,0
7000000,1,2,5,0
8000000,1,2,5,0
9000000,1,2,5,0
10000000,1,2,5,0
11000000,1,2,5,0
12000000,1,2,5,0
13000000,1,2,5,0
14000000,1,2,5,0
15000000,1,2,5,0
16000000,1,2,5,0
17000000,1,2,5,0
18000000,1,2,5,0
19000000,1,2,5,0
20000000,1,2,5,0
21000000,1,2,5,0
22000000,1,2,5,0
23000000,1,2,5,0
24000000,1,2,5,0
25000000,1,2,5,0
26000000,1,2,5,0
27000000,1,2,5,0
28000000,1,2,5,0
29000000,1,2,5,0
30000000,1,2,5,0
31000000,1,2,5,0
32000000,1,2,5,0
33000000,1,2,5,0
34000000,1,2,5,0
35000000,1,2,5,0
36000000,1,2,5,0
37000000,1,2,5,0
38000000,1,2,5,0
39000000,1,2,5,0
40000000,1,2,5,0
41000000,1,2,5,0
42000000,1,2,5,0
43000000,1,2,5,0
44000000,1,2,5,0
45000000,1,2,5,0
46000000,1,2,5,0
47000000,1,2,5,0
48000000,1,2,5,0
49000000,1,2,5,0
50000000,1,2,5,0
51000000,1,2,5,0
52000000,1,2,5,0
53000000,1,2,5,0
54000000,1,2,5,0
55000000,1,2,5,0
56000000,1,2,5,0
57000000,1,2,5,0
58000000,1,2,5,0
59000000,1,2,5,0
60000000,1,2,5,0
61000000,1,2,5,0
62000000,1,2,5,0
63000000,1,2,5,0
64000000,1,2,5,0
65000000,1,2,5,0
66000000,1,2,5,0
67000000,1,2,5,0
68000000,1,2,5,0
69000000,1,2,5,0
70000000,1,2,5,0
71000000,1,2,5,0
72000000,1,2,5,0
73000000,1,2,5,0
74000000,1,2,5,0
75000000,1,2,5,0
76000000,1,2,5,0
77000000,1,2,5,0
78000000,1,2,5,0
79000000,1,2,5,0
80000000,1,2,5,0
81000000,1,2,5,0
82000000,1,2,5,0
83000000,1,2,5,0
84000000,1,2,5,0
85000000,1,2,5,0
86000000,1,2,5,0
87000000,1,2,5,0
88000000,1,2,5,0
89000000,1,2,5,0
90000000,1,2,5,0
91000000,1,2,5,0
92000000,1,2,5,0
93000000,1,2,5,0
94000000,1,2,5,0
95000000,1,2,5,0
96000000,1,2,5,0
97000000,1,2,5,0
98000000,1,2,5,0
99000000,1,2,5,0
100000000,1,2,5,0
101000000,1,2,5,0
102000000,1,2,5,0
103000000,1,2,5,0
104000000,1,2,5,0
105000000,1,2,5,0
106000000,1,2,5,0
107000000,1,2,5,0
108000000,1,2,5,0
109000000,1,2,5,0
110000000,1,2,5,0
111000000,1,2,5,0
112000000,1,2,5,0
113000000,1,2,5,0
114000000,1,2,5,0
115000000,1,2,5,0
116000000,1,2,5,0
117000000,1,2,5,0
118000000,1,2,5,0
119000000,1,2,5,0
120000000,1,2,5,0
121000000,1,2,5,0
122000000,1,2,5,0
123000000,1,2,5,0
124000000,1,2,5,0
125000000,1,2,5,0
126000000,1,2,5,0
127000000,1,2,5,0
128000000,1,2,5,0
129000000,1,2,5,0
130000000,1,2,5,0
131000000,1,2,5,0
132000000,1,2,5,0
133000000,1,2,5,0
134000000,1,2,5,0
135000000,1,2,5,0
136000000,1,2,5,0
137000000,1,2,5,0
138000000,1,2,5,0
139000000,1,2,5,0
140000000,1,2,5,0
141000000,1,2,5,0
142000000,1,2,5,0
143000000,1,2,5,0
144000000,1,2,5,0
145000000,1,2,5,0
146000000,1,2,5,0
147000000,1,2,5,0
148000000,1,2,5,0
149000000,1,2,5,0
150000000,1,2,5,0
151000000,1,2,5,0
152000000,1,2,5,0
153000000,1,2,5,0
154000000,1,2,5,0
155000000,1,2,5,0
156000000,1,2,5,0
157000000,1,2,5,0
158000000,1,2,5,0
159000000,1,2,5,0
160000000,1,2,5,0
161000000,1,2,5,0
162000000,1,2,5,0
163000000,1,2,5,0
164000000,1,2,5,0
165000000,1,2,5,0
166000000,1,2,5,0
167000000,1,2,5,0
168000000,1,2,5,0
169000000,1,2,5,0
170000000,1,2,5,0
171000000,1,2,5,0
172000000,1,2,5,0
173000000,1,2,5,0
174000000,1,2,5,0
175000000,1,2,5,0
176000000,1,2,5,0
177000000,1,2,5,0
178000000,1,2,5,0
179000000,1,2,5,0
180000000,1,2,5,0
181000000,1,2,5,0
182000000,1,2,5,0
183000000,1,2,5,0
184000000,1,2,5,0
185000000,1,2,5,0
186000000,1,2,5,0
187000000,1,2,5,0
188000000,1,2,5,0
189000000,1,2,5,0
190000000,1,2,5,0
191000000,1,2,5,0
192000000,1,2,5,0
193000000,1,2,5,0
194000000,1,2,5,0
195000000,1,2,5,0
196000000,1,2,5,0
197000000,1,2,5,0
198000000,1,2,5,0
199000000,1,2,5,0
200000000,1,2,5,0
201000000,1,2,5,0
202000000,1,2,5,0
203000000,1,2,5,0
204000000,1,2,5,0
205000000,1,2,5,0
206000000,1,2,5,0
207000000,1,2,5,0
208000000,1,2,5,0
209000000,1,2,5,0
210000000,1,2,5,0
211000000,1,2,5,0
212000000,1,2,5,0
213000000,1,2,5,0
214000000,1,2,5,0
215000000,1,2,5,0
216000000,1,2,5,0
217000000,1,2,5,0
218000000,1,2,5,0
219000000,1,2,5,0
220000000,1,2,5,0
221000000,1,2,5,0
222000000,1,2,5,0
223000000,1,2,5,0
224000000,1,2,5,0
225000000,1,2,5,0
226000000,1,2,5,0
227000000,1,2,5,0
228000000,1,2,5,0
229000000,1,2,5,0
230000000,1,2,5,0
231000000,1,2,5,0
232000000,1,2,5,0
233000000,1,2,5,0
234000000,1,2,5,0
235000000,1,2,5,0
236000000,1,2,5,0
237000000,1,2,5,0
238000000,1,2,5,0
239000000,1,2,5,0
240000000,1,2,5,0
241000000,1,2,5,0
242000000,1,2,5,0
243000000,1,2,5,0
244000000,1,2,5,0
245000000,1,2,5,0
246000000,1,2,5,0
247000000,1,2,5,0
248000000,1,2,5,0
249000000,1,2,5,0
250000000,1,2,5,0
251000000,1,2,5,0
252000000,1,2,5,0
253000000,1,2,5,0
254000000,1,2,5,0
255000000,1,2,5,0
256000000,1,2,5,0
257000000,1,2,5,0
258000000,1,2,5,0
259000000,1,2,5,0
260000000,1,2,5,0
261000000,1,2,5,0
262000000,1,2,5,0
263000000,1,2,5,0
264000000,1,2,5,0
265000000,1,2,5,0
266000000,1,2,5,0
267000000,1,2,5,0
268000000,1,2,5,0
269000000,1,2,5,0
270000000,1,2,5,0
271000000,1,2,5,0
272000000,1,2,5,0
273000000,1,2,5,0
274000000,1,2,5,0
275000000,1,2,5,0
276000000,1,2,5,0
277000000,1,2,5,0
278000000,1,2,5,0
279000000,1,2,5,0
280000000,1,2,5,0
281000000,1,2,5,0
282000000,1,2,5,0
283000000,1,2,5,0
284000000,1,2,5,0
285000000,1,2,5,0
286000000,1,2,5,0
287000000,1,2,5,0
288000000,1,2,5,0
289000000,1,2,5,0
290000000,1,2,5,0
291000000,1,2,5,0
292000000,1,2,5,0
293000000,1,2,5,0
294000000,1,2,5,0
295000000,1,2,5,0
296000000,1,2,5,0
297000000,1,2,5,0
298000000,1,2,5,0
299000000,1,2,5,0
300000000,1,2,5,0
301000000,1,2,5,0
302000000,1,2,5,0
303000000,1,2,5,0
304000000,1,2,5,0
305000000,1,2,5,0
306000000,1,2,5,0
307000000,1,2,5,0
308000000,1,2,5,0
309000000,1,2,5,0
310000000,1,2,5,0
311000000,1,2,5,0
312000000,1,2,5,0
313000000,1,2,5,0
314000000,1,2,5,0
315000000,1,2,5,0
316000000,1,2,5,0
317000000,1,2,5,0
318000000,1,2,5,0
319000000,1,2,5,0
320000000,1,2,5,0
321000000,1,2,5,0
322000000,1,2,5,0
323000000,1,2,5,0
324000000,1,2,5,0
325000000,1,2,5,0
326000000,1,2,5,0
327000000,1,2,5,0
328000000,1,2,5,0
329000000,1,2,5,0
330000000,1,2,5,0
331000000,1,2,5,0
332000000,1,2,5,0
333000000,1,2,5,0
334000000,1,2,5,0
335000000,1,2,5,0
336000000,1,2,5,0
337000000,1,2,5,0
338000000,1,2,5,0
339000000,1,2,5,0
340000000,1,2,5,0
341000000,1,2,5,0
342000000,1,2,5,0
343000000,1,2,5,0
344000000,1,2,5,0
345000000,1,2,5,0
346000000,1,2,5,0
347000000,1,2,5,0
348000000,1,2,5,0
349000000,1,2,5,0
350000000,1,2,5,0
351000000,1,2,5,0
352000000,1,2,5,0
353000000,1,2,5,0
354000000,1,2,5,0
355000000,1,2,5,0
356000000,1,2,5,0
357000000,1,2,5,0
358000000,1,2,5,0
359000000,1,2,5,0
360000000,1,2,5,0
361000000,1,2,5,0
362000000,1,2,5,0
363000000,1,2,5,0
364000000,1,2,5,0
365000000,1,2,5,0
366000000,1,2,5,0
367000000,1,2,5,0
368000000,1,2,5,0
369000000,1,2,5,0
370000000,1,2,5,0
371000000,1,2,5,0
372000000,1,2,5,0
373000000,1,2,5,0
374000000,1,2,5,0
375000000,1,2,5,0
376000000,1,2,5,0
377000000,1,2,5,0
378000000,1,2,5,0
379000000,1,2,5,0
380000000,1,2,5,0
381000000,1,2,5,0
382000000,1,2,5,0
383000000,1,2,5,0
384000000,1,2,5,0
385000000,1,2,5,0
386000000,1,2,5,0
387000000,1,2,5,0
388000000,1,2,5,0
389000000,1,2,5,0
390000000,1,2,5,0
391000000,1,2,5,0
392000000,1,2,5,0
393000000,1,2,5,0
394000000,1,2,5,0
395000000,1,2,5,0
396000000,1,2,5,0
397000000,1,2,5,0
398000000,1,2,5,0
399000000,1,2,5,0
400000000,1,2,5,0
401000000,1,2,5,0
402000000,1,2,5,0
403000000,1,2,5,0
404000000,1,2,5,0
405000000,1,2,5,0
406000000,1,2,5,0
407000000,1,2,5,0
408000000,1,2,5,0
409000000,1,2,5,0
410000000,1,2,5,0
411000000,1,2,5,0
412000000,1,2,5,0
413000000,1,2,5,0
414000000,1,2,5,0
415000000,1,2,5,0
416000000,1,2,5,0
417000000,1,2,5,0
418000000,1,2,5,0
419000000,1,2,5,0
420000000,1,2,5,0
421000000,1,2,5,0
422000000,1,2,5,0
423000000,1,2,5,0
424000000,1,2,5,0
425000000,1,2,5,0
426000000,1,2,5,0
427000000,1,2,5,0
428000000,1,2,5,0
429000000,1,2,5,0
430000000,1,2,5,0
431000000,1,2,5,0
432000000,1,2,5,0
433000000,1,2,5,0
434000000,1,2,5,0
435000000,1,2,5,0
436000000,1,2,5,0
437000000,1,2,5,0
438000000,1,2,5,0
439000000,1,2,5,0
440000000,1,2,5,0
441000000,1,2,5,0
442000000,1,2,5,0
443000000,1,2,5,0
444000000,1,2,5,0
445000000,1,2,5,0
446000000,1,2,5,0
447000000,1,2,5,0
448000000,1,2,5,0
449000000,1,2,5,0
450000000,1,2,5,0
451000000,1,2,5,0
452000000,1,2,5,0
453000000,1,2,5,0
454000000,1,2,5,0
455000000,1,2,5,0
456000000,1,2,5,0
457000000,1,2,5,0
458000000,1,2,5,0
459000000,1,2,5,0
460000000,1,2,5,0
461000000,1,2,5,0
462000000,1,2,5,0
463000000,1,2,5,0
464000000,1,2,5,0
465000000,1,2,5,0
466000000,1,2,5,0
467000000,1,2,5,0
468000000,1,2,5,0
469000000,1,2,5,0
470000000,1,2,5,0
471000000,1,2,5,0
472000000,1,2,5,0
473000000,1,2,5,0
474000000,1,2,5,0
475000000,1,2,5,0
476000000,1,2,5,0
477000000,1,2,5,0
478000000,1,2,5,0
479000000,1,2,5,0
480000000,1,2,5,0
481000000,1,2,5,0
482000000,1,2,5,0
483000000,1,2,5,0
484000000,1,2,5,0
485000000,1,2,5,0
486000000,1,2,5,0
487000000,1,2,5,0
488000000,1,2,5,0
489000000,1,2,5,0
490000000,1,2,5,0
491000000,1,2,5,0
492000000,1,2,5,0
493000000,1,2,5,0
494000000,1,2,5,0
495000000,1,2,5,0
496000000,1,2,5,0
497000000,1,2,5,0
498000000,1,2,5,0
499000000,1,2,5,0
500000000,1,2,5,0
501000000,1,2,5,0
502000000,1,2,5,0
503000000,1,2,5,0
504000000,1,2,5,0
505000000,1,2,5,0
506000000,1,2,5,0
507000000,1,2,5,0
508000000,1,2,5,0
509000000,1,2,5,0
510000000,1,2,5,0
511000000,1,2,5,0
512000000,1,2,5,0
513000000,1,2,5,0
514000000,1,2,5,0
515000000,1,2,5,0
516000000,1,2,5,0
517000000,1,2,5,0
518000000,1,2,5,0
519000000,1,2,5,0
520000000,1,2,5,0
521000000,1,2,5,0
522000000,1,2,5,0
523000000,1,2,5,0
524000000,1,2,5,0
525000000,1,2,5,0
526000000,1,2,5,0
527000000,1,2,5,0
528000000,1,2,5,0
529000000,1,2,5,0
530000000,1,2,5,0
531000000,1,2,5,0
532000000,1,2,5,0
533000000,1,2,5,0
534000000,1,2,5,0
535000000,1,2,5,0
536000000,1,2,5,0
537000000,1,2,5,0
538000000,1,2,5,0
539000000,1,2,5,0
540000000,1,2,5,0
541000000,1,2,5,0
542000000,1,2,5,0
543000000,1,2,5,0
544000000,1,2,5,0
545000000,1,2,5,0
546000000,1,2,5,0
547000000,1,2,5,0
548000000,1,2,5,0
549000000,1,2,5,0
550000000,1,2,5,0
551000000,1,2,5,0
552000000,1,2,5,0
553000000,1,2,5,0
554000000,1,2,5,0
555000000,1,2,5,0
556000000,1,2,5,0
557000000,1,2,5,0
558000000,1,2,5,0
559000000,1,2,5,0
560000000,1,2,5,0
561000000,1,2,5,0
562000000,1,2,5,0
563000000,1,2,5,0
564000000,1,2,5,0
565000000,1,2,5,0
566000000,1,2,5,0
567000000,1,2,5,0
568000000,1,2,5,0
569000000,1,2,5,0
570000000,1,2,5,0
571000000,1,2,5,0
572000000,1,2,5,0
573000000,1,2,5,0
574000000,1,2,5,0
575000000,1,2,5,0
576000000,1,2,5,0
577000000,1,2,5,0
578000000,1,2,5,0
579000000,1,2,5,0
580000000,1,2,5,0
581000000,1,2,5,0
582000000,1,2,5,0
583000000,1,2,5,0
584000000,1,2,5,0
585000000,1,2,5,0
586000000,1,2,5,0
587000000,1,2,5,0
588000000,1,2,5,0
589000000,1,2,5,0
590000000,1,2,5,0
591000000,1,2,5,0
592000000,1,2,5,0
593000000,1,2,5,0
594000000,1,2,5,0
595000000,1,2,5,0
596000000,1,2,5,0
597000000,1,2,5,0
598000000,1,2,5,0
599000000,1,2,5,0
600000000,1,2,5,0
601000000,1,2,5,0
602000000,1,2,5,0
603000000,1,2,5,0
604000000,1,2,5,0
605000000,1,2,5,0
606000000,1,2,5,0
607000000,1,2,5,0
608000000,1,2,5,0
609000000,1,2,5,0
610000000,1,2,5,0
611000000,1,2,5,0
612000000,1,2,5,0
613000000,1,2,5,0
614000000,1,2,5,0
615000000,1,2,5,0
616000000,1,2,5,0
617000000,1,2,5,0
618000000,1,2,5,0
619000000,1,2,5,0
620000000,1,2,5,0
621000000,1,2,5,0
622000000,1,2,5,0
623000000,1,2,5,0
624000000,1,2,5,0
625000000,1,2,5,0
626000000,1,2,5,0
627000000,1,2,5,0
628000000,1,2,5,0
629000000,1,2,5,0
630000000,1,2,5,0
631000000,1,2,5,0
632000000,1,2,5,0
633000000,1,2,5,0
634000000,1,2,5,0
635000000,1,2,5,0
636000000,1,2,5,0
637000000,1,2,5,0
638000000,1,2,5,0
639000000,1,2,5,0
640000000,1,2,5,0
641000000,1,2,5,0
642000000,1,2,5,0
643000000,1,2,5,0
644000000,1,2,5,0
645000000,1,2,5,0
646000000,1,2,5,0
647000000,1,2,5,0
648000000,1,2,5,0
649000000,1,2,5,0
650000000,1,2,5,0
651000000,1,2,5,0
652000000,1,2,5,0
653000000,1,2,5,0
654000000,1,2,5,0
655000000,1,2,5,0
656000000,1,2,5,0
657000000,1,2,5,0
658000000,1,2,5,0
659000000,1,2,5,0
660000000,1,2,5,0
661000000,1,2,5,0
662000000,1,2,5,0
663000000,1,2,5,0
664000000,1,2,5,0
665000000,1,2,5,0
666000000,1,2,5,0
667000000,1,2,5,0
668000000,1,2,5,0
669000000,1,2,5,0
670000000,1,2,5,0
671000000,1,2,5,0
672000000,1,2,5,0
673000000,1,2,5,0
674000000,1,2,5,0
675000000,1,2,5,0
676000000,1,2,5,0
677000000,1,2,5,0
678000000,1,2,5,0
679000000,1,2,5,0
680000000,1,2,5,0
681000000,1,2,5,0
682000000,1,2,5,0
683000000,1,2,5,0
684000000,1,2,5,0
685000000,1,2,5,0
686000000,1,2,5,0
687000000,1,2,5,0
688000000,1,2,5,0
689000000,1,2,5,0
690000000,1,2,5,0
691000000,1,2,5,0
692000000,1,2,5,0
693000000,1,2,5,0
694000000,1,2,5,0
695000000,1,2,5,0
696000000,1,2,5,0
697000000,1,2,5,0
698000000,1,2,5,0
699000000,1,2,5,0
700000000,1,2,5,0
701000000,1,2,5,0
702000000,1,2,5,0
703000000,1,2,5,0
704000000,1,2,5,0
705000000,1,2,5,0
706000000,1,2,5,0
707000000,1,2,5,0
708000000,1,2,5,0
709000000,1,2,5,0
710000000,1,2,5,0
711000000,1,2,5,0
712000000,1,2,5,0
713000000,1,2,5,0
714000000,1,2,5,0
715000000,1,2,5,0
716000000,1,2,5,0
717000000,1,2,5,0
718000000,1,2,5,0
719000000,1,2,5,0
720000000,1,2,5,0
721000000,1,2,5,0
722000000,1,2,5,0
723000000,1,2,5,0
724000000,1,2,5,0
725000000,1,2,5,0
726000000,1,2,5,0
727000000,1,2,5,0
728000000,1,2,5,0
729000000,1,2,5,0
730000000,1,2,5,0
731000000,1,2,5,0
732000000,1,2,5,0
733000000,1,2,5,0
734000000,1,2,5,0
735000000,1,2,5,0
736000000,1,2,5,0
737000000,1,2,5,0
738000000,1,2,5,0
739000000,1,2,5,0
740000000,1,2,5,0
741000000,1,2,5,0
742000000,1,2,5,0
743000000,1,2,5,0
744000000,1,2,5,0
745000000,1,2,5,0
746000000,1,2,5,0
747000000,1,2,5,0
748000000,1,2,5,0
749000000,1,2,5,0
750000000,1,2,5,0
751000000,1,2,5,0
752000000,1,2,5,0
753000000,1,2,5,0
754000000,1,2,5,0
755000000,1,2,5,0
756000000,1,2,5,0
757000000,1,2,5,0
758000000,1,2,5,0
759000000,1,2,5,0
760000000,1,2,5,0
761000000,1,2,5,0
762000000,1,2,5,0
763000000,1,2,5,0
764000000,1,2,5,0
765000000,1,2,5,0
766000000,1,2,5,0
767000000,1,2,5,0
768000000,1,2,5,0
769000000,1,2,5,0
770000000,1,2,5,0
771000000,1,2,5,0
772000000,1,2,5,0
773000000,1,2,5,0
774000000,1,2,5,0
775000000,1,2,5,0
776000000,1,2,5,0
777000000,1,2,5,0
778000000,1,2,5,0
779000000,1,2,5,0
780000000,1,2,5,0
781000000,1,2,5,0
782000000,1,2,5,0
783000000,1,2,5,0
784000000,1,2,5,0
785000000,1,2,5,0
786000000,1,2,5,0
787000000,1,2,5,0
788000000,1,2,5,0
789000000,1,2,5,0
790000000,1,2,5,0
791000000,1,2,5,0
792000000,1,2,5,0
793000000,1,2,5,0
794000000,1,2,5,0
795000000,1,2,5,0
796000000,1,2,5,0
797000000,1,2,5,0
798000000,1,2,5,0
799000000,1,2,5,0
800000000,1,2,5,0
801000000,1,2,5,0
802000000,1,2,5,0
803000000,1,2,5,0
804000000,1,2,5,0
805000000,1,2,5,0
806000000,1,2,5,0
807000000,1,2,5,0
808000000,1,2,5,0
809000000,1,2,5,0
810000000,1,2,5,0
811000000,1,2,5,0
812000000,1,2,5,0
813000000,1,2,5,0
814000000,1,2,5,0
815000000,1,2,5,0
816000000,1,2,5,0
817000000,1,2,5,0
818000000,1,2,5,0
819000000,1,2,5,0
820000000,1,2,5,0
821000000,1,2,5,0
822000000,1,2,5,0
823000000,1,2,5,0
824000000,1,2,5,0
825000000,1,2,5,0
826000000,1,2,5,0
827000000,1,2,5,0
828000000,1,2,5,0
829000000,1,2,5,0
830000000,1,2,5,0
831000000,1,2,5,0
832000000,1,2,5,0
833000000,1,2,5,0
834000000,1,2,5,0
835000000,1,2,5,0
836000000,1,2,5,0
837000000,1,2,5,0
838000000,1,2,5,0
839000000,1,2,5,0
840000000,1,2,5,0
841000000,1,2,5,0
842000000,1,2,5,0
843000000,1,2,5,0
844000000,1,2,5,0
845000000,1,2,5,0
846000000,1,2,5,0
847000000,1,2,5,0
848000000,1,2,5,0
849000000,1,2,5,0
850000000,1,2,5,0
851000000,1,2,5,0
852000000,1,2,5,0
853000000,1,2,5,0
854000000,1,2,5,0
855000000,1,2,5,0
856000000,1,2,5,0
857000000,1,2,5,0
858000000,1,2,5,0
859000000,1,2,5,0
860000000,1,2,5,0
861000000,1,2,5,0
862000000,1,2,5,0
863000000,1,2,5,0
864000000,1,2,5,0
865000000,1,2,5,0
866000000,1,2,5,0
867000000,1,2,5,0
868000000,1,2,5,0
869000000,1,2,5,0
870000000,1,2,5,0
871000000,1,2,5,0
872000000,1,2,5,0
873000000,1,2,5,0
874000000,1,2,5,0
875000000,1,2,5,0
876000000,1,2,5,0
877000000,1,2,5,0
878000000,1,2,5,0
879000000,1,2,5,0
880000000,1,2,5,0
881000000,1,2,5,0
882000000,1,2,5,0
883000000,1,2,5,0
884000000,1,2,5,0
885000000,1,2,5,0
886000000,1,2,5,0
887000000,1,2,5,0
888000000,1,2,5,0
889000000,1,2,5,0
890000000,1,2,5,0
891000000,1,2,5,0
892000000,1,2,5,0
893000000,1,2,5,0
894000000,1,2,5,0
895000000,1,2,5,0
896000000,1,2,5,0
897000000,1,2,5,0
898000000,1,2,5,0
899000000,1,2,5,0
900000000,1,2,5,0
901000000,1,2,5,0
902000000,1,2,5,0
903000000,1,2,5,0
904000000,1,2,5,0
905000000,1,2,5,0
906000000,1,2,5,0
907000000,1,2,5,0
908000000,1,2,5,0
909000000,1,2,5,0
910000000,1,2,5,0
911000000,1,2,5,0
912000000,1,2,5,0
913000000,1,2,5,0
914000000,1,2,5,0
915000000,1,2,5,0
916000000,1,2,5,0
917000000,1,2,5,0
918000000,1,2,5,0
919000000,1,2,5,0
920000000,1,2,5,0
921000000,1,2,5,0
922000000,1,2,5,0
923000000,1,2,5,0
924000000,1,2,5,0
925000000,1,2,5,0
926000000,1,2,5,0
927000000,1,2,5,0
928000000,1,2,5,0
929000000,1,2,5,0
930000000,1,2,5,0
931000000,1,2,5,0
932000000,1,2,5,0
933000000,1,2,5,0
934000000,1,2,5,0
935000000,1,2,5,0
936000000,1,2,5,0
937000000,1,2,5,0
938000000,1,2,5,0
939000000,1,2,5,0
940000000,1,2,5,0
941000000,1,2,5,0
942000000,1,2,5,0
943000000,1,2,5,0
944000000,1,2,5,0
945000000,1,2,5,0
946000000,1,2,5,0
947000000,1,2,5,0
948000000,1,2,5,0
949000000,1,2,5,0
950000000,1,2,5,0
951000000,1,2,5,0
952000000,1,2,5,0
953000000,1,2,5,0
954000000,1,2,5,0
955000000,1,2,5,0
956000000,1,2,5,0
957000000,1,2,5,0
958000000,1,2,5,0
959000000,1,2,5,0
960000000,1,2,5,0
961000000,1,2,5,0
962000000,1,2,5,0
963000000,1,2,5,0
964000000,1,2,5,0
965000000,1,2,5,0
966000000,1,2,5,0
967000000,1,2,5,0
968000000,1,2,5,0
969000000,1,2,5,0
970000000,1,2,5,0
971000000,1,2,5,0
972000000,1,2,5,0
973000000,1,2,5,0
974000000,1,2,5,0
975000000,1,2,5,0
976000000,1,2,5,0
977000000,1,2,5,0
978000000,1,2,5,0
979000000,1,2,5,0
980000000,1,2,5,0
981000000,1,2,5,0
982000000,1,2,5,0
983000000,1,2,5,0
984000000,1,2,5,0
985000000,1,2,5,0
986000000,1,2,5,0
987000000,1,2,5,0
988000000,1,2,5,0
989000000,1,2,5,0
990000000,1,2,5,0
991000000,1,2,5,0
992000000,1,2,5,0
993000000,1,2,5,0
994000000,1,2,5,0
995000000,1,2,5,0
996000000,1,2,5,0
997000000,1,2,5,0
998000000,1,2,5,0
999000000,1,2,5,0
1000000,1,3,5,0
2000000,1,3,5,0
3000000,1,3,5,0
4000000,1,3,5,0
5000000,1,3,5,0
6000000,1,3,5,0
7000000,1,3,5,0
8000000,1,3,5,0
9000000,1,3,5,0
10000000,1,3,5,0
11000000,1,3,5,0
12000000,1,3,5,0
13000000,1,3,5,0
14000000,1,3,5,0
15000000,1,3,5,0
16000000,1,3,5,0
17000000,1,3,5,0
18000000,1,3,5,0
19000000,1,3,5,0
20000000,1,3,5,0
21000000,1,3,5,0
22000000,1,3,5,0
23000000,1,3,5,0
24000000,1,3,5,0
25000000,1,3,5,0
26000000,1,3,5,0
27000000,1,3,5,0
28000000,1,3,5,0
29000000,1,3,5,0
30000000,1,3,5,0
31000000,1,3,5,0
32000000,1,3,5,0
33000000,1,3,5,0
34000000,1,3,5,0
35000000,1,3,5,0
36000000,1,3,5,0
37000000,1,3,5,0
38000000,1,3,5,0
39000000,1,3,5,0
40000000,1,3,5,0
41000000,1,3,5,0
42000000,1,3,5,0
43000000,1,3,5,0
44000000,1,3,5,0
45000000,1,3,5,0
46000000,1,3,5,0
47000000,1,3,5,0
48000000,1,3,5,0
49000000,1,3,5,0
50000000,1,3,5,0
51000000,1,3,5,0
52000000,1,3,5,0
53000000,1,3,5,0
54000000,1,3,5,0
55000000,1,3,5,0
56000000,1,3,5,0
57000000,1,3,5,0
58000000,1,3,5,0
59000000,1,3,5,0
60000000,1,3,5,0
61000000,1,3,5,0
62000000,1,3,5,0
63000000,1,3,5,0
64000000,1,3,5,0
65000000,1,3,5,0
66000000,1,3,5,0
67000000,1,3,5,0
68000000,1,3,5,0
69000000,1,3,5,0
70000000,1,3,5,0
71000000,1,3,5,0
72000000,1,3,5,0
73000000,1,3,5,0
74000000,1,3,5,0
75000000,1,3,5,0
76000000,1,3,5,0
77000000,1,3,5,0
78000000,1,3,5,0
79000000,1,3,5,0
80000000,1,3,5,0
81000000,1,3,5,0
82000000,1,3,5,0
83000000,1,3,5,0
84000000,1,3,5,0
85000000,1,3,5,0
86000000,1,3,5,0
87000000,1,3,5,0
88000000,1,3,5,0
89000000,1,3,5,0
90000000,1,3,5,0
91000000,1,3,5,0
92000000,1,3,5,0
93000000,1,3,5,0
94000000,1,3,5,0
95000000,1,3,5,0
96000000,1,3,5,0
97000000,1,3,5,0
98000000,1,3,5,0
99000000,1,3,5,0
100000000,1,3,5,0
101000000,1,3,5,0
102000000,1,3,5,0
103000000,1,3,5,0
104000000,1,3,5,0
105000000,1,3,5,0
106000000,1,3,5,0
107000000,1,3,5,0
108000000,1,3,5,0
109000000,1,3,5,0
110000000,1,3,5,0
111000000,1,3,5,0
112000000,1,3,5,0
113000000,1,3,5,0
114000000,1,3,5,0
115000000,1,3,5,0
116000000,1,3,5,0
117000000,1,3,5,0
118000000,1,3,5,0
119000000,1,3,5,0
120000000,1,3,5,0
121000000,1,3,5,0
122000000,1,3,5,0
123000000,1,3,5,0
124000000,1,3,5,0
125000000,1,3,5,0
126000000,1,3,5,0
127000000,1,3,5,0
128000000,1,3,5,0
129000000,1,3,5,0
130000000,1,3,5,0
131000000,1,3,5,0
132000000,1,3,5,0
133000000,1,3,5,0
134000000,1,3,5,0
135000000,1,3,5,0
136000000,1,3,5,0
137000000,1,3,5,0
138000000,1,3,5,0
139000000,1,3,5,0
140000000,1,3,5,0
141000000,1,3,5,0
142000000,1,3,5,0
143000000,1,3,5,0
144000000,1,3,5,0
145000000,1,3,5,0
146000000,1,3,5,0
147000000,1,3,5,0
148000000,1,3,5,0
149000000,1,3,5,0
150000000,1,3,5,0
151000000,1,3,5,0
152000000,1,3,5,0
153000000,1,3,5,0
154000000,1,3,5,0
155000000,1,3,5,0
156000000,1,3,5,0
157000000,1,3,5,0
158000000,1,3,5,0
159000000,1,3,5,0
160000000,1,3,5,0
161000000,1,3,5,0
162000000,1,3,5,0
163000000,1,3,5,0
164000000,1,3,5,0
165000000,1,3,5,0
166000000,1,3,5,0
167000000,1,3,5,0
168000000,1,3,5,0
169000000,1,3,5,0
170000000,1,3,5,0
171000000,1,3,5,0
172000000,1,3,5,0
173000000,1,3,5,0
174000000,1,3,5,0
175000000,1,3,5,0
176000000,1,3,5,0
177000000,1,3,5,0
178000000,1,3,5,0
179000000,1,3,5,0
180000000,1,3,5,0
181000000,1,3,5,0
182000000,1,3,5,0
183000000,1,3,5,0
184000000,1,3,5,0
185000000,1,3,5,0
186000000,1,3,5,0
187000000,1,3,5,0
188000000,1,3,5,0
189000000,1,3,5,0
190000000,1,3,5,0
191000000,1,3,5,0
192000000,1,3,5,0
193000000,1,3,5,0
194000000,1,3,5,0
195000000,1,3,5,0
196000000,1,3,5,0
197000000,1,3,5,0
198000000,1,3,5,0
199000000,1,3,5,0
200000000,1,3,5,0
201000000,1,3,5,0
202000000,1,3,5,0
203000000,1,3,5,0
204000000,1,3,5,0
205000000,1,3,5,0
206000000,1,3,5,0
207000000,1,3,5,0
208000000,1,3,5,0
209000000,1,3,5,0
210000000,1,3,5,0
211000000,1,3,5,0
212000000,1,3,5,0
213000000,1,3,5,0
214000000,1,3,5,0
215000000,1,3,5,0
216000000,1,3,5,0
217000000,1,3,5,0
218000000,1,3,5,0
219000000,1,3,5,0
220000000,1,3,5,0
221000000,1,3,5,0
222000000,1,3,5,0
223000000,1,3,5,0
224000000,1,3,5,0
225000000,1,3,5,0
226000000,1,3,5,0
227000000,1,3,5,0
228000000,1,3,5,0
229000000,1,3,5,0
230000000,1,3,5,0
231000000,1,3,5,0
232000000,1,3,5,0
233000000,1,3,5,0
234000000,1,3,5,0
235000000,1,3,5,0
236000000,1,3,5,0
237000000,1,3,5,0
238000000,1,3,5,0
239000000,1,3,5,0
240000000,1,3,5,0
241000000,1,3,5,0
242000000,1,3,5,0
243000000,1,3,5,0
244000000,1,3,5,0
245000000,1,3,5,0
246000000,1,3,5,0
247000000,1,3,5,0
248000000,1,3,5,0
249000000,1,3,5,0
250000000,1,3,5,0
251000000,1,3,5,0
252000000,1,3,5,0
253000000,1,3,5,0
254000000,1,3,5,0
255000000,1,3,5,0
256000000,1,3,5,0
257000000,1,3,5,0
258000000,1,3,5,0
259000000,1,3,5,0
260000000,1,3,5,0
261000000,1,3,5,0
262000000,1,3,5,0
263000000,1,3,5,0
264000000,1,3,5,0
265000000,1,3,5,0
266000000,1,3,5,0
267000000,1,3,5,0
268000000,1,3,5,0
269000000,1,3,5,0
270000000,1,3,5,0
271000000,1,3,5,0
272000000,1,3,5,0
273000000,1,3,5,0
274000000,1,3,5,0
275000000,1,3,5,0
276000000,1,3,5,0
277000000,1,3,5,0
278000000,1,3,5,0
279000000,1,3,5,0
280000000,1,3,5,0
281000000,1,3,5,0
282000000,1,3,5,0
283000000,1,3,5,0
284000000,1,3,5,0
285000000,1,3,5,0
286000000,1,3,5,0
287000000,1,3,5,0
288000000,1,3,5,0
289000000,1,3,5,0
290000000,1,3,5,0
291000000,1,3,5,0
292000000,1,3,5,0
293000000,1,3,5,0
294000000,1,3,5,0
295000000,1,3,5,0
296000000,1,3,5,0
297000000,1,3,5,0
298000000,1,3,5,0
299000000,1,3,5,0
300000000,1,3,5,0
301000000,1,3,5,0
302000000,1,3,5,0
303000000,1,3,5,0
304000000,1,3,5,0
305000000,1,3,5,0
306000000,1,3,5,0
307000000,1,3,5,0
308000000,1,3,5,0
309000000,1,3,5,0
310000000,1,3,5,0
311000000,1,3,5,0
312000000,1,3,5,0
313000000,1,3,5,0
314000000,1,3,5,0
315000000,1,3,5,0
316000000,1,3,5,0
317000000,1,3,5,0
318000000,1,3,5,0
319000000,1,3,5,0
320000000,1,3,5,0
321000000,1,3,5,0
322000000,1,3,5,0
323000000,1,3,5,0
324000000,1,3,5,0
325000000,1,3,5,0
326000000,1,3,5,0
327000000,1,3,5,0
328000000,1,3,5,0
329000000,1,3,5,0
330000000,1,3,5,0
331000000,1,3,5,0
332000000,1,3,5,0
333000000,1,3,5,0
334000000,1,3,5,0
335000000,1,3,5,0
336000000,1,3,5,0
337000000,1,3,5,0
338000000,1,3,5,0
339000000,1,3,5,0
340000000,1,3,5,0
341000000,1,3,5,0
342000000,1,3,5,0
343000000,1,3,5,0
344000000,1,3,5,0
345000000,1,3,5,0
346000000,1,3,5,0
347000000,1,3,5,0
348000000,1,3,5,0
349000000,1,3,5,0
350000000,1,3,5,0
351000000,1,3,5,0
352000000,1,3,5,0
353000000,1,3,5,0
354000000,1,3,5,0
355000000,1,3,5,0
356000000,1,3,5,0
357000000,1,3,5,0
358000000,1,3,5,0
359000000,1,3,5,0
360000000,1,3,5,0
361000000,1,3,5,0
362000000,1,3,5,0
363000000,1,3,5,0
364000000,1,3,5,0
365000000,1,3,5,0
366000000,1,3,5,0
367000000,1,3,5,0
368000000,1,3,5,0
369000000,1,3,5,0
370000000,1,3,5,0
371000000,1,3,5,0
372000000,1,3,5,0
373000000,1,3,5,0
374000000,1,3,5,0
375000000,1,3,5,0
376000000,1,3,5,0
377000000,1,3,5,0
378000000,1,3,5,0
379000000,1,3,5,0
380000000,1,3,5,0
381000000,1,3,5,0
382000000,1,3,5,0
383000000,1,3,5,0
384000000,1,3,5,0
385000000,1,3,5,0
386000000,1,3,5,0
387000000,1,3,5,0
388000000,1,3,5,0
389000000,1,3,5,0
390000000,1,3,5,0
391000000,1,3,5,0
392000000,1,3,5,0
393000000,1,3,5,0
394000000,1,3,5,0
395000000,1,3,5,0
396000000,1,3,5,0
397000000,1,3,5,0
398000000,1,3,5,0
399000000,1,3,5,0
400000000,1,3,5,0
401000000,1,3,5,0
402000000,1,3,5,0
403000000,1,3,5,0
404000000,1,3,5,0
405000000,1,3,5,0
406000000,1,3,5,0
407000000,1,3,5,0
408000000,1,3,5,0
409000000,1,3,5,0
410000000,1,3,5,0
411000000,1,3,5,0
412000000,1,3,5,0
413000000,1,3,5,0
414000000,1,3,5,0
415000000,1,3,5,0
416000000,1,3,5,0
417000000,1,3,5,0
418000000,1,3,5,0
419000000,1,3,5,0
420000000,1,3,5,0
421000000,1,3,5,0
422000000,1,3,5,0
423000000,1,3,5,0
424000000,1,3,5,0
425000000,1,3,5,0
426000000,1,3,5,0
427000000,1,3,5,0
428000000,1,3,5,0
429000000,1,3,5,0
430000000,1,3,5,0
431000000,1,3,5,0
432000000,1,3,5,0
433000000,1,3,5,0
434000000,1,3,5,0
435000000,1,3,5,0
436000000,1,3,5,0
437000000,1,3,5,0
438000000,1,3,5,0
439000000,1,3,5,0
440000000,1,3,5,0
441000000,1,3,5,0
442000000,1,3,5,0
443000000,1,3,5,0
444000000,1,3,5,0
445000000,1,3,5,0
446000000,1,3,5,0
447000000,1,3,5,0
448000000,1,3,5,0
449000000,1,3,5,0
450000000,1,3,5,0
451000000,1,3,5,0
452000000,1,3,5,0
453000000,1,3,5,0
454000000,1,3,5,0
455000000,1,3,5,0
456000000,1,3,5,0
457000000,1,3,5,0
458000000,1,3,5,0
459000000,1,3,5,0
460000000,1,3,5,0
461000000,1,3,5,0
462000000,1,3,5,0
463000000,1,3,5,0
464000000,1,3,5,0
465000000,1,3,5,0
466000000,1,3,5,0
467000000,1,3,5,0
468000000,1,3,5,0
469000000,1,3,5,0
470000000,1,3,5,0
471000000,1,3,5,0
472000000,1,3,5,0
473000000,1,3,5,0
474000000,1,3,5,0
475000000,1,3,5,0
476000000,1,3,5,0
477000000,1,3,5,0
478000000,1,3,5,0
479000000,1,3,5,0
480000000,1,3,5,0
481000000,1,3,5,0
482000000,1,3,5,0
483000000,1,3,5,0
484000000,1,3,5,0
485000000,1,3,5,0
486000000,1,3,5,0
487000000,1,3,5,0
488000000,1,3,5,0
489000000,1,3,5,0
490000000,1,3,5,0
491000000,1,3,5,0
492000000,1,3,5,0
493000000,1,3,5,0
494000000,1,3,5,0
495000000,1,3,5,0
496000000,1,3,5,0
497000000,1,3,5,0
498000000,1,3,5,0
499000000,1,3,5,0
500000000,1,3,5,0
501000000,1,3,5,0
502000000,1,3,5,0
503000000,1,3,5,0
504000000,1,3,5,0
505000000,1,3,5,0
506000000,1,3,5,0
507000000,1,3,5,0
508000000,1,3,5,0
509000000,1,3,5,0
510000000,1,3,5,0
511000000,1,3,5,0
512000000,1,3,5,0
513000000,1,3,5,0
514000000,1,3,5,0
515000000,1,3,5,0
516000000,1,3,5,0
517000000,1,3,5,0
518000000,1,3,5,0
519000000,1,3,5,0
520000000,1,3,5,0
521000000,1,3,5,0
522000000,1,3,5,0
523000000,1,3,5,0
524000000,1,3,5,0
525000000,1,3,5,0
526000000,1,3,5,0
527000000,1,3,5,0
528000000,1,3,5,0
529000000,1,3,5,0
530000000,1,3,5,0
531000000,1,3,5,0
532000000,1,3,5,0
533000000,1,3,5,0
534000000,1,3,5,0
535000000,1,3,5,0
536000000,1,3,5,0
537000000,1,3,5,0
538000000,1,3,5,0
539000000,1,3,5,0
540000000,1,3,5,0
541000000,1,3,5,0
542000000,1,3,5,0
543000000,1,3,5,0
544000000,1,3,5,0
545000000,1,3,5,0
546000000,1,3,5,0
547000000,1,3,5,0
548000000,1,3,5,0
549000000,1,3,5,0
550000000,1,3,5,0
551000000,1,3,5,0
552000000,1,3,5,0
553000000,1,3,5,0
554000000,1,3,5,0
555000000,1,3,5,0
556000000,1,3,5,0
557000000,1,3,5,0
558000000,1,3,5,0
559000000,1,3,5,0
560000000,1,3,5,0
561000000,1,3,5,0
562000000,1,3,5,0
563000000,1,3,5,0
564000000,1,3,5,0
565000000,1,3,5,0
566000000,1,3,5,0
567000000,1,3,5,0
568000000,1,3,5,0
569000000,1,3,5,0
570000000,1,3,5,0
571000000,1,3,5,0
572000000,1,3,5,0
573000000,1,3,5,0
574000000,1,3,5,0
575000000,1,3,5,0
576000000,1,3,5,0
577000000,1,3,5,0
578000000,1,3,5,0
579000000,1,3,5,0
580000000,1,3,5,0
581000000,1,3,5,0
582000000,1,3,5,0
583000000,1,3,5,0
584000000,1,3,5,0
585000000,1,3,5,0
586000000,1,3,5,0
587000000,1,3,5,0
588000000,1,3,5,0
589000000,1,3,5,0
590000000,1,3,5,0
591000000,1,3,5,0
592000000,1,3,5,0
593000000,1,3,5,0
594000000,1,3,5,0
595000000,1,3,5,0
596000000,1,3,5,0
597000000,1,3,5,0
598000000,1,3,5,0
599000000,1,3,5,0
600000000,1,3,5,0
601000000,1,3,5,0
602000000,1,3,5,0
603000000,1,3,5,0
604000000,1,3,5,0
605000000,1,3,5,0
606000000,1,3,5,0
607000000,1,3,5,0
608000000,1,3,5,0
609000000,1,3,5,0
610000000,1,3,5,0
611000000,1,3,5,0
612000000,1,3,5,0
613000000,1,3,5,0
614000000,1,3,5,0
615000000,1,3,5,0
616000000,1,3,5,0
617000000,1,3,5,0
618000000,1,3,5,0
619000000,1,3,5,0
620000000,1,3,5,0
621000000,1,3,5,0
622000000,1,3,5,0
623000000,1,3,5,0
624000000,1,3,5,0
625000000,1,3,5,0
626000000,1,3,5,0
627000000,1,3,5,0
628000000,1,3,5,0
629000000,1,3,5,0
630000000,1,3,5,0
631000000,1,3,5,0
632000000,1,3,5,0
633000000,1,3,5,0
634000000,1,3,5,0
635000000,1,3,5,0
636000000,1,3,5,0
637000000,1,3,5,0
638000000,1,3,5,0
639000000,1,3,5,0
640000000,1,3,5,0
641000000,1,3,5,0
642000000,1,3,5,0
643000000,1,3,5,0
644000000,1,3,5,0
645000000,1,3,5,0
646000000,1,3,5,0
647000000,1,3,5,0
648000000,1,3,5,0
649000000,1,3,5,0
650000000,1,3,5,0
651000000,1,3,5,0
652000000,1,3,5,0
653000000,1,3,5,0
654000000,1,3,5,0
655000000,1,3,5,0
656000000,1,3,5,0
657000000,1,3,5,0
658000000,1,3,5,0
659000000,1,3,5,0
660000000,1,3,5,0
661000000,1,3,5,0
662000000,1,3,5,0
663000000,1,3,5,0
664000000,1,3,5,0
665000000,1,3,5,0
666000000,1,3,5,0
667000000,1,3,5,0
668000000,1,3,5,0
669000000,1,3,5,0
670000000,1,3,5,0
671000000,1,3,5,0
672000000,1,3,5,0
673000000,1,3,5,0
674000000,1,3,5,0
675000000,1,3,5,0
676000000,1,3,5,0
677000000,1,3,5,0
678000000,1,3,5,0
679000000,1,3,5,0
680000000,1,3,5,0
681000000,1,3,5,0
682000000,1,3,5,0
683000000,1,3,5,0
684000000,1,3,5,0
685000000,1,3,5,0
686000000,1,3,5,0
687000000,1,3,5,0
688000000,1,3,5,0
689000000,1,3,5,0
690000000,1,3,5,0
691000000,1,3,5,0
692000000,1,3,5,0
693000000,1,3,5,0
694000000,1,3,5,0
695000000,1,3,5,0
696000000,1,3,5,0
697000000,1,3,5,0
698000000,1,3,5,0
699000000,1,3,5,0
700000000,1,3,5,0
701000000,1,3,5,0
702000000,1,3,5,0
703000000,1,3,5,0
704000000,1,3,5,0
705000000,1,3,5,0
706000000,1,3,5,0
707000000,1,3,5,0
708000000,1,3,5,0
709000000,1,3,5,0
710000000,1,3,5,0
711000000,1,3,5,0
712000000,1,3,5,0
713000000,1,3,5,0
714000000,1,3,5,0
715000000,1,3,5,0
716000000,1,3,5,0
717000000,1,3,5,0
718000000,1,3,5,0
719000000,1,3,5,0
720000000,1,3,5,0
721000000,1,3,5,0
722000000,1,3,5,0
723000000,1,3,5,0
724000000,1,3,5,0
725000000,1,3,5,0
726000000,1,3,5,0
727000000,1,3,5,0
728000000,1,3,5,0
729000000,1,3,5,0
730000000,1,3,5,0
731000000,1,3,5,0
732000000,1,3,5,0
733000000,1,3,5,0
734000000,1,3,5,0
735000000,1,3,5,0
736000000,1,3,5,0
737000000,1,3,5,0
738000000,1,3,5,0
739000000,1,3,5,0
740000000,1,3,5,0
741000000,1,3,5,0
742000000,1,3,5,0
743000000,1,3,5,0
744000000,1,3,5,0
745000000,1,3,5,0
746000000,1,3,5,0
747000000,1,3,5,0
748000000,1,3,5,0
749000000,1,3,5,0
750000000,1,3,5,0
751000000,1,3,5,0
752000000,1,3,5,0
753000000,1,3,5,0
754000000,1,3,5,0
755000000,1,3,5,0
756000000,1,3,5,0
757000000,1,3,5,0
758000000,1,3,5,0
759000000,1,3,5,0
760000000,1,3,5,0
761000000,1,3,5,0
762000000,1,3,5,0
763000000,1,3,5,0
764000000,1,3,5,0
765000000,1,3,5,0
766000000,1,3,5,0
767000000,1,3,5,0
768000000,1,3,5,0
769000000,1,3,5,0
770000000,1,3,5,0
771000000,1,3,5,0
772000000,1,3,5,0
773000000,1,3,5,0
774000000,1,3,5,0
775000000,1,3,5,0
776000000,1,3,5,0
777000000,1,3,5,0
778000000,1,3,5,0
779000000,1,3,5,0
780000000,1,3,5,0
781000000,1,3,5,0
782000000,1,3,5,0
783000000,1,3,5,0
784000000,1,3,5,0
785000000,1,3,5,0
786000000,1,3,5,0
787000000,1,3,5,0
788000000,1,3,5,0
789000000,1,3,5,0
790000000,1,3,5,0
791000000,1,3,5,0
792000000,1,3,5,0
793000000,1,3,5,0
794000000,1,3,5,0
795000000,1,3,5,0
796000000,1,3,5,0
797000000,1,3,5,0
798000000,1,3,5,0
799000000,1,3,5,0
800000000,1,3,5,0
801000000,1,3,5,0
802000000,1,3,5,0
803000000,1,3,5,0
804000000,1,3,5,0
805000000,1,3,5,0
806000000,1,3,5,0
807000000,1,3,5,0
808000000,1,3,5,0
809000000,1,3,5,0
810000000,1,3,5,0
811000000,1,3,5,0
812000000,1,3,5,0
813000000,1,3,5,0
814000000,1,3,5,0
815000000,1,3,5,0
816000000,1,3,5,0
817000000,1,3,5,0
818000000,1,3,5,0
819000000,1,3,5,0
820000000,1,3,5,0
821000000,1,3,5,0
822000000,1,3,5,0
823000000,1,3,5,0
824000000,1,3,5,0
825000000,1,3,5,0
826000000,1,3,5,0
827000000,1,3,5,0
828000000,1,3,5,0
829000000,1,3,5,0
830000000,1,3,5,0
831000000,1,3,5,0
832000000,1,3,5,0
833000000,1,3,5,0
834000000,1,3,5,0
835000000,1,3,5,0
836000000,1,3,5,0
837000000,1,3,5,0
838000000,1,3,5,0
839000000,1,3,5,0
840000000,1,3,5,0
841000000,1,3,5,0
842000000,1,3,5,0
843000000,1,3,5,0
844000000,1,3,5,0
845000000,1,3,5,0
846000000,1,3,5,0
847000000,1,3,5,0
848000000,1,3,5,0
849000000,1,3,5,0
850000000,1,3,5,0
851000000,1,3,5,0
852000000,1,3,5,0
853000000,1,3,5,0
854000000,1,3,5,0
855000000,1,3,5,0
856000000,1,3,5,0
857000000,1,3,5,0
858000000,1,3,5,0
859000000,1,3,5,0
860000000,1,3,5,0
861000000,1,3,5,0
862000000,1,3,5,0
863000000,1,3,5,0
864000000,1,3,5,0
865000000,1,3,5,0
866000000,1,3,5,0
867000000,1,3,5,0
868000000,1,3,5,0
869000000,1,3,5,0
870000000,1,3,5,0
871000000,1,3,5,0
872000000,1,3,5,0
873000000,1,3,5,0
874000000,1,3,5,0
875000000,1,3,5,0
876000000,1,3,5,0
877000000,1,3,5,0
878000000,1,3,5,0
879000000,1,3,5,0
880000000,1,3,5,0
881000000,1,3,5,0
882000000,1,3,5,0
883000000,1,3,5,0
884000000,1,3,5,0
885000000,1,3,5,0
886000000,1,3,5,0
887000000,1,3,5,0
888000000,1,3,5,0
889000000,1,3,5,0
890000000,1,3,5,0
891000000,1,3,5,0
892000000,1,3,5,0
893000000,1,3,5,0
894000000,1,3,5,0
895000000,1,3,5,0
896000000,1,3,5,0
897000000,1,3,5,0
898000000,1,3,5,0
899000000,1,3,5,0
900000000,1,3,5,0
901000000,1,3,5,0
902000000,1,3,5,0
903000000,1,3,5,0
904000000,1,3,5,0
905000000,1,3,5,0
906000000,1,3,5,0
907000000,1,3,5,0
908000000,1,3,5,0
909000000,1,3,5,0
910000000,1,3,5,0
911000000,1,3,5,0
912000000,1,3,5,0
913000000,1,3,5,0
914000000,1,3,5,0
915000000,1,3,5,0
916000000,1,3,5,0
917000000,1,3,5,0
918000000,1,3,5,0
919000000,1,3,5,0
920000000,1,3,5,0
921000000,1,3,5,0
922000000,1,3,5,0
923000000,1,3,5,0
924000000,1,3,5,0
925000000,1,3,5,0
926000000,1,3,5,0
927000000,1,3,5,0
928000000,1,3,5,0
929000000,1,3,5,0
930000000,1,3,5,0
931000000,1,3,5,0
932000000,1,3,5,0
933000000,1,3,5,0
934000000,1,3,5,0
935000000,1,3,5,0
936000000,1,3,5,0
937000000,1,3,5,0
938000000,1,3,5,0
939000000,1,3,5,0
940000000,1,3,5,0
941000000,1,3,5,0
942000000,1,3,5,0
943000000,1,3,5,0
944000000,1,3,5,0
945000000,1,3,5,0
946000000,1,3,5,0
947000000,1,3,5,0
948000000,1,3,5,0
949000000,1,3,5,0
950000000,1,3,5,0
951000000,1,3,5,0
952000000,1,3,5,0
953000000,1,3,5,0
954000000,1,3,5,0
955000000,1,3,5,0
956000000,1,3,5,0
957000000,1,3,5,0
958000000,1,3,5,0
959000000,1,3,5,0
960000000,1,3,5,0
961000000,1,3,5,0
962000000,1,3,5,0
963000000,1,3,5,0
964000000,1,3,5,0
965000000,1,3,5,0
966000000,1,3,5,0
967000000,1,3,5,0
968000000,1,3,5,0
969000000,1,3,5,0
970000000,1,3,5,0
971000000,1,3,5,0
972000000,1,3,5,0
973000000,1,3,5,0
974000000,1,3,5,0
975000000,1,3,5,0
976000000,1,3,5,0
977000000,1,3,5,0
978000000,1,3,5,0
979000000,1,3,5,0
980000000,1,3,5,0
981000000,1,3,5,0
982000000,1,3,5,0
983000000,1,3,5,0
984000000,1,3,5,0
985000000,1,3,5,0
986000000,1,3,5,0
987000000,1,3,5,0
988000000,1,3,5,0
989000000,1,3,5,0
990000000,1,3,5,0
991000000,1,3,5,0
992000000,1,3,5,0
993000000,1,3,5,0
994000000,1,3,5,0
995000000,1,3,5,0
996000000,1,3,5,0
997000000,1,3,5,0
998000000,1,3,5,0
999000000,1,3,5,0
1000000,1,4,5,0
2000000,1,4,5,0
3000000,1,4,5,0
4000000,1,4,5,0
5000000,1,4,5,0
6000000,1,4,5,0
7000000,1,4,5,0
8000000,1,4,5,0
9000000,1,4,5,0
10000000,1,4,5,0
11000000,1,4,5,0
12000000,1,4,5,0
13000000,1,4,5,0
14000000,1,4,5,0
15000000,1,4,5,0
16000000,1,4,5,0
17000000,1,4,5,0
18000000,1,4,5,0
19000000,1,4,5,0
20000000,1,4,5,0
21000000,1,4,5,0
22000000,1,4,5,0
23000000,1,4,5,0
24000000,1,4,5,0
25000000,1,4,5,0
26000000,1,4,5,0
27000000,1,4,5,0
28000000,1,4,5,0
29000000,1,4,5,0
30000000,1,4,5,0
31000000,1,4,5,0
32000000,1,4,5,0
33000000,1,4,5,0
34000000,1,4,5,0
35000000,1,4,5,0
36000000,1,4,5,0
37000000,1,4,5,0
38000000,1,4,5,0
39000000,1,4,5,0
40000000,1,4,5,0
41000000,1,4,5,0
42000000,1,4,5,0
43000000,1,4,5,0
44000000,1,4,5,0
45000000,1,4,5,0
46000000,1,4,5,0
47000000,1,4,5,0
48000000,1,4,5,0
49000000,1,4,5,0
50000000,1,4,5,0
51000000,1,4,5,0
52000000,1,4,5,0
53000000,1,4,5,0
54000000,1,4,5,0
55000000,1,4,5,0
56000000,1,4,5,0
57000000,1,4,5,0
58000000,1,4,5,0
59000000,1,4,5,0
60000000,1,4,5,0
61000000,1,4,5,0
62000000,1,4,5,0
63000000,1,4,5,0
64000000,1,4,5,0
65000000,1,4,5,0
66000000,1,4,5,0
67000000,1,4,5,0
68000000,1,4,5,0
69000000,1,4,5,0
70000000,1,4,5,0
71000000,1,4,5,0
72000000,1,4,5,0
73000000,1,4,5,0
74000000,1,4,5,0
75000000,1,4,5,0
76000000,1,4,5,0
77000000,1,4,5,0
78000000,1,4,5,0
79000000,1,4,5,0
80000000,1,4,5,0
81000000,1,4,5,0
82000000,1,4,5,0
83000000,1,4,5,0
84000000,1,4,5,0
85000000,1,4,5,0
86000000,1,4,5,0
87000000,1,4,5,0
88000000,1,4,5,0
89000000,1,4,5,0
90000000,1,4,5,0
91000000,1,4,5,0
92000000,1,4,5,0
93000000,1,4,5,0
94000000,1,4,5,0
95000000,1,4,5,0
96000000,1,4,5,0
97000000,1,4,5,0
98000000,1,4,5,0
99000000,1,4,5,0
100000000,1,4,5,0
101000000,1,4,5,0
102000000,1,4,5,0
103000000,1,4,5,0
104000000,1,4,5,0
105000000,1,4,5,0
106000000,1,4,5,0
107000000,1,4,5,0
108000000,1,4,5,0
109000000,1,4,5,0
110000000,1,4,5,0
111000000,1,4,5,0
112000000,1,4,5,0
113000000,1,4,5,0
114000000,1,4,5,0
115000000,1,4,5,0
116000000,1,4,5,0
117000000,1,4,5,0
118000000,1,4,5,0
119000000,1,4,5,0
120000000,1,4,5,0
121000000,1,4,5,0
122000000,1,4,5,0
123000000,1,4,5,0
124000000,1,4,5,0
125000000,1,4,5,0
126000000,1,4,5,0
127000000,1,4,5,0
128000000,1,4,5,0
129000000,1,4,5,0
130000000,1,4,5,0
131000000,1,4,5,0
132000000,1,4,5,0
133000000,1,4,5,0
134000000,1,4,5,0
135000000,1,4,5,0
136000000,1,4,5,0
137000000,1,4,5,0
138000000,1,4,5,0
139000000,1,4,5,0
140000000,1,4,5,0
141000000,1,4,5,0
142000000,1,4,5,0
143000000,1,4,5,0
144000000,1,4,5,0
145000000,1,4,5,0
146000000,1,4,5,0
147000000,1,4,5,0
148000000,1,4,5,0
149000000,1,4,5,0
150000000,1,4,5,0
151000000,1,4,5,0
152000000,1,4,5,0
153000000,1,4,5,0
154000000,1,4,5,0
155000000,1,4,5,0
156000000,1,4,5,0
157000000,1,4,5,0
158000000,1,4,5,0
159000000,1,4,5,0
160000000,1,4,5,0
161000000,1,4,5,0
162000000,1,4,5,0
163000000,1,4,5,0
164000000,1,4,5,0
165000000,1,4,5,0
166000000,1,4,5,0
167000000,1,4,5,0
168000000,1,4,5,0
169000000,1,4,5,0
170000000,1,4,5,0
171000000,1,4,5,0
172000000,1,4,5,0
173000000,1,4,5,0
174000000,1,4,5,0
175000000,1,4,5,0
176000000,1,4,5,0
177000000,1,4,5,0
178000000,1,4,5,0
179000000,1,4,5,0
180000000,1,4,5,0
181000000,1,4,5,0
182000000,1,4,5,0
183000000,1,4,5,0
184000000,1,4,5,0
185000000,1,4,5,0
186000000,1,4,5,0
187000000,1,4,5,0
188000000,1,4,5,0
189000000,1,4,5,0
190000000,1,4,5,0
191000000,1,4,5,0
192000000,1,4,5,0
193000000,1,4,5,0
194000000,1,4,5,0
195000000,1,4,5,0
196000000,1,4,5,0
197000000,1,4,5,0
198000000,1,4,5,0
199000000,1,4,5,0
200000000,1,4,5,0
201000000,1,4,5,0
202000000,1,4,5,0
203000000,1,4,5,0
204000000,1,4,5,0
205000000,1,4,5,0
206000000,1,4,5,0
207000000,1,4,5,0
208000000,1,4,5,0
209000000,1,4,5,0
210000000,1,4,5,0
211000000,1,4,5,0
212000000,1,4,5,0
213000000,1,4,5,0
214000000,1,4,5,0
215000000,1,4,5,0
216000000,1,4,5,0
217000000,1,4,5,0
218000000,1,4,5,0
219000000,1,4,5,0
220000000,1,4,5,0
221000000,1,4,5,0
222000000,1,4,5,0
223000000,1,4,5,0
224000000,1,4,5,0
225000000,1,4,5,0
226000000,1,4,5,0
227000000,1,4,5,0
228000000,1,4,5,0
229000000,1,4,5,0
230000000,1,4,5,0
231000000,1,4,5,0
232000000,1,4,5,0
233000000,1,4,5,0
234000000,1,4,5,0
235000000,1,4,5,0
236000000,1,4,5,0
237000000,1,4,5,0
238000000,1,4,5,0
239000000,1,4,5,0
240000000,1,4,5,0
241000000,1,4,5,0
242000000,1,4,5,0
243000000,1,4,5,0
244000000,1,4,5,0
245000000,1,4,5,0
246000000,1,4,5,0
247000000,1,4,5,0
248000000,1,4,5,0
249000000,1,4,5,0
250000000,1,4,5,0
251000000,1,4,5,0
252000000,1,4,5,0
253000000,1,4,5,0
254000000,1,4,5,0
255000000,1,4,5,0
256000000,1,4,5,0
257000000,1,4,5,0
258000000,1,4,5,0
259000000,1,4,5,0
260000000,1,4,5,0
261000000,1,4,5,0
262000000,1,4,5,0
263000000,1,4,5,0
264000000,1,4,5,0
265000000,1,4,5,0
266000000,1,4,5,0
267000000,1,4,5,0
268000000,1,4,5,0
269000000,1,4,5,0
270000000,1,4,5,0
271000000,1,4,5,0
272000000,1,4,5,0
273000000,1,4,5,0
274000000,1,4,5,0
275000000,1,4,5,0
276000000,1,4,5,0
277000000,1,4,5,0
278000000,1,4,5,0
279000000,1,4,5,0
280000000,1,4,5,0
281000000,1,4,5,0
282000000,1,4,5,0
283000000,1,4,5,0
284000000,1,4,5,0
285000000,1,4,5,0
286000000,1,4,5,0
287000000,1,4,5,0
288000000,1,4,5,0
289000000,1,4,5,0
290000000,1,4,5,0
291000000,1,4,5,0
292000000,1,4,5,0
293000000,1,4,5,0
294000000,1,4,5,0
295000000,1,4,5,0
296000000,1,4,5,0
297000000,1,4,5,0
298000000,1,4,5,0
299000000,1,4,5,0
300000000,1,4,5,0
301000000,1,4,5,0
302000000,1,4,5,0
303000000,1,4,5,0
304000000,1,4,5,0
305000000,1,4,5,0
306000000,1,4,5,0
307000000,1,4,5,0
308000000,1,4,5,0
309000000,1,4,5,0
310000000,1,4,5,0
311000000,1,4,5,0
312000000,1,4,5,0
313000000,1,4,5,0
314000000,1,4,5,0
315000000,1,4,5,0
316000000,1,4,5,0
317000000,1,4,5,0
318000000,1,4,5,0
319000000,1,4,5,0
320000000,1,4,5,0
321000000,1,4,5,0
322000000,1,4,5,0
323000000,1,4,5,0
324000000,1,4,5,0
325000000,1,4,5,0
326000000,1,4,5,0
327000000,1,4,5,0
328000000,1,4,5,0
329000000,1,4,5,0
330000000,1,4,5,0
331000000,1,4,5,0
332000000,1,4,5,0
333000000,1,4,5,0
334000000,1,4,5,0
335000000,1,4,5,0
336000000,1,4,5,0
337000000,1,4,5,0
338000000,1,4,5,0
339000000,1,4,5,0
340000000,1,4,5,0
341000000,1,4,5,0
342000000,1,4,5,0
343000000,1,4,5,0
344000000,1,4,5,0
345000000,1,4,5,0
346000000,1,4,5,0
347000000,1,4,5,0
348000000,1,4,5,0
349000000,1,4,5,0
350000000,1,4,5,0
351000000,1,4,5,0
352000000,1,4,5,0
353000000,1,4,5,0
354000000,1,4,5,0
355000000,1,4,5,0
356000000,1,4,5,0
357000000,1,4,5,0
358000000,1,4,5,0
359000000,1,4,5,0
360000000,1,4,5,0
361000000,1,4,5,0
362000000,1,4,5,0
363000000,1,4,5,0
364000000,1,4,5,0
365000000,1,4,5,0
366000000,1,4,5,0
367000000,1,4,5,0
368000000,1,4,5,0
369000000,1,4,5,0
370000000,1,4,5,0
371000000,1,4,5,0
372000000,1,4,5,0
373000000,1,4,5,0
374000000,1,4,5,0
375000000,1,4,5,0
376000000,1,4,5,0
377000000,1,4,5,0
378000000,1,4,5,0
379000000,1,4,5,0
380000000,1,4,5,0
381000000,1,4,5,0
382000000,1,4,5,0
383000000,1,4,5,0
384000000,1,4,5,0
385000000,1,4,5,0
386000000,1,4,5,0
387000000,1,4,5,0
388000000,1,4,5,0
389000000,1,4,5,0
390000000,1,4,5,0
391000000,1,4,5,0
392000000,1,4,5,0
393000000,1,4,5,0
394000000,1,4,5,0
395000000,1,4,5,0
396000000,1,4,5,0
397000000,1,4,5,0
398000000,1,4,5,0
399000000,1,4,5,0
400000000,1,4,5,0
401000000,1,4,5,0
402000000,1,4,5,0
403000000,1,4,5,0
404000000,1,4,5,0
405000000,1,4,5,0
406000000,1,4,5,0
407000000,1,4,5,0
408000000,1,4,5,0
409000000,1,4,5,0
410000000,1,4,5,0
411000000,1,4,5,0
412000000,1,4,5,0
413000000,1,4,5,0
414000000,1,4,5,0
415000000,1,4,5,0
416000000,1,4,5,0
417000000,1,4,5,0
418000000,1,4,5,0
419000000,1,4,5,0
420000000,1,4,5,0
421000000,1,4,5,0
422000000,1,4,5,0
423000000,1,4,5,0
424000000,1,4,5,0
425000000,1,4,5,0
426000000,1,4,5,0
427000000,1,4,5,0
428000000,1,4,5,0
429000000,1,4,5,0
430000000,1,4,5,0
431000000,1,4,5,0
432000000,1,4,5,0
433000000,1,4,5,0
434000000,1,4,5,0
435000000,1,4,5,0
436000000,1,4,5,0
437000000,1,4,5,0
438000000,1,4,5,0
439000000,1,4,5,0
440000000,1,4,5,0
441000000,1,4,5,0
442000000,1,4,5,0
443000000,1,4,5,0
444000000,1,4,5,0
445000000,1,4,5,0
446000000,1,4,5,0
447000000,1,4,5,0
448000000,1,4,5,0
449000000,1,4,5,0
450000000,1,4,5,0
451000000,1,4,5,0
452000000,1,4,5,0
453000000,1,4,5,0
454000000,1,4,5,0
455000000,1,4,5,0
456000000,1,4,5,0
457000000,1,4,5,0
458000000,1,4,5,0
459000000,1,4,5,0
460000000,1,4,5,0
461000000,1,4,5,0
462000000,1,4,5,0
463000000,1,4,5,0
464000000,1,4,5,0
465000000,1,4,5,0
466000000,1,4,5,0
467000000,1,4,5,0
468000000,1,4,5,0
469000000,1,4,5,0
470000000,1,4,5,0
471000000,1,4,5,0
472000000,1,4,5,0
473000000,1,4,5,0
474000000,1,4,5,0
475000000,1,4,5,0
476000000,1,4,5,0
477000000,1,4,5,0
478000000,1,4,5,0
479000000,1,4,5,0
480000000,1,4,5,0
481000000,1,4,5,0
482000000,1,4,5,0
483000000,1,4,5,0
484000000,1,4,5,0
485000000,1,4,5,0
486000000,1,4,5,0
487000000,1,4,5,0
488000000,1,4,5,0
489000000,1,4,5,0
490000000,1,4,5,0
491000000,1,4,5,0
492000000,1,4,5,0
493000000,1,4,5,0
494000000,1,4,5,0
495000000,1,4,5,0
496000000,1,4,5,0
497000000,1,4,5,0
498000000,1,4,5,0
499000000,1,4,5,0
500000000,1,4,5,0
501000000,1,4,5,0
502000000,1,4,5,0
503000000,1,4,5,0
504000000,1,4,5,0
505000000,1,4,5,0
506000000,1,4,5,0
507000000,1,4,5,0
508000000,1,4,5,0
509000000,1,4,5,0
510000000,1,4,5,0
511000000,1,4,5,0
512000000,1,4,5,0
513000000,1,4,5,0
514000000,1,4,5,0
515000000,1,4,5,0
516000000,1,4,5,0
517000000,1,4,5,0
518000000,1,4,5,0
519000000,1,4,5,0
520000000,1,4,5,0
521000000,1,4,5,0
522000000,1,4,5,0
523000000,1,4,5,0
524000000,1,4,5,0
525000000,1,4,5,0
526000000,1,4,5,0
527000000,1,4,5,0
528000000,1,4,5,0
529000000,1,4,5,0
530000000,1,4,5,0
531000000,1,4,5,0
532000000,1,4,5,0
533000000,1,4,5,0
534000000,1,4,5,0
535000000,1,4,5,0
536000000,1,4,5,0
537000000,1,4,5,0
538000000,1,4,5,0
539000000,1,4,5,0
540000000,1,4,5,0
541000000,1,4,5,0
542000000,1,4,5,0
543000000,1,4,5,0
544000000,1,4,5,0
545000000,1,4,5,0
546000000,1,4,5,0
547000000,1,4,5,0
548000000,1,4,5,0
549000000,1,4,5,0
550000000,1,4,5,0
551000000,1,4,5,0
552000000,1,4,5,0
553000000,1,4,5,0
554000000,1,4,5,0
555000000,1,4,5,0
556000000,1,4,5,0
557000000,1,4,5,0
558000000,1,4,5,0
559000000,1,4,5,0
560000000,1,4,5,0
561000000,1,4,5,0
562000000,1,4,5,0
563000000,1,4,5,0
564000000,1,4,5,0
565000000,1,4,5,0
566000000,1,4,5,0
567000000,1,4,5,0
568000000,1,4,5,0
569000000,1,4,5,0
570000000,1,4,5,0
571000000,1,4,5,0
572000000,1,4,5,0
573000000,1,4,5,0
574000000,1,4,5,0
575000000,1,4,5,0
576000000,1,4,5,0
577000000,1,4,5,0
578000000,1,4,5,0
579000000,1,4,5,0
580000000,1,4,5,0
581000000,1,4,5,0
582000000,1,4,5,0
583000000,1,4,5,0
584000000,1,4,5,0
585000000,1,4,5,0
586000000,1,4,5,0
587000000,1,4,5,0
588000000,1,4,5,0
589000000,1,4,5,0
590000000,1,4,5,0
591000000,1,4,5,0
592000000,1,4,5,0
593000000,1,4,5,0
594000000,1,4,5,0
595000000,1,4,5,0
596000000,1,4,5,0
597000000,1,4,5,0
598000000,1,4,5,0
599000000,1,4,5,0
600000000,1,4,5,0
601000000,1,4,5,0
602000000,1,4,5,0
603000000,1,4,5,0
604000000,1,4,5,0
605000000,1,4,5,0
606000000,1,4,5,0
607000000,1,4,5,0
608000000,1,4,5,0
609000000,1,4,5,0
610000000,1,4,5,0
611000000,1,4,5,0
612000000,1,4,5,0
613000000,1,4,5,0
614000000,1,4,5,0
615000000,1,4,5,0
616000000,1,4,5,0
617000000,1,4,5,0
618000000,1,4,5,0
619000000,1,4,5,0
620000000,1,4,5,0
621000000,1,4,5,0
622000000,1,4,5,0
623000000,1,4,5,0
624000000,1,4,5,0
625000000,1,4,5,0
626000000,1,4,5,0
627000000,1,4,5,0
628000000,1,4,5,0
629000000,1,4,5,0
630000000,1,4,5,0
631000000,1,4,5,0
632000000,1,4,5,0
633000000,1,4,5,0
634000000,1,4,5,0
635000000,1,4,5,0
636000000,1,4,5,0
637000000,1,4,5,0
638000000,1,4,5,0
639000000,1,4,5,0
640000000,1,4,5,0
641000000,1,4,5,0
642000000,1,4,5,0
643000000,1,4,5,0
644000000,1,4,5,0
645000000,1,4,5,0
646000000,1,4,5,0
647000000,1,4,5,0
648000000,1,4,5,0
649000000,1,4,5,0
650000000,1,4,5,0
651000000,1,4,5,0
652000000,1,4,5,0
653000000,1,4,5,0
654000000,1,4,5,0
655000000,1,4,5,0
656000000,1,4,5,0
657000000,1,4,5,0
658000000,1,4,5,0
659000000,1,4,5,0
660000000,1,4,5,0
661000000,1,4,5,0
662000000,1,4,5,0
663000000,1,4,5,0
664000000,1,4,5,0
665000000,1,4,5,0
666000000,1,4,5,0
667000000,1,4,5,0
668000000,1,4,5,0
669000000,1,4,5,0
670000000,1,4,5,0
671000000,1,4,5,0
672000000,1,4,5,0
673000000,1,4,5,0
674000000,1,4,5,0
675000000,1,4,5,0
676000000,1,4,5,0
677000000,1,4,5,0
678000000,1,4,5,0
679000000,1,4,5,0
680000000,1,4,5,0
681000000,1,4,5,0
682000000,1,4,5,0
683000000,1,4,5,0
684000000,1,4,5,0
685000000,1,4,5,0
686000000,1,4,5,0
687000000,1,4,5,0
688000000,1,4,5,0
689000000,1,4,5,0
690000000,1,4,5,0
691000000,1,4,5,0
692000000,1,4,5,0
693000000,1,4,5,0
694000000,1,4,5,0
695000000,1,4,5,0
696000000,1,4,5,0
697000000,1,4,5,0
698000000,1,4,5,0
699000000,1,4,5,0
700000000,1,4,5,0
701000000,1,4,5,0
702000000,1,4,5,0
703000000,1,4,5,0
704000000,1,4,5,0
705000000,1,4,5,0
706000000,1,4,5,0
707000000,1,4,5,0
708000000,1,4,5,0
709000000,1,4,5,0
710000000,1,4,5,0
711000000,1,4,5,0
712000000,1,4,5,0
713000000,1,4,5,0
714000000,1,4,5,0
715000000,1,4,5,0
716000000,1,4,5,0
717000000,1,4,5,0
718000000,1,4,5,0
719000000,1,4,5,0
720000000,1,4,5,0
721000000,1,4,5,0
722000000,1,4,5,0
723000000,1,4,5,0
724000000,1,4,5,0
725000000,1,4,5,0
726000000,1,4,5,0
727000000,1,4,5,0
728000000,1,4,5,0
729000000,1,4,5,0
730000000,1,4,5,0
731000000,1,4,5,0
732000000,1,4,5,0
733000000,1,4,5,0
734000000,1,4,5,0
735000000,1,4,5,0
736000000,1,4,5,0
737000000,1,4,5,0
738000000,1,4,5,0
739000000,1,4,5,0
740000000,1,4,5,0
741000000,1,4,5,0
742000000,1,4,5,0
743000000,1,4,5,0
744000000,1,4,5,0
745000000,1,4,5,0
746000000,1,4,5,0
747000000,1,4,5,0
748000000,1,4,5,0
749000000,1,4,5,0
750000000,1,4,5,0
751000000,1,4,5,0
752000000,1,4,5,0
753000000,1,4,5,0
754000000,1,4,5,0
755000000,1,4,5,0
756000000,1,4,5,0
757000000,1,4,5,0
758000000,1,4,5,0
759000000,1,4,5,0
760000000,1,4,5,0
761000000,1,4,5,0
762000000,1,4,5,0
763000000,1,4,5,0
764000000,1,4,5,0
765000000,1,4,5,0
766000000,1,4,5,0
767000000,1,4,5,0
768000000,1,4,5,0
769000000,1,4,5,0
770000000,1,4,5,0
771000000,1,4,5,0
772000000,1,4,5,0
773000000,1,4,5,0
774000000,1,4,5,0
775000000,1,4,5,0
776000000,1,4,5,0
777000000,1,4,5,0
778000000,1,4,5,0
779000000,1,4,5,0
780000000,1,4,5,0
781000000,1,4,5,0
782000000,1,4,5,0
783000000,1,4,5,0
784000000,1,4,5,0
785000000,1,4,5,0
786000000,1,4,5,0
787000000,1,4,5,0
788000000,1,4,5,0
789000000,1,4,5,0
790000000,1,4,5,0
791000000,1,4,5,0
792000000,1,4,5,0
793000000,1,4,5,0
794000000,1,4,5,0
795000000,1,4,5,0
796000000,1,4,5,0
797000000,1,4,5,0
798000000,1,4,5,0
799000000,1,4,5,0
800000000,1,4,5,0
801000000,1,4,5,0
802000000,1,4,5,0
803000000,1,4,5,0
804000000,1,4,5,0
805000000,1,4,5,0
806000000,1,4,5,0
807000000,1,4,5,0
808000000,1,4,5,0
809000000,1,4,5,0
810000000,1,4,5,0
811000000,1,4,5,0
812000000,1,4,5,0
813000000,1,4,5,0
814000000,1,4,5,0
815000000,1,4,5,0
816000000,1,4,5,0
817000000,1,4,5,0
818000000,1,4,5,0
819000000,1,4,5,0
820000000,1,4,5,0
821000000,1,4,5,0
822000000,1,4,5,0
823000000,1,4,5,0
824000000,1,4,5,0
825000000,1,4,5,0
826000000,1,4,5,0
827000000,1,4,5,0
828000000,1,4,5,0
829000000,1,4,5,0
830000000,1,4,5,0
831000000,1,4,5,0
832000000,1,4,5,0
833000000,1,4,5,0
834000000,1,4,5,0
835000000,1,4,5,0
836000000,1,4,5,0
837000000,1,4,5,0
838000000,1,4,5,0
839000000,1,4,5,0
840000000,1,4,5,0
841000000,1,4,5,0
842000000,1,4,5,0
843000000,1,4,5,0
844000000,1,4,5,0
845000000,1,4,5,0
846000000,1,4,5,0
847000000,1,4,5,0
848000000,1,4,5,0
849000000,1,4,5,0
850000000,1,4,5,0
851000000,1,4,5,0
852000000,1,4,5,0
853000000,1,4,5,0
854000000,1,4,5,0
855000000,1,4,5,0
856000000,1,4,5,0
857000000,1,4,5,0
858000000,1,4,5,0
859000000,1,4,5,0
860000000,1,4,5,0
861000000,1,4,5,0
862000000,1,4,5,0
863000000,1,4,5,0
864000000,1,4,5,0
865000000,1,4,5,0
866000000,1,4,5,0
867000000,1,4,5,0
868000000,1,4,5,0
869000000,1,4,5,0
870000000,1,4,5,0
871000000,1,4,5,0
872000000,1,4,5,0
873000000,1,4,5,0
874000000,1,4,5,0
875000000,1,4,5,0
876000000,1,4,5,0
877000000,1,4,5,0
878000000,1,4,5,0
879000000,1,4,5,0
880000000,1,4,5,0
881000000,1,4,5,0
882000000,1,4,5,0
883000000,1,4,5,0
884000000,1,4,5,0
885000000,1,4,5,0
886000000,1,4,5,0
887000000,1,4,5,0
888000000,1,4,5,0
889000000,1,4,5,0
890000000,1,4,5,0
891000000,1,4,5,0
892000000,1,4,5,0
893000000,1,4,5,0
894000000,1,4,5,0
895000000,1,4,5,0
896000000,1,4,5,0
897000000,1,4,5,0
898000000,1,4,5,0
899000000,1,4,5,0
900000000,1,4,5,0
901000000,1,4,5,0
902000000,1,4,5,0
903000000,1,4,5,0
904000000,1,4,5,0
905000000,1,4,5,0
906000000,1,4,5,0
907000000,1,4,5,0
908000000,1,4,5,0
909000000,1,4,5,0
910000000,1,4,5,0
911000000,1,4,5,0
912000000,1,4,5,0
913000000,1,4,5,0
914000000,1,4,5,0
915000000,1,4,5,0
916000000,1,4,5,0
917000000,1,4,5,0
918000000,1,4,5,0
919000000,1,4,5,0
920000000,1,4,5,0
921000000,1,4,5,0
922000000,1,4,5,0
923000000,1,4,5,0
924000000,1,4,5,0
925000000,1,4,5,0
926000000,1,4,5,0
927000000,1,4,5,0
928000000,1,4,5,0
929000000,1,4,5,0
930000000,1,4,5,0
931000000,1,4,5,0
932000000,1,4,5,0
933000000,1,4,5,0
934000000,1,4,5,0
935000000,1,4,5,0
936000000,1,4,5,0
937000000,1,4,5,0
938000000,1,4,5,0
939000000,1,4,5,0
940000000,1,4,5,0
941000000,1,4,5,0
942000000,1,4,5,0
943000000,1,4,5,0
944000000,1,4,5,0
945000000,1,4,5,0
946000000,1,4,5,0
947000000,1,4,5,0
948000000,1,4,5,0
949000000,1,4,5,0
950000000,1,4,5,0
951000000,1,4,5,0
952000000,1,4,5,0
953000000,1,4,5,0
954000000,1,4,5,0
955000000,1,4,5,0
956000000,1,4,5,0
957000000,1,4,5,0
958000000,1,4,5,0
959000000,1,4,5,0
960000000,1,4,5,0
961000000,1,4,5,0
962000000,1,4,5,0
963000000,1,4,5,0
964000000,1,4,5,0
965000000,1,4,5,0
966000000,1,4,5,0
967000000,1,4,5,0
968000000,1,4,5,0
969000000,1,4,5,0
970000000,1,4,5,0
971000000,1,4,5,0
972000000,1,4,5,0
973000000,1,4,5,0
974000000,1,4,5,0
975000000,1,4,5,0
976000000,1,4,5,0
977000000,1,4,5,0
978000000,1,4,5,0
979000000,1,4,5,0
980000000,1,4,5,0
981000000,1,4,5,0
982000000,1,4,5,0
983000000,1,4,5,0
984000000,1,4,5,0
985000000,1,4,5,0
986000000,1,4,5,0
987000000,1,4,5,0
988000000,1,4,5,0
989000000,1,4,5,0
990000000,1,4,5,0
991000000,1,4,5,0
992000000,1,4,5,0
993000000,1,4,5,0
994000000,1,4,5,0
995000000,1,4,5,0
996000000,1,4,5,0
997000000,1,4,5,0
998000000,1,4,5,0
999000000,1,4,5,0
1000000,1,5,5,0
2000000,1,5,5,0
3000000,1,5,5,0
4000000,1,5,5,0
5000000,1,5,5,0
6000000,1,5,5,0
7000000,1,5,5,0
8000000,1,5,5,0
9000000,1,5,5,0
10000000,1,5,5,0
11000000,1,5,5,0
12000000,1,5,5,0
13000000,1,5,5,0
14000000,1,5,5,0
15000000,1,5,5,0
16000000,1,5,5,0
17000000,1,5,5,0
18000000,1,5,5,0
19000000,1,5,5,0
20000000,1,5,5,0
21000000,1,5,5,0
22000000,1,5,5,0
23000000,1,5,5,0
24000000,1,5,5,0
25000000,1,5,5,0
26000000,1,5,5,0
27000000,1,5,5,0
28000000,1,5,5,0
29000000,1,5,5,0
30000000,1,5,5,0
31000000,1,5,5,0
32000000,1,5,5,0
33000000,1,5,5,0
34000000,1,5,5,0
35000000,1,5,5,0
36000000,1,5,5,0
37000000,1,5,5,0
38000000,1,5,5,0
39000000,1,5,5,0
40000000,1,5,5,0
41000000,1,5,5,0
42000000,1,5,5,0
43000000,1,5,5,0
44000000,1,5,5,0
45000000,1,5,5,0
46000000,1,5,5,0
47000000,1,5,5,0
48000000,1,5,5,0
49000000,1,5,5,0
50000000,1,5,5,0
51000000,1,5,5,0
52000000,1,5,5,0
53000000,1,5,5,0
54000000,1,5,5,0
55000000,1,5,5,0
56000000,1,5,5,0
57000000,1,5,5,0
58000000,1,5,5,0
59000000,1,5,5,0
60000000,1,5,5,0
61000000,1,5,5,0
62000000,1,5,5,0
63000000,1,5,5,0
64000000,1,5,5,0
65000000,1,5,5,0
66000000,1,5,5,0
67000000,1,5,5,0
68000000,1,5,5,0
69000000,1,5,5,0
70000000,1,5,5,0
71000000,1,5,5,0
72000000,1,5,5,0
73000000,1,5,5,0
74000000,1,5,5,0
75000000,1,5,5,0
76000000,1,5,5,0
77000000,1,5,5,0
78000000,1,5,5,0
79000000,1,5,5,0
80000000,1,5,5,0
81000000,1,5,5,0
82000000,1,5,5,0
83000000,1,5,5,0
84000000,1,5,5,0
85000000,1,5,5,0
86000000,1,5,5,0
87000000,1,5,5,0
88000000,1,5,5,0
89000000,1,5,5,0
90000000,1,5,5,0
91000000,1,5,5,0
92000000,1,5,5,0
93000000,1,5,5,0
94000000,1,5,5,0
95000000,1,5,5,0
96000000,1,5,5,0
97000000,1,5,5,0
98000000,1,5,5,0
99000000,1,5,5,0
100000000,1,5,5,0
101000000,1,5,5,0
102000000,1,5,5,0
103000000,1,5,5,0
104000000,1,5,5,0
105000000,1,5,5,0
106000000,1,5,5,0
107000000,1,5,5,0
108000000,1,5,5,0
109000000,1,5,5,0
110000000,1,5,5,0
111000000,1,5,5,0
112000000,1,5,5,0
113000000,1,5,5,0
114000000,1,5,5,0
115000000,1,5,5,0
116000000,1,5,5,0
117000000,1,5,5,0
118000000,1,5,5,0
119000000,1,5,5,0
120000000,1,5,5,0
121000000,1,5,5,0
122000000,1,5,5,0
123000000,1,5,5,0
124000000,1,5,5,0
125000000,1,5,5,0
126000000,1,5,5,0
127000000,1,5,5,0
128000000,1,5,5,0
129000000,1,5,5,0
130000000,1,5,5,0
131000000,1,5,5,0
132000000,1,5,5,0
133000000,1,5,5,0
134000000,1,5,5,0
135000000,1,5,5,0
136000000,1,5,5,0
137000000,1,5,5,0
138000000,1,5,5,0
139000000,1,5,5,0
140000000,1,5,5,0
141000000,1,5,5,0
142000000,1,5,5,0
143000000,1,5,5,0
144000000,1,5,5,0
145000000,1,5,5,0
146000000,1,5,5,0
147000000,1,5,5,0
148000000,1,5,5,0
149000000,1,5,5,0
150000000,1,5,5,0
151000000,1,5,5,0
152000000,1,5,5,0
153000000,1,5,5,0
154000000,1,5,5,0
155000000,1,5,5,0
156000000,1,5,5,0
157000000,1,5,5,0
158000000,1,5,5,0
159000000,1,5,5,0
160000000,1,5,5,0
161000000,1,5,5,0
162000000,1,5,5,0
163000000,1,5,5,0
164000000,1,5,5,0
165000000,1,5,5,0
166000000,1,5,5,0
167000000,1,5,5,0
168000000,1,5,5,0
169000000,1,5,5,0
170000000,1,5,5,0
171000000,1,5,5,0
172000000,1,5,5,0
173000000,1,5,5,0
174000000,1,5,5,0
175000000,1,5,5,0
176000000,1,5,5,0
177000000,1,5,5,0
178000000,1,5,5,0
179000000,1,5,5,0
180000000,1,5,5,0
181000000,1,5,5,0
182000000,1,5,5,0
183000000,1,5,5,0
184000000,1,5,5,0
185000000,1,5,5,0
186000000,1,5,5,0
187000000,1,5,5,0
188000000,1,5,5,0
189000000,1,5,5,0
190000000,1,5,5,0
191000000,1,5,5,0
192000000,1,5,5,0
193000000,1,5,5,0
194000000,1,5,5,0
195000000,1,5,5,0
196000000,1,5,5,0
197000000,1,5,5,0
198000000,1,5,5,0
199000000,1,5,5,0
200000000,1,5,5,0
201000000,1,5,5,0
202000000,1,5,5,0
203000000,1,5,5,0
204000000,1,5,5,0
205000000,1,5,5,0
206000000,1,5,5,0
207000000,1,5,5,0
208000000,1,5,5,0
209000000,1,5,5,0
210000000,1,5,5,0
211000000,1,5,5,0
212000000,1,5,5,0
213000000,1,5,5,0
214000000,1,5,5,0
215000000,1,5,5,0
216000000,1,5,5,0
217000000,1,5,5,0
218000000,1,5,5,0
219000000,1,5,5,0
220000000,1,5,5,0
221000000,1,5,5,0
222000000,1,5,5,0
223000000,1,5,5,0
224000000,1,5,5,0
225000000,1,5,5,0
226000000,1,5,5,0
227000000,1,5,5,0
228000000,1,5,5,0
229000000,1,5,5,0
230000000,1,5,5,0
231000000,1,5,5,0
232000000,1,5,5,0
233000000,1,5,5,0
234000000,1,5,5,0
235000000,1,5,5,0
236000000,1,5,5,0
237000000,1,5,5,0
238000000,1,5,5,0
239000000,1,5,5,0
240000000,1,5,5,0
241000000,1,5,5,0
242000000,1,5,5,0
243000000,1,5,5,0
244000000,1,5,5,0
245000000,1,5,5,0
246000000,1,5,5,0
247000000,1,5,5,0
248000000,1,5,5,0
249000000,1,5,5,0
250000000,1,5,5,0
251000000,1,5,5,0
252000000,1,5,5,0
253000000,1,5,5,0
254000000,1,5,5,0
255000000,1,5,5,0
256000000,1,5,5,0
257000000,1,5,5,0
258000000,1,5,5,0
259000000,1,5,5,0
260000000,1,5,5,0
261000000,1,5,5,0
262000000,1,5,5,0
263000000,1,5,5,0
264000000,1,5,5,0
265000000,1,5,5,0
266000000,1,5,5,0
267000000,1,5,5,0
268000000,1,5,5,0
269000000,1,5,5,0
270000000,1,5,5,0
271000000,1,5,5,0
272000000,1,5,5,0
273000000,1,5,5,0
274000000,1,5,5,0
275000000,1,5,5,0
276000000,1,5,5,0
277000000,1,5,5,0
278000000,1,5,5,0
279000000,1,5,5,0
280000000,1,5,5,0
281000000,1,5,5,0
282000000,1,5,5,0
283000000,1,5,5,0
284000000,1,5,5,0
285000000,1,5,5,0
286000000,1,5,5,0
287000000,1,5,5,0
288000000,1,5,5,0
289000000,1,5,5,0
290000000,1,5,5,0
291000000,1,5,5,0
292000000,1,5,5,0
293000000,1,5,5,0
294000000,1,5,5,0
295000000,1,5,5,0
296000000,1,5,5,0
297000000,1,5,5,0
298000000,1,5,5,0
299000000,1,5,5,0
300000000,1,5,5,0
301000000,1,5,5,0
302000000,1,5,5,0
303000000,1,5,5,0
304000000,1,5,5,0
305000000,1,5,5,0
306000000,1,5,5,0
307000000,1,5,5,0
308000000,1,5,5,0
309000000,1,5,5,0
310000000,1,5,5,0
311000000,1,5,5,0
312000000,1,5,5,0
313000000,1,5,5,0
314000000,1,5,5,0
315000000,1,5,5,0
316000000,1,5,5,0
317000000,1,5,5,0
318000000,1,5,5,0
319000000,1,5,5,0
320000000,1,5,5,0
321000000,1,5,5,0
322000000,1,5,5,0
323000000,1,5,5,0
324000000,1,5,5,0
325000000,1,5,5,0
326000000,1,5,5,0
327000000,1,5,5,0
328000000,1,5,5,0
329000000,1,5,5,0
330000000,1,5,5,0
331000000,1,5,5,0
332000000,1,5,5,0
333000000,1,5,5,0
334000000,1,5,5,0
335000000,1,5,5,0
336000000,1,5,5,0
337000000,1,5,5,0
338000000,1,5,5,0
339000000,1,5,5,0
340000000,1,5,5,0
341000000,1,5,5,0
342000000,1,5,5,0
343000000,1,5,5,0
344000000,1,5,5,0
345000000,1,5,5,0
346000000,1,5,5,0
347000000,1,5,5,0
348000000,1,5,5,0
349000000,1,5,5,0
350000000,1,5,5,0
351000000,1,5,5,0
352000000,1,5,5,0
353000000,1,5,5,0
354000000,1,5,5,0
355000000,1,5,5,0
356000000,1,5,5,0
357000000,1,5,5,0
358000000,1,5,5,0
359000000,1,5,5,0
360000000,1,5,5,0
361000000,1,5,5,0
362000000,1,5,5,0
363000000,1,5,5,0
364000000,1,5,5,0
365000000,1,5,5,0
366000000,1,5,5,0
367000000,1,5,5,0
368000000,1,5,5,0
369000000,1,5,5,0
370000000,1,5,5,0
371000000,1,5,5,0
372000000,1,5,5,0
373000000,1,5,5,0
374000000,1,5,5,0
375000000,1,5,5,0
376000000,1,5,5,0
377000000,1,5,5,0
378000000,1,5,5,0
379000000,1,5,5,0
380000000,1,5,5,0
381000000,1,5,5,0
382000000,1,5,5,0
383000000,1,5,5,0
384000000,1,5,5,0
385000000,1,5,5,0
386000000,1,5,5,0
387000000,1,5,5,0
388000000,1,5,5,0
389000000,1,5,5,0
390000000,1,5,5,0
391000000,1,5,5,0
392000000,1,5,5,0
393000000,1,5,5,0
394000000,1,5,5,0
395000000,1,5,5,0
396000000,1,5,5,0
397000000,1,5,5,0
398000000,1,5,5,0
399000000,1,5,5,0
400000000,1,5,5,0
401000000,1,5,5,0
402000000,1,5,5,0
403000000,1,5,5,0
404000000,1,5,5,0
405000000,1,5,5,0
406000000,1,5,5,0
407000000,1,5,5,0
408000000,1,5,5,0
409000000,1,5,5,0
410000000,1,5,5,0
411000000,1,5,5,0
412000000,1,5,5,0
413000000,1,5,5,0
414000000,1,5,5,0
415000000,1,5,5,0
416000000,1,5,5,0
417000000,1,5,5,0
418000000,1,5,5,0
419000000,1,5,5,0
420000000,1,5,5,0
421000000,1,5,5,0
422000000,1,5,5,0
423000000,1,5,5,0
424000000,1,5,5,0
425000000,1,5,5,0
426000000,1,5,5,0
427000000,1,5,5,0
428000000,1,5,5,0
429000000,1,5,5,0
430000000,1,5,5,0
431000000,1,5,5,0
432000000,1,5,5,0
433000000,1,5,5,0
434000000,1,5,5,0
435000000,1,5,5,0
436000000,1,5,5,0
437000000,1,5,5,0
438000000,1,5,5,0
439000000,1,5,5,0
440000000,1,5,5,0
441000000,1,5,5,0
442000000,1,5,5,0
443000000,1,5,5,0
444000000,1,5,5,0
445000000,1,5,5,0
446000000,1,5,5,0
447000000,1,5,5,0
448000000,1,5,5,0
449000000,1,5,5,0
450000000,1,5,5,0
451000000,1,5,5,0
452000000,1,5,5,0
453000000,1,5,5,0
454000000,1,5,5,0
455000000,1,5,5,0
456000000,1,5,5,0
457000000,1,5,5,0
458000000,1,5,5,0
459000000,1,5,5,0
460000000,1,5,5,0
461000000,1,5,5,0
462000000,1,5,5,0
463000000,1,5,5,0
464000000,1,5,5,0
465000000,1,5,5,0
466000000,1,5,5,0
467000000,1,5,5,0
468000000,1,5,5,0
469000000,1,5,5,0
470000000,1,5,5,0
471000000,1,5,5,0
472000000,1,5,5,0
473000000,1,5,5,0
474000000,1,5,5,0
475000000,1,5,5,0
476000000,1,5,5,0
477000000,1,5,5,0
478000000,1,5,5,0
479000000,1,5,5,0
480000000,1,5,5,0
481000000,1,5,5,0
482000000,1,5,5,0
483000000,1,5,5,0
484000000,1,5,5,0
485000000,1,5,5,0
486000000,1,5,5,0
487000000,1,5,5,0
488000000,1,5,5,0
489000000,1,5,5,0
490000000,1,5,5,0
491000000,1,5,5,0
492000000,1,5,5,0
493000000,1,5,5,0
494000000,1,5,5,0
495000000,1,5,5,0
496000000,1,5,5,0
497000000,1,5,5,0
498000000,1,5,5,0
499000000,1,5,5,0
500000000,1,5,5,0
501000000,1,5,5,0
502000000,1,5,5,0
503000000,1,5,5,0
504000000,1,5,5,0
505000000,1,5,5,0
506000000,1,5,5,0
507000000,1,5,5,0
508000000,1,5,5,0
509000000,1,5,5,0
510000000,1,5,5,0
511000000,1,5,5,0
512000000,1,5,5,0
513000000,1,5,5,0
514000000,1,5,5,0
515000000,1,5,5,0
516000000,1,5,5,0
517000000,1,5,5,0
518000000,1,5,5,0
519000000,1,5,5,0
520000000,1,5,5,0
521000000,1,5,5,0
522000000,1,5,5,0
523000000,1,5,5,0
524000000,1,5,5,0
525000000,1,5,5,0
526000000,1,5,5,0
527000000,1,5,5,0
528000000,1,5,5,0
529000000,1,5,5,0
530000000,1,5,5,0
531000000,1,5,5,0
532000000,1,5,5,0
533000000,1,5,5,0
534000000,1,5,5,0
535000000,1,5,5,0
536000000,1,5,5,0
537000000,1,5,5,0
538000000,1,5,5,0
539000000,1,5,5,0
540000000,1,5,5,0
541000000,1,5,5,0
542000000,1,5,5,0
543000000,1,5,5,0
544000000,1,5,5,0
545000000,1,5,5,0
546000000,1,5,5,0
547000000,1,5,5,0
548000000,1,5,5,0
549000000,1,5,5,0
550000000,1,5,5,0
551000000,1,5,5,0
552000000,1,5,5,0
553000000,1,5,5,0
554000000,1,5,5,0
555000000,1,5,5,0
556000000,1,5,5,0
557000000,1,5,5,0
558000000,1,5,5,0
559000000,1,5,5,0
560000000,1,5,5,0
561000000,1,5,5,0
562000000,1,5,5,0
563000000,1,5,5,0
564000000,1,5,5,0
565000000,1,5,5,0
566000000,1,5,5,0
567000000,1,5,5,0
568000000,1,5,5,0
569000000,1,5,5,0
570000000,1,5,5,0
571000000,1,5,5,0
572000000,1,5,5,0
573000000,1,5,5,0
574000000,1,5,5,0
575000000,1,5,5,0
576000000,1,5,5,0
577000000,1,5,5,0
578000000,1,5,5,0
579000000,1,5,5,0
580000000,1,5,5,0
581000000,1,5,5,0
582000000,1,5,5,0
583000000,1,5,5,0
584000000,1,5,5,0
585000000,1,5,5,0
586000000,1,5,5,0
587000000,1,5,5,0
588000000,1,5,5,0
589000000,1,5,5,0
590000000,1,5,5,0
591000000,1,5,5,0
592000000,1,5,5,0
593000000,1,5,5,0
594000000,1,5,5,0
595000000,1,5,5,0
596000000,1,5,5,0
597000000,1,5,5,0
598000000,1,5,5,0
599000000,1,5,5,0
600000000,1,5,5,0
601000000,1,5,5,0
602000000,1,5,5,0
603000000,1,5,5,0
604000000,1,5,5,0
605000000,1,5,5,0
606000000,1,5,5,0
607000000,1,5,5,0
608000000,1,5,5,0
609000000,1,5,5,0
610000000,1,5,5,0
611000000,1,5,5,0
612000000,1,5,5,0
613000000,1,5,5,0
614000000,1,5,5,0
615000000,1,5,5,0
616000000,1,5,5,0
617000000,1,5,5,0
618000000,1,5,5,0
619000000,1,5,5,0
620000000,1,5,5,0
621000000,1,5,5,0
622000000,1,5,5,0
623000000,1,5,5,0
624000000,1,5,5,0
625000000,1,5,5,0
626000000,1,5,5,0
627000000,1,5,5,0
628000000,1,5,5,0
629000000,1,5,5,0
630000000,1,5,5,0
631000000,1,5,5,0
632000000,1,5,5,0
633000000,1,5,5,0
634000000,1,5,5,0
635000000,1,5,5,0
636000000,1,5,5,0
637000000,1,5,5,0
638000000,1,5,5,0
639000000,1,5,5,0
640000000,1,5,5,0
641000000,1,5,5,0
642000000,1,5,5,0
643000000,1,5,5,0
644000000,1,5,5,0
645000000,1,5,5,0
646000000,1,5,5,0
647000000,1,5,5,0
648000000,1,5,5,0
649000000,1,5,5,0
650000000,1,5,5,0
651000000,1,5,5,0
652000000,1,5,5,0
653000000,1,5,5,0
654000000,1,5,5,0
655000000,1,5,5,0
656000000,1,5,5,0
657000000,1,5,5,0
658000000,1,5,5,0
659000000,1,5,5,0
660000000,1,5,5,0
661000000,1,5,5,0
662000000,1,5,5,0
663000000,1,5,5,0
664000000,1,5,5,0
665000000,1,5,5,0
666000000,1,5,5,0
667000000,1,5,5,0
668000000,1,5,5,0
669000000,1,5,5,0
670000000,1,5,5,0
671000000,1,5,5,0
672000000,1,5,5,0
673000000,1,5,5,0
674000000,1,5,5,0
675000000,1,5,5,0
676000000,1,5,5,0
677000000,1,5,5,0
678000000,1,5,5,0
679000000,1,5,5,0
680000000,1,5,5,0
681000000,1,5,5,0
682000000,1,5,5,0
683000000,1,5,5,0
684000000,1,5,5,0
685000000,1,5,5,0
686000000,1,5,5,0
687000000,1,5,5,0
688000000,1,5,5,0
689000000,1,5,5,0
690000000,1,5,5,0
691000000,1,5,5,0
692000000,1,5,5,0
693000000,1,5,5,0
694000000,1,5,5,0
695000000,1,5,5,0
696000000,1,5,5,0
697000000,1,5,5,0
698000000,1,5,5,0
699000000,1,5,5,0
700000000,1,5,5,0
701000000,1,5,5,0
702000000,1,5,5,0
703000000,1,5,5,0
704000000,1,5,5,0
705000000,1,5,5,0
706000000,1,5,5,0
707000000,1,5,5,0
708000000,1,5,5,0
709000000,1,5,5,0
710000000,1,5,5,0
711000000,1,5,5,0
712000000,1,5,5,0
713000000,1,5,5,0
714000000,1,5,5,0
715000000,1,5,5,0
716000000,1,5,5,0
717000000,1,5,5,0
718000000,1,5,5,0
719000000,1,5,5,0
720000000,1,5,5,0
721000000,1,5,5,0
722000000,1,5,5,0
723000000,1,5,5,0
724000000,1,5,5,0
725000000,1,5,5,0
726000000,1,5,5,0
727000000,1,5,5,0
728000000,1,5,5,0
729000000,1,5,5,0
730000000,1,5,5,0
731000000,1,5,5,0
732000000,1,5,5,0
733000000,1,5,5,0
734000000,1,5,5,0
735000000,1,5,5,0
736000000,1,5,5,0
737000000,1,5,5,0
738000000,1,5,5,0
739000000,1,5,5,0
740000000,1,5,5,0
741000000,1,5,5,0
742000000,1,5,5,0
743000000,1,5,5,0
744000000,1,5,5,0
745000000,1,5,5,0
746000000,1,5,5,0
747000000,1,5,5,0
748000000,1,5,5,0
749000000,1,5,5,0
750000000,1,5,5,0
751000000,1,5,5,0
752000000,1,5,5,0
753000000,1,5,5,0
754000000,1,5,5,0
755000000,1,5,5,0
756000000,1,5,5,0
757000000,1,5,5,0
758000000,1,5,5,0
759000000,1,5,5,0
760000000,1,5,5,0
761000000,1,5,5,0
762000000,1,5,5,0
763000000,1,5,5,0
764000000,1,5,5,0
765000000,1,5,5,0
766000000,1,5,5,0
767000000,1,5,5,0
768000000,1,5,5,0
769000000,1,5,5,0
770000000,1,5,5,0
771000000,1,5,5,0
772000000,1,5,5,0
773000000,1,5,5,0
774000000,1,5,5,0
775000000,1,5,5,0
776000000,1,5,5,0
777000000,1,5,5,0
778000000,1,5,5,0
779000000,1,5,5,0
780000000,1,5,5,0
781000000,1,5,5,0
782000000,1,5,5,0
783000000,1,5,5,0
784000000,1,5,5,0
785000000,1,5,5,0
786000000,1,5,5,0
787000000,1,5,5,0
788000000,1,5,5,0
789000000,1,5,5,0
790000000,1,5,5,0
791000000,1,5,5,0
792000000,1,5,5,0
793000000,1,5,5,0
794000000,1,5,5,0
795000000,1,5,5,0
796000000,1,5,5,0
797000000,1,5,5,0
798000000,1,5,5,0
799000000,1,5,5,0
800000000,1,5,5,0
801000000,1,5,5,0
802000000,1,5,5,0
803000000,1,5,5,0
804000000,1,5,5,0
805000000,1,5,5,0
806000000,1,5,5,0
807000000,1,5,5,0
808000000,1,5,5,0
809000000,1,5,5,0
810000000,1,5,5,0
811000000,1,5,5,0
812000000,1,5,5,0
813000000,1,5,5,0
814000000,1,5,5,0
815000000,1,5,5,0
816000000,1,5,5,0
817000000,1,5,5,0
818000000,1,5,5,0
819000000,1,5,5,0
820000000,1,5,5,0
821000000,1,5,5,0
822000000,1,5,5,0
823000000,1,5,5,0
824000000,1,5,5,0
825000000,1,5,5,0
826000000,1,5,5,0
827000000,1,5,5,0
828000000,1,5,5,0
829000000,1,5,5,0
830000000,1,5,5,0
831000000,1,5,5,0
832000000,1,5,5,0
833000000,1,5,5,0
834000000,1,5,5,0
835000000,1,5,5,0
836000000,1,5,5,0
837000000,1,5,5,0
838000000,1,5,5,0
839000000,1,5,5,0
840000000,1,5,5,0
841000000,1,5,5,0
842000000,1,5,5,0
843000000,1,5,5,0
844000000,1,5,5,0
845000000,1,5,5,0
846000000,1,5,5,0
847000000,1,5,5,0
848000000,1,5,5,0
849000000,1,5,5,0
850000000,1,5,5,0
851000000,1,5,5,0
852000000,1,5,5,0
853000000,1,5,5,0
854000000,1,5,5,0
855000000,1,5,5,0
856000000,1,5,5,0
857000000,1,5,5,0
858000000,1,5,5,0
859000000,1,5,5,0
860000000,1,5,5,0
861000000,1,5,5,0
862000000,1,5,5,0
863000000,1,5,5,0
864000000,1,5,5,0
865000000,1,5,5,0
866000000,1,5,5,0
867000000,1,5,5,0
868000000,1,5,5,0
869000000,1,5,5,0
870000000,1,5,5,0
871000000,1,5,5,0
872000000,1,5,5,0
873000000,1,5,5,0
874000000,1,5,5,0
875000000,1,5,5,0
876000000,1,5,5,0
877000000,1,5,5,0
878000000,1,5,5,0
879000000,1,5,5,0
880000000,1,5,5,0
881000000,1,5,5,0
882000000,1,5,5,0
883000000,1,5,5,0
884000000,1,5,5,0
885000000,1,5,5,0
886000000,1,5,5,0
887000000,1,5,5,0
888000000,1,5,5,0
889000000,1,5,5,0
890000000,1,5,5,0
891000000,1,5,5,0
892000000,1,5,5,0
893000000,1,5,5,0
894000000,1,5,5,0
895000000,1,5,5,0
896000000,1,5,5,0
897000000,1,5,5,0
898000000,1,5,5,0
899000000,1,5,5,0
900000000,1,5,5,0
901000000,1,5,5,0
902000000,1,5,5,0
903000000,1,5,5,0
904000000,1,5,5,0
905000000,1,5,5,0
906000000,1,5,5,0
907000000,1,5,5,0
908000000,1,5,5,0
909000000,1,5,5,0
910000000,1,5,5,0
911000000,1,5,5,0
912000000,1,5,5,0
913000000,1,5,5,0
914000000,1,5,5,0
915000000,1,5,5,0
916000000,1,5,5,0
917000000,1,5,5,0
918000000,1,5,5,0
919000000,1,5,5,0
920000000,1,5,5,0
921000000,1,5,5,0
922000000,1,5,5,0
923000000,1,5,5,0
924000000,1,5,5,0
925000000,1,5,5,0
926000000,1,5,5,0
927000000,1,5,5,0
928000000,1,5,5,0
929000000,1,5,5,0
930000000,1,5,5,0
931000000,1,5,5,0
932000000,1,5,5,0
933000000,1,5,5,0
934000000,1,5,5,0
935000000,1,5,5,0
936000000,1,5,5,0
937000000,1,5,5,0
938000000,1,5,5,0
939000000,1,5,5,0
940000000,1,5,5,0
941000000,1,5,5,0
942000000,1,5,5,0
943000000,1,5,5,0
944000000,1,5,5,0
945000000,1,5,5,0
946000000,1,5,5,0
947000000,1,5,5,0
948000000,1,5,5,0
949000000,1,5,5,0
950000000,1,5,5,0
951000000,1,5,5,0
952000000,1,5,5,0
953000000,1,5,5,0
954000000,1,5,5,0
955000000,1,5,5,0
956000000,1,5,5,0
957000000,1,5,5,0
958000000,1,5,5,0
959000000,1,5,5,0
960000000,1,5,5,0
961000000,1,5,5,0
962000000,1,5,5,0
963000000,1,5,5,0
964000000,1,5,5,0
965000000,1,5,5,0
966000000,1,5,5,0
967000000,1,5,5,0
968000000,1,5,5,0
969000000,1,5,5,0
970000000,1,5,5,0
971000000,1,5,5,0
972000000,1,5,5,0
973000000,1,5,5,0
974000000,1,5,5,0
975000000,1,5,5,0
976000000,1,5,5,0
977000000,1,5,5,0
978000000,1,5,5,0
979000000,1,5,5,0
980000000,1,5,5,0
981000000,1,5,5,0
982000000,1,5,5,0
983000000,1,5,5,0
984000000,1,5,5,0
985000000,1,5,5,0
986000000,1,5,5,0
987000000,1,5,5,0
988000000,1,5,5,0
989000000,1,5,5,0
990000000,1,5,5,0
991000000,1,5,5,0
992000000,1,5,5,0
993000000,1,5,5,0
994000000,1,5,5,0
995000000,1,5,5,0
996000000,1,5,5,0
997000000,1,5,5,0
998000000,1,5,5,0
999000000,1,5,5,0
1000000,2,1,5,0
2000000,2,1,5,0
3000000,2,1,5,0
4000000,2,1,5,0
5000000,2,1,5,0
6000000,2,1,5,0
7000000,2,1,5,0
8000000,2,1,5,0
9000000,2,1,5,0
10000000,2,1,5,0
11000000,2,1,5,0
12000000,2,1,5,0
13000000,2,1,5,0
14000000,2,1,5,0
15000000,2,1,5,0
16000000,2,1,5,0
17000000,2,1,5,0
18000000,2,1,5,0
19000000,2,1,5,0
20000000,2,1,5,0
21000000,2,1,5,0
22000000,2,1,5,0
23000000,2,1,5,0
24000000,2,1,5,0
25000000,2,1,5,0
26000000,2,1,5,0
27000000,2,1,5,0
28000000,2,1,5,0
29000000,2,1,5,0
30000000,2,1,5,0
31000000,2,1,5,0
32000000,2,1,5,0
33000000,2,1,5,0
34000000,2,1,5,0
35000000,2,1,5,0
36000000,2,1,5,0
37000000,2,1,5,0
38000000,2,1,5,0
39000000,2,1,5,0
40000000,2,1,5,0
41000000,2,1,5,0
42000000,2,1,5,0
43000000,2,1,5,0
44000000,2,1,5,0
45000000,2,1,5,0
46000000,2,1,5,0
47000000,2,1,5,0
48000000,2,1,5,0
49000000,2,1,5,0
50000000,2,1,5,0
51000000,2,1,5,0
52000000,2,1,5,0
53000000,2,1,5,0
54000000,2,1,5,0
55000000,2,1,5,0
56000000,2,1,5,0
57000000,2,1,5,0
58000000,2,1,5,0
59000000,2,1,5,0
60000000,2,1,5,0
61000000,2,1,5,0
62000000,2,1,5,0
63000000,2,1,5,0
64000000,2,1,5,0
65000000,2,1,5,0
66000000,2,1,5,0
67000000,2,1,5,0
68000000,2,1,5,0
69000000,2,1,5,0
70000000,2,1,5,0
71000000,2,1,5,0
72000000,2,1,5,0
73000000,2,1,5,0
74000000,2,1,5,0
75000000,2,1,5,0
76000000,2,1,5,0
77000000,2,1,5,0
78000000,2,1,5,0
79000000,2,1,5,0
80000000,2,1,5,0
81000000,2,1,5,0
82000000,2,1,5,0
83000000,2,1,5,0
84000000,2,1,5,0
85000000,2,1,5,0
86000000,2,1,5,0
87000000,2,1,5,0
88000000,2,1,5,0
89000000,2,1,5,0
90000000,2,1,5,0
91000000,2,1,5,0
92000000,2,1,5,0
93000000,2,1,5,0
94000000,2,1,5,0
95000000,2,1,5,0
96000000,2,1,5,0
97000000,2,1,5,0
98000000,2,1,5,0
99000000,2,1,5,0
100000000,2,1,5,0
101000000,2,1,5,0
102000000,2,1,5,0
103000000,2,1,5,0
104000000,2,1,5,0
105000000,2,1,5,0
106000000,2,1,5,0
107000000,2,1,5,0
108000000,2,1,5,0
109000000,2,1,5,0
110000000,2,1,5,0
111000000,2,1,5,0
112000000,2,1,5,0
113000000,2,1,5,0
114000000,2,1,5,0
115000000,2,1,5,0
116000000,2,1,5,0
117000000,2,1,5,0
118000000,2,1,5,0
119000000,2,1,5,0
120000000,2,1,5,0
121000000,2,1,5,0
122000000,2,1,5,0
123000000,2,1,5,0
124000000,2,1,5,0
125000000,2,1,5,0
126000000,2,1,5,0
127000000,2,1,5,0
128000000,2,1,5,0
129000000,2,1,5,0
130000000,2,1,5,0
131000000,2,1,5,0
132000000,2,1,5,0
133000000,2,1,5,0
134000000,2,1,5,0
135000000,2,1,5,0
136000000,2,1,5,0
137000000,2,1,5,0
138000000,2,1,5,0
139000000,2,1,5,0
140000000,2,1,5,0
141000000,2,1,5,0
142000000,2,1,5,0
143000000,2,1,5,0
144000000,2,1,5,0
145000000,2,1,5,0
146000000,2,1,5,0
147000000,2,1,5,0
148000000,2,1,5,0
149000000,2,1,5,0
150000000,2,1,5,0
151000000,2,1,5,0
152000000,2,1,5,0
153000000,2,1,5,0
154000000,2,1,5,0
155000000,2,1,5,0
156000000,2,1,5,0
157000000,2,1,5,0
158000000,2,1,5,0
159000000,2,1,5,0
160000000,2,1,5,0
161000000,2,1,5,0
162000000,2,1,5,0
163000000,2,1,5,0
164000000,2,1,5,0
165000000,2,1,5,0
166000000,2,1,5,0
167000000,2,1,5,0
168000000,2,1,5,0
169000000,2,1,5,0
170000000,2,1,5,0
171000000,2,1,5,0
172000000,2,1,5,0
173000000,2,1,5,0
174000000,2,1,5,0
175000000,2,1,5,0
176000000,2,1,5,0
177000000,2,1,5,0
178000000,2,1,5,0
179000000,2,1,5,0
180000000,2,1,5,0
181000000,2,1,5,0
182000000,2,1,5,0
183000000,2,1,5,0
184000000,2,1,5,0
185000000,2,1,5,0
186000000,2,1,5,0
187000000,2,1,5,0
188000000,2,1,5,0
189000000,2,1,5,0
190000000,2,1,5,0
191000000,2,1,5,0
192000000,2,1,5,0
193000000,2,1,5,0
194000000,2,1,5,0
195000000,2,1,5,0
196000000,2,1,5,0
197000000,2,1,5,0
198000000,2,1,5,0
199000000,2,1,5,0
200000000,2,1,5,0
201000000,2,1,5,0
202000000,2,1,5,0
203000000,2,1,5,0
204000000,2,1,5,0
205000000,2,1,5,0
206000000,2,1,5,0
207000000,2,1,5,0
208000000,2,1,5,0
209000000,2,1,5,0
210000000,2,1,5,0
211000000,2,1,5,0
212000000,2,1,5,0
213000000,2,1,5,0
214000000,2,1,5,0
215000000,2,1,5,0
216000000,2,1,5,0
217000000,2,1,5,0
218000000,2,1,5,0
219000000,2,1,5,0
220000000,2,1,5,0
221000000,2,1,5,0
222000000,2,1,5,0
223000000,2,1,5,0
224000000,2,1,5,0
225000000,2,1,5,0
226000000,2,1,5,0
227000000,2,1,5,0
228000000,2,1,5,0
229000000,2,1,5,0
230000000,2,1,5,0
231000000,2,1,5,0
232000000,2,1,5,0
233000000,2,1,5,0
234000000,2,1,5,0
235000000,2,1,5,0
236000000,2,1,5,0
237000000,2,1,5,0
238000000,2,1,5,0
239000000,2,1,5,0
240000000,2,1,5,0
241000000,2,1,5,0
242000000,2,1,5,0
243000000,2,1,5,0
244000000,2,1,5,0
245000000,2,1,5,0
246000000,2,1,5,0
247000000,2,1,5,0
248000000,2,1,5,0
249000000,2,1,5,0
250000000,2,1,5,0
251000000,2,1,5,0
252000000,2,1,5,0
253000000,2,1,5,0
254000000,2,1,5,0
255000000,2,1,5,0
256000000,2,1,5,0
257000000,2,1,5,0
258000000,2,1,5,0
259000000,2,1,5,0
260000000,2,1,5,0
261000000,2,1,5,0
262000000,2,1,5,0
263000000,2,1,5,0
264000000,2,1,5,0
265000000,2,1,5,0
266000000,2,1,5,0
267000000,2,1,5,0
268000000,2,1,5,0
269000000,2,1,5,0
270000000,2,1,5,0
271000000,2,1,5,0
272000000,2,1,5,0
273000000,2,1,5,0
274000000,2,1,5,0
275000000,2,1,5,0
276000000,2,1,5,0
277000000,2,1,5,0
278000000,2,1,5,0
279000000,2,1,5,0
280000000,2,1,5,0
281000000,2,1,5,0
282000000,2,1,5,0
283000000,2,1,5,0
284000000,2,1,5,0
285000000,2,1,5,0
286000000,2,1,5,0
287000000,2,1,5,0
288000000,2,1,5,0
289000000,2,1,5,0
290000000,2,1,5,0
291000000,2,1,5,0
292000000,2,1,5,0
293000000,2,1,5,0
294000000,2,1,5,0
295000000,2,1,5,0
296000000,2,1,5,0
297000000,2,1,5,0
298000000,2,1,5,0
299000000,2,1,5,0
300000000,2,1,5,0
301000000,2,1,5,0
302000000,2,1,5,0
303000000,2,1,5,0
304000000,2,1,5,0
305000000,2,1,5,0
306000000,2,1,5,0
307000000,2,1,5,0
308000000,2,1,5,0
309000000,2,1,5,0
310000000,2,1,5,0
311000000,2,1,5,0
312000000,2,1,5,0
313000000,2,1,5,0
314000000,2,1,5,0
315000000,2,1,5,0
316000000,2,1,5,0
317000000,2,1,5,0
318000000,2,1,5,0
319000000,2,1,5,0
320000000,2,1,5,0
321000000,2,1,5,0
322000000,2,1,5,0
323000000,2,1,5,0
324000000,2,1,5,0
325000000,2,1,5,0
326000000,2,1,5,0
327000000,2,1,5,0
328000000,2,1,5,0
329000000,2,1,5,0
330000000,2,1,5,0
331000000,2,1,5,0
332000000,2,1,5,0
333000000,2,1,5,0
334000000,2,1,5,0
335000000,2,1,5,0
336000000,2,1,5,0
337000000,2,1,5,0
338000000,2,1,5,0
339000000,2,1,5,0
340000000,2,1,5,0
341000000,2,1,5,0
342000000,2,1,5,0
343000000,2,1,5,0
344000000,2,1,5,0
345000000,2,1,5,0
346000000,2,1,5,0
347000000,2,1,5,0
348000000,2,1,5,0
349000000,2,1,5,0
350000000,2,1,5,0
351000000,2,1,5,0
352000000,2,1,5,0
353000000,2,1,5,0
354000000,2,1,5,0
355000000,2,1,5,0
356000000,2,1,5,0
357000000,2,1,5,0
358000000,2,1,5,0
359000000,2,1,5,0
360000000,2,1,5,0
361000000,2,1,5,0
362000000,2,1,5,0
363000000,2,1,5,0
364000000,2,1,5,0
365000000,2,1,5,0
366000000,2,1,5,0
367000000,2,1,5,0
368000000,2,1,5,0
369000000,2,1,5,0
370000000,2,1,5,0
371000000,2,1,5,0
372000000,2,1,5,0
373000000,2,1,5,0
374000000,2,1,5,0
375000000,2,1,5,0
376000000,2,1,5,0
377000000,2,1,5,0
378000000,2,1,5,0
379000000,2,1,5,0
380000000,2,1,5,0
381000000,2,1,5,0
382000000,2,1,5,0
383000000,2,1,5,0
384000000,2,1,5,0
385000000,2,1,5,0
386000000,2,1,5,0
387000000,2,1,5,0
388000000,2,1,5,0
389000000,2,1,5,0
390000000,2,1,5,0
391000000,2,1,5,0
392000000,2,1,5,0
393000000,2,1,5,0
394000000,2,1,5,0
395000000,2,1,5,0
396000000,2,1,5,0
397000000,2,1,5,0
398000000,2,1,5,0
399000000,2,1,5,0
400000000,2,1,5,0
401000000,2,1,5,0
402000000,2,1,5,0
403000000,2,1,5,0
404000000,2,1,5,0
405000000,2,1,5,0
406000000,2,1,5,0
407000000,2,1,5,0
408000000,2,1,5,0
409000000,2,1,5,0
410000000,2,1,5,0
411000000,2,1,5,0
412000000,2,1,5,0
413000000,2,1,5,0
414000000,2,1,5,0
415000000,2,1,5,0
416000000,2,1,5,0
417000000,2,1,5,0
418000000,2,1,5,0
419000000,2,1,5,0
420000000,2,1,5,0
421000000,2,1,5,0
422000000,2,1,5,0
423000000,2,1,5,0
424000000,2,1,5,0
425000000,2,1,5,0
426000000,2,1,5,0
427000000,2,1,5,0
428000000,2,1,5,0
429000000,2,1,5,0
430000000,2,1,5,0
431000000,2,1,5,0
432000000,2,1,5,0
433000000,2,1,5,0
434000000,2,1,5,0
435000000,2,1,5,0
436000000,2,1,5,0
437000000,2,1,5,0
438000000,2,1,5,0
439000000,2,1,5,0
440000000,2,1,5,0
441000000,2,1,5,0
442000000,2,1,5,0
443000000,2,1,5,0
444000000,2,1,5,0
445000000,2,1,5,0
446000000,2,1,5,0
447000000,2,1,5,0
448000000,2,1,5,0
449000000,2,1,5,0
450000000,2,1,5,0
451000000,2,1,5,0
452000000,2,1,5,0
453000000,2,1,5,0
454000000,2,1,5,0
455000000,2,1,5,0
456000000,2,1,5,0
457000000,2,1,5,0
458000000,2,1,5,0
459000000,2,1,5,0
460000000,2,1,5,0
461000000,2,1,5,0
462000000,2,1,5,0
463000000,2,1,5,0
464000000,2,1,5,0
465000000,2,1,5,0
466000000,2,1,5,0
467000000,2,1,5,0
468000000,2,1,5,0
469000000,2,1,5,0
470000000,2,1,5,0
471000000,2,1,5,0
472000000,2,1,5,0
473000000,2,1,5,0
474000000,2,1,5,0
475000000,2,1,5,0
476000000,2,1,5,0
477000000,2,1,5,0
478000000,2,1,5,0
479000000,2,1,5,0
480000000,2,1,5,0
481000000,2,1,5,0
482000000,2,1,5,0
483000000,2,1,5,0
484000000,2,1,5,0
485000000,2,1,5,0
486000000,2,1,5,0
487000000,2,1,5,0
488000000,2,1,5,0
489000000,2,1,5,0
490000000,2,1,5,0
491000000,2,1,5,0
492000000,2,1,5,0
493000000,2,1,5,0
494000000,2,1,5,0
495000000,2,1,5,0
496000000,2,1,5,0
497000000,2,1,5,0
498000000,2,1,5,0
499000000,2,1,5,0
500000000,2,1,5,0
501000000,2,1,5,0
502000000,2,1,5,0
503000000,2,1,5,0
504000000,2,1,5,0
505000000,2,1,5,0
506000000,2,1,5,0
507000000,2,1,5,0
508000000,2,1,5,0
509000000,2,1,5,0
510000000,2,1,5,0
511000000,2,1,5,0
512000000,2,1,5,0
513000000,2,1,5,0
514000000,2,1,5,0
515000000,2,1,5,0
516000000,2,1,5,0
517000000,2,1,5,0
518000000,2,1,5,0
519000000,2,1,5,0
520000000,2,1,5,0
521000000,2,1,5,0
522000000,2,1,5,0
523000000,2,1,5,0
524000000,2,1,5,0
525000000,2,1,5,0
526000000,2,1,5,0
527000000,2,1,5,0
528000000,2,1,5,0
529000000,2,1,5,0
530000000,2,1,5,0
531000000,2,1,5,0
532000000,2,1,5,0
533000000,2,1,5,0
534000000,2,1,5,0
535000000,2,1,5,0
536000000,2,1,5,0
537000000,2,1,5,0
538000000,2,1,5,0
539000000,2,1,5,0
540000000,2,1,5,0
541000000,2,1,5,0
542000000,2,1,5,0
543000000,2,1,5,0
544000000,2,1,5,0
545000000,2,1,5,0
546000000,2,1,5,0
547000000,2,1,5,0
548000000,2,1,5,0
549000000,2,1,5,0
550000000,2,1,5,0
551000000,2,1,5,0
552000000,2,1,5,0
553000000,2,1,5,0
554000000,2,1,5,0
555000000,2,1,5,0
556000000,2,1,5,0
557000000,2,1,5,0
558000000,2,1,5,0
559000000,2,1,5,0
560000000,2,1,5,0
561000000,2,1,5,0
562000000,2,1,5,0
563000000,2,1,5,0
564000000,2,1,5,0
565000000,2,1,5,0
566000000,2,1,5,0
567000000,2,1,5,0
568000000,2,1,5,0
569000000,2,1,5,0
570000000,2,1,5,0
571000000,2,1,5,0
572000000,2,1,5,0
573000000,2,1,5,0
574000000,2,1,5,0
575000000,2,1,5,0
576000000,2,1,5,0
577000000,2,1,5,0
578000000,2,1,5,0
579000000,2,1,5,0
580000000,2,1,5,0
581000000,2,1,5,0
582000000,2,1,5,0
583000000,2,1,5,0
584000000,2,1,5,0
585000000,2,1,5,0
586000000,2,1,5,0
587000000,2,1,5,0
588000000,2,1,5,0
589000000,2,1,5,0
590000000,2,1,5,0
591000000,2,1,5,0
592000000,2,1,5,0
593000000,2,1,5,0
594000000,2,1,5,0
595000000,2,1,5,0
596000000,2,1,5,0
597000000,2,1,5,0
598000000,2,1,5,0
599000000,2,1,5,0
600000000,2,1,5,0
601000000,2,1,5,0
602000000,2,1,5,0
603000000,2,1,5,0
604000000,2,1,5,0
605000000,2,1,5,0
606000000,2,1,5,0
607000000,2,1,5,0
608000000,2,1,5,0
609000000,2,1,5,0
610000000,2,1,5,0
611000000,2,1,5,0
612000000,2,1,5,0
613000000,2,1,5,0
614000000,2,1,5,0
615000000,2,1,5,0
616000000,2,1,5,0
617000000,2,1,5,0
618000000,2,1,5,0
619000000,2,1,5,0
620000000,2,1,5,0
621000000,2,1,5,0
622000000,2,1,5,0
623000000,2,1,5,0
624000000,2,1,5,0
625000000,2,1,5,0
626000000,2,1,5,0
627000000,2,1,5,0
628000000,2,1,5,0
629000000,2,1,5,0
630000000,2,1,5,0
631000000,2,1,5,0
632000000,2,1,5,0
633000000,2,1,5,0
634000000,2,1,5,0
635000000,2,1,5,0
636000000,2,1,5,0
637000000,2,1,5,0
638000000,2,1,5,0
639000000,2,1,5,0
640000000,2,1,5,0
641000000,2,1,5,0
642000000,2,1,5,0
643000000,2,1,5,0
644000000,2,1,5,0
645000000,2,1,5,0
646000000,2,1,5,0
647000000,2,1,5,0
648000000,2,1,5,0
649000000,2,1,5,0
650000000,2,1,5,0
651000000,2,1,5,0
652000000,2,1,5,0
653000000,2,1,5,0
654000000,2,1,5,0
655000000,2,1,5,0
656000000,2,1,5,0
657000000,2,1,5,0
658000000,2,1,5,0
659000000,2,1,5,0
660000000,2,1,5,0
661000000,2,1,5,0
662000000,2,1,5,0
663000000,2,1,5,0
664000000,2,1,5,0
665000000,2,1,5,0
666000000,2,1,5,0
667000000,2,1,5,0
668000000,2,1,5,0
669000000,2,1,5,0
670000000,2,1,5,0
671000000,2,1,5,0
672000000,2,1,5,0
673000000,2,1,5,0
674000000,2,1,5,0
675000000,2,1,5,0
676000000,2,1,5,0
677000000,2,1,5,0
678000000,2,1,5,0
679000000,2,1,5,0
680000000,2,1,5,0
681000000,2,1,5,0
682000000,2,1,5,0
683000000,2,1,5,0
684000000,2,1,5,0
685000000,2,1,5,0
686000000,2,1,5,0
687000000,2,1,5,0
688000000,2,1,5,0
689000000,2,1,5,0
690000000,2,1,5,0
691000000,2,1,5,0
692000000,2,1,5,0
693000000,2,1,5,0
694000000,2,1,5,0
695000000,2,1,5,0
696000000,2,1,5,0
697000000,2,1,5,0
698000000,2,1,5,0
699000000,2,1,5,0
700000000,2,1,5,0
701000000,2,1,5,0
702000000,2,1,5,0
703000000,2,1,5,0
704000000,2,1,5,0
705000000,2,1,5,0
706000000,2,1,5,0
707000000,2,1,5,0
708000000,2,1,5,0
709000000,2,1,5,0
710000000,2,1,5,0
711000000,2,1,5,0
712000000,2,1,5,0
713000000,2,1,5,0
714000000,2,1,5,0
715000000,2,1,5,0
716000000,2,1,5,0
717000000,2,1,5,0
718000000,2,1,5,0
719000000,2,1,5,0
720000000,2,1,5,0
721000000,2,1,5,0
722000000,2,1,5,0
723000000,2,1,5,0
724000000,2,1,5,0
725000000,2,1,5,0
726000000,2,1,5,0
727000000,2,1,5,0
728000000,2,1,5,0
729000000,2,1,5,0
730000000,2,1,5,0
731000000,2,1,5,0
732000000,2,1,5,0
733000000,2,1,5,0
734000000,2,1,5,0
735000000,2,1,5,0
736000000,2,1,5,0
737000000,2,1,5,0
738000000,2,1,5,0
739000000,2,1,5,0
740000000,2,1,5,0
741000000,2,1,5,0
742000000,2,1,5,0
743000000,2,1,5,0
744000000,2,1,5,0
745000000,2,1,5,0
746000000,2,1,5,0
747000000,2,1,5,0
748000000,2,1,5,0
749000000,2,1,5,0
750000000,2,1,5,0
751000000,2,1,5,0
752000000,2,1,5,0
753000000,2,1,5,0
754000000,2,1,5,0
755000000,2,1,5,0
756000000,2,1,5,0
757000000,2,1,5,0
758000000,2,1,5,0
759000000,2,1,5,0
760000000,2,1,5,0
761000000,2,1,5,0
762000000,2,1,5,0
763000000,2,1,5,0
764000000,2,1,5,0
765000000,2,1,5,0
766000000,2,1,5,0
767000000,2,1,5,0
768000000,2,1,5,0
769000000,2,1,5,0
770000000,2,1,5,0
771000000,2,1,5,0
772000000,2,1,5,0
773000000,2,1,5,0
774000000,2,1,5,0
775000000,2,1,5,0
776000000,2,1,5,0
777000000,2,1,5,0
778000000,2,1,5,0
779000000,2,1,5,0
780000000,2,1,5,0
781000000,2,1,5,0
782000000,2,1,5,0
783000000,2,1,5,0
784000000,2,1,5,0
785000000,2,1,5,0
786000000,2,1,5,0
787000000,2,1,5,0
788000000,2,1,5,0
789000000,2,1,5,0
790000000,2,1,5,0
791000000,2,1,5,0
792000000,2,1,5,0
793000000,2,1,5,0
794000000,2,1,5,0
795000000,2,1,5,0
796000000,2,1,5,0
797000000,2,1,5,0
798000000,2,1,5,0
799000000,2,1,5,0
800000000,2,1,5,0
801000000,2,1,5,0
802000000,2,1,5,0
803000000,2,1,5,0
804000000,2,1,5,0
805000000,2,1,5,0
806000000,2,1,5,0
807000000,2,1,5,0
808000000,2,1,5,0
809000000,2,1,5,0
810000000,2,1,5,0
811000000,2,1,5,0
812000000,2,1,5,0
813000000,2,1,5,0
814000000,2,1,5,0
815000000,2,1,5,0
816000000,2,1,5,0
817000000,2,1,5,0
818000000,2,1,5,0
819000000,2,1,5,0
820000000,2,1,5,0
821000000,2,1,5,0
822000000,2,1,5,0
823000000,2,1,5,0
824000000,2,1,5,0
825000000,2,1,5,0
826000000,2,1,5,0
827000000,2,1,5,0
828000000,2,1,5,0
829000000,2,1,5,0
830000000,2,1,5,0
831000000,2,1,5,0
832000000,2,1,5,0
833000000,2,1,5,0
834000000,2,1,5,0
835000000,2,1,5,0
836000000,2,1,5,0
837000000,2,1,5,0
838000000,2,1,5,0
839000000,2,1,5,0
840000000,2,1,5,0
841000000,2,1,5,0
842000000,2,1,5,0
843000000,2,1,5,0
844000000,2,1,5,0
845000000,2,1,5,0
846000000,2,1,5,0
847000000,2,1,5,0
848000000,2,1,5,0
849000000,2,1,5,0
850000000,2,1,5,0
851000000,2,1,5,0
852000000,2,1,5,0
853000000,2,1,5,0
854000000,2,1,5,0
855000000,2,1,5,0
856000000,2,1,5,0
857000000,2,1,5,0
858000000,2,1,5,0
859000000,2,1,5,0
860000000,2,1,5,0
861000000,2,1,5,0
862000000,2,1,5,0
863000000,2,1,5,0
864000000,2,1,5,0
865000000,2,1,5,0
866000000,2,1,5,0
867000000,2,1,5,0
868000000,2,1,5,0
869000000,2,1,5,0
870000000,2,1,5,0
871000000,2,1,5,0
872000000,2,1,5,0
873000000,2,1,5,0
874000000,2,1,5,0
875000000,2,1,5,0
876000000,2,1,5,0
877000000,2,1,5,0
878000000,2,1,5,0
879000000,2,1,5,0
880000000,2,1,5,0
881000000,2,1,5,0
882000000,2,1,5,0
883000000,2,1,5,0
884000000,2,1,5,0
885000000,2,1,5,0
886000000,2,1,5,0
887000000,2,1,5,0
888000000,2,1,5,0
889000000,2,1,5,0
890000000,2,1,5,0
891000000,2,1,5,0
892000000,2,1,5,0
893000000,2,1,5,0
894000000,2,1,5,0
895000000,2,1,5,0
896000000,2,1,5,0
897000000,2,1,5,0
898000000,2,1,5,0
899000000,2,1,5,0
900000000,2,1,5,0
901000000,2,1,5,0
902000000,2,1,5,0
903000000,2,1,5,0
904000000,2,1,5,0
905000000,2,1,5,0
906000000,2,1,5,0
907000000,2,1,5,0
908000000,2,1,5,0
909000000,2,1,5,0
910000000,2,1,5,0
911000000,2,1,5,0
912000000,2,1,5,0
913000000,2,1,5,0
914000000,2,1,5,0
915000000,2,1,5,0
916000000,2,1,5,0
917000000,2,1,5,0
918000000,2,1,5,0
919000000,2,1,5,0
920000000,2,1,5,0
921000000,2,1,5,0
922000000,2,1,5,0
923000000,2,1,5,0
924000000,2,1,5,0
925000000,2,1,5,0
926000000,2,1,5,0
927000000,2,1,5,0
928000000,2,1,5,0
929000000,2,1,5,0
930000000,2,1,5,0
931000000,2,1,5,0
932000000,2,1,5,0
933000000,2,1,5,0
934000000,2,1,5,0
935000000,2,1,5,0
936000000,2,1,5,0
937000000,2,1,5,0
938000000,2,1,5,0
939000000,2,1,5,0
940000000,2,1,5,0
941000000,2,1,5,0
942000000,2,1,5,0
943000000,2,1,5,0
944000000,2,1,5,0
945000000,2,1,5,0
946000000,2,1,5,0
947000000,2,1,5,0
948000000,2,1,5,0
949000000,2,1,5,0
950000000,2,1,5,0
951000000,2,1,5,0
952000000,2,1,5,0
953000000,2,1,5,0
954000000,2,1,5,0
955000000,2,1,5,0
956000000,2,1,5,0
957000000,2,1,5,0
958000000,2,1,5,0
959000000,2,1,5,0
960000000,2,1,5,0
961000000,2,1,5,0
962000000,2,1,5,0
963000000,2,1,5,0
964000000,2,1,5,0
965000000,2,1,5,0
966000000,2,1,5,0
967000000,2,1,5,0
968000000,2,1,5,0
969000000,2,1,5,0
970000000,2,1,5,0
971000000,2,1,5,0
972000000,2,1,5,0
973000000,2,1,5,0
974000000,2,1,5,0
975000000,2,1,5,0
976000000,2,1,5,0
977000000,2,1,5,0
978000000,2,1,5,0
979000000,2,1,5,0
980000000,2,1,5,0
981000000,2,1,5,0
982000000,2,1,5,0
983000000,2,1,5,0
984000000,2,1,5,0
985000000,2,1,5,0
986000000,2,1,5,0
987000000,2,1,5,0
988000000,2,1,5,0
989000000,2,1,5,0
990000000,2,1,5,0
991000000,2,1,5,0
992000000,2,1,5,0
993000000,2,1,5,0
994000000,2,1,5,0
995000000,2,1,5,0
996000000,2,1,5,0
997000000,2,1,5,0
998000000,2,1,5,0
999000000,2,1,5,0
1000000,2,2,5,0
2000000,2,2,5,0
3000000,2,2,5,0
4000000,2,2,5,0
5000000,2,2,5,0
6000000,2,2,5,0
7000000,2,2,5,0
8000000,2,2,5,0
9000000,2,2,5,0
10000000,2,2,5,0
11000000,2,2,5,0
12000000,2,2,5,0
13000000,2,2,5,0
14000000,2,2,5,0
15000000,2,2,5,0
16000000,2,2,5,0
17000000,2,2,5,0
18000000,2,2,5,0
19000000,2,2,5,0
20000000,2,2,5,0
21000000,2,2,5,0
22000000,2,2,5,0
23000000,2,2,5,0
24000000,2,2,5,0
25000000,2,2,5,0
26000000,2,2,5,0
27000000,2,2,5,0
28000000,2,2,5,0
29000000,2,2,5,0
30000000,2,2,5,0
31000000,2,2,5,0
32000000,2,2,5,0
33000000,2,2,5,0
34000000,2,2,5,0
35000000,2,2,5,0
36000000,2,2,5,0
37000000,2,2,5,0
38000000,2,2,5,0
39000000,2,2,5,0
40000000,2,2,5,0
41000000,2,2,5,0
42000000,2,2,5,0
43000000,2,2,5,0
44000000,2,2,5,0
45000000,2,2,5,0
46000000,2,2,5,0
47000000,2,2,5,0
48000000,2,2,5,0
49000000,2,2,5,0
50000000,2,2,5,0
51000000,2,2,5,0
52000000,2,2,5,0
53000000,2,2,5,0
54000000,2,2,5,0
55000000,2,2,5,0
56000000,2,2,5,0
57000000,2,2,5,0
58000000,2,2,5,0
59000000,2,2,5,0
60000000,2,2,5,0
61000000,2,2,5,0
62000000,2,2,5,0
63000000,2,2,5,0
64000000,2,2,5,0
65000000,2,2,5,0
66000000,2,2,5,0
67000000,2,2,5,0
68000000,2,2,5,0
69000000,2,2,5,0
70000000,2,2,5,0
71000000,2,2,5,0
72000000,2,2,5,0
73000000,2,2,5,0
74000000,2,2,5,0
75000000,2,2,5,0
76000000,2,2,5,0
77000000,2,2,5,0
78000000,2,2,5,0
79000000,2,2,5,0
80000000,2,2,5,0
81000000,2,2,5,0
82000000,2,2,5,0
83000000,2,2,5,0
84000000,2,2,5,0
85000000,2,2,5,0
86000000,2,2,5,0
87000000,2,2,5,0
88000000,2,2,5,0
89000000,2,2,5,0
90000000,2,2,5,0
91000000,2,2,5,0
92000000,2,2,5,0
93000000,2,2,5,0
94000000,2,2,5,0
95000000,2,2,5,0
96000000,2,2,5,0
97000000,2,2,5,0
98000000,2,2,5,0
99000000,2,2,5,0
100000000,2,2,5,0
101000000,2,2,5,0
102000000,2,2,5,0
103000000,2,2,5,0
104000000,2,2,5,0
105000000,2,2,5,0
106000000,2,2,5,0
107000000,2,2,5,0
108000000,2,2,5,0
109000000,2,2,5,0
110000000,2,2,5,0
111000000,2,2,5,0
112000000,2,2,5,0
113000000,2,2,5,0
114000000,2,2,5,0
115000000,2,2,5,0
116000000,2,2,5,0
117000000,2,2,5,0
118000000,2,2,5,0
119000000,2,2,5,0
120000000,2,2,5,0
121000000,2,2,5,0
122000000,2,2,5,0
123000000,2,2,5,0
124000000,2,2,5,0
125000000,2,2,5,0
126000000,2,2,5,0
127000000,2,2,5,0
128000000,2,2,5,0
129000000,2,2,5,0
130000000,2,2,5,0
131000000,2,2,5,0
132000000,2,2,5,0
133000000,2,2,5,0
134000000,2,2,5,0
135000000,2,2,5,0
136000000,2,2,5,0
137000000,2,2,5,0
138000000,2,2,5,0
139000000,2,2,5,0
140000000,2,2,5,0
141000000,2,2,5,0
142000000,2,2,5,0
143000000,2,2,5,0
144000000,2,2,5,0
145000000,2,2,5,0
146000000,2,2,5,0
147000000,2,2,5,0
148000000,2,2,5,0
149000000,2,2,5,0
150000000,2,2,5,0
151000000,2,2,5,0
152000000,2,2,5,0
153000000,2,2,5,0
154000000,2,2,5,0
155000000,2,2,5,0
156000000,2,2,5,0
157000000,2,2,5,0
158000000,2,2,5,0
159000000,2,2,5,0
160000000,2,2,5,0
161000000,2,2,5,0
162000000,2,2,5,0
163000000,2,2,5,0
164000000,2,2,5,0
165000000,2,2,5,0
166000000,2,2,5,0
167000000,2,2,5,0
168000000,2,2,5,0
169000000,2,2,5,0
170000000,2,2,5,0
171000000,2,2,5,0
172000000,2,2,5,0
173000000,2,2,5,0
174000000,2,2,5,0
175000000,2,2,5,0
176000000,2,2,5,0
177000000,2,2,5,0
178000000,2,2,5,0
179000000,2,2,5,0
180000000,2,2,5,0
181000000,2,2,5,0
182000000,2,2,5,0
183000000,2,2,5,0
184000000,2,2,5,0
185000000,2,2,5,0
186000000,2,2,5,0
187000000,2,2,5,0
188000000,2,2,5,0
189000000,2,2,5,0
190000000,2,2,5,0
191000000,2,2,5,0
192000000,2,2,5,0
193000000,2,2,5,0
194000000,2,2,5,0
195000000,2,2,5,0
196000000,2,2,5,0
197000000,2,2,5,0
198000000,2,2,5,0
199000000,2,2,5,0
200000000,2,2,5,0
201000000,2,2,5,0
202000000,2,2,5,0
203000000,2,2,5,0
204000000,2,2,5,0
205000000,2,2,5,0
206000000,2,2,5,0
207000000,2,2,5,0
208000000,2,2,5,0
209000000,2,2,5,0
210000000,2,2,5,0
211000000,2,2,5,0
212000000,2,2,5,0
213000000,2,2,5,0
214000000,2,2,5,0
215000000,2,2,5,0
216000000,2,2,5,0
217000000,2,2,5,0
218000000,2,2,5,0
219000000,2,2,5,0
220000000,2,2,5,0
221000000,2,2,5,0
222000000,2,2,5,0
223000000,2,2,5,0
224000000,2,2,5,0
225000000,2,2,5,0
226000000,2,2,5,0
227000000,2,2,5,0
228000000,2,2,5,0
229000000,2,2,5,0
230000000,2,2,5,0
231000000,2,2,5,0
232000000,2,2,5,0
233000000,2,2,5,0
234000000,2,2,5,0
235000000,2,2,5,0
236000000,2,2,5,0
237000000,2,2,5,0
238000000,2,2,5,0
239000000,2,2,5,0
240000000,2,2,5,0
241000000,2,2,5,0
242000000,2,2,5,0
243000000,2,2,5,0
244000000,2,2,5,0
245000000,2,2,5,0
246000000,2,2,5,0
247000000,2,2,5,0
248000000,2,2,5,0
249000000,2,2,5,0
250000000,2,2,5,0
251000000,2,2,5,0
252000000,2,2,5,0
253000000,2,2,5,0
254000000,2,2,5,0
255000000,2,2,5,0
256000000,2,2,5,0
257000000,2,2,5,0
258000000,2,2,5,0
259000000,2,2,5,0
260000000,2,2,5,0
261000000,2,2,5,0
262000000,2,2,5,0
263000000,2,2,5,0
264000000,2,2,5,0
265000000,2,2,5,0
266000000,2,2,5,0
267000000,2,2,5,0
268000000,2,2,5,0
269000000,2,2,5,0
270000000,2,2,5,0
271000000,2,2,5,0
272000000,2,2,5,0
273000000,2,2,5,0
274000000,2,2,5,0
275000000,2,2,5,0
276000000,2,2,5,0
277000000,2,2,5,0
278000000,2,2,5,0
279000000,2,2,5,0
280000000,2,2,5,0
281000000,2,2,5,0
282000000,2,2,5,0
283000000,2,2,5,0
284000000,2,2,5,0
285000000,2,2,5,0
286000000,2,2,5,0
287000000,2,2,5,0
288000000,2,2,5,0
289000000,2,2,5,0
290000000,2,2,5,0
291000000,2,2,5,0
292000000,2,2,5,0
293000000,2,2,5,0
294000000,2,2,5,0
295000000,2,2,5,0
296000000,2,2,5,0
297000000,2,2,5,0
298000000,2,2,5,0
299000000,2,2,5,0
300000000,2,2,5,0
301000000,2,2,5,0
302000000,2,2,5,0
303000000,2,2,5,0
304000000,2,2,5,0
305000000,2,2,5,0
306000000,2,2,5,0
307000000,2,2,5,0
308000000,2,2,5,0
309000000,2,2,5,0
310000000,2,2,5,0
311000000,2,2,5,0
312000000,2,2,5,0
313000000,2,2,5,0
314000000,2,2,5,0
315000000,2,2,5,0
316000000,2,2,5,0
317000000,2,2,5,0
318000000,2,2,5,0
319000000,2,2,5,0
320000000,2,2,5,0
321000000,2,2,5,0
322000000,2,2,5,0
323000000,2,2,5,0
324000000,2,2,5,0
325000000,2,2,5,0
326000000,2,2,5,0
327000000,2,2,5,0
328000000,2,2,5,0
329000000,2,2,5,0
330000000,2,2,5,0
331000000,2,2,5,0
332000000,2,2,5,0
333000000,2,2,5,0
334000000,2,2,5,0
335000000,2,2,5,0
336000000,2,2,5,0
337000000,2,2,5,0
338000000,2,2,5,0
339000000,2,2,5,0
340000000,2,2,5,0
341000000,2,2,5,0
342000000,2,2,5,0
343000000,2,2,5,0
344000000,2,2,5,0
345000000,2,2,5,0
346000000,2,2,5,0
347000000,2,2,5,0
348000000,2,2,5,0
349000000,2,2,5,0
350000000,2,2,5,0
351000000,2,2,5,0
352000000,2,2,5,0
353000000,2,2,5,0
354000000,2,2,5,0
355000000,2,2,5,0
356000000,2,2,5,0
357000000,2,2,5,0
358000000,2,2,5,0
359000000,2,2,5,0
360000000,2,2,5,0
361000000,2,2,5,0
362000000,2,2,5,0
363000000,2,2,5,0
364000000,2,2,5,0
365000000,2,2,5,0
366000000,2,2,5,0
367000000,2,2,5,0
368000000,2,2,5,0
369000000,2,2,5,0
370000000,2,2,5,0
371000000,2,2,5,0
372000000,2,2,5,0
373000000,2,2,5,0
374000000,2,2,5,0
375000000,2,2,5,0
376000000,2,2,5,0
377000000,2,2,5,0
378000000,2,2,5,0
379000000,2,2,5,0
380000000,2,2,5,0
381000000,2,2,5,0
382000000,2,2,5,0
383000000,2,2,5,0
384000000,2,2,5,0
385000000,2,2,5,0
386000000,2,2,5,0
387000000,2,2,5,0
388000000,2,2,5,0
389000000,2,2,5,0
390000000,2,2,5,0
391000000,2,2,5,0
392000000,2,2,5,0
393000000,2,2,5,0
394000000,2,2,5,0
395000000,2,2,5,0
396000000,2,2,5,0
397000000,2,2,5,0
398000000,2,2,5,0
399000000,2,2,5,0
400000000,2,2,5,0
401000000,2,2,5,0
402000000,2,2,5,0
403000000,2,2,5,0
404000000,2,2,5,0
405000000,2,2,5,0
406000000,2,2,5,0
407000000,2,2,5,0
408000000,2,2,5,0
409000000,2,2,5,0
410000000,2,2,5,0
411000000,2,2,5,0
412000000,2,2,5,0
413000000,2,2,5,0
414000000,2,2,5,0
415000000,2,2,5,0
416000000,2,2,5,0
417000000,2,2,5,0
418000000,2,2,5,0
419000000,2,2,5,0
420000000,2,2,5,0
421000000,2,2,5,0
422000000,2,2,5,0
423000000,2,2,5,0
424000000,2,2,5,0
425000000,2,2,5,0
426000000,2,2,5,0
427000000,2,2,5,0
428000000,2,2,5,0
429000000,2,2,5,0
430000000,2,2,5,0
431000000,2,2,5,0
432000000,2,2,5,0
433000000,2,2,5,0
434000000,2,2,5,0
435000000,2,2,5,0
436000000,2,2,5,0
437000000,2,2,5,0
438000000,2,2,5,0
439000000,2,2,5,0
440000000,2,2,5,0
441000000,2,2,5,0
442000000,2,2,5,0
443000000,2,2,5,0
444000000,2,2,5,0
445000000,2,2,5,0
446000000,2,2,5,0
447000000,2,2,5,0
448000000,2,2,5,0
449000000,2,2,5,0
450000000,2,2,5,0
451000000,2,2,5,0
452000000,2,2,5,0
453000000,2,2,5,0
454000000,2,2,5,0
455000000,2,2,5,0
456000000,2,2,5,0
457000000,2,2,5,0
458000000,2,2,5,0
459000000,2,2,5,0
460000000,2,2,5,0
461000000,2,2,5,0
462000000,2,2,5,0
463000000,2,2,5,0
464000000,2,2,5,0
465000000,2,2,5,0
466000000,2,2,5,0
467000000,2,2,5,0
468000000,2,2,5,0
469000000,2,2,5,0
470000000,2,2,5,0
471000000,2,2,5,0
472000000,2,2,5,0
473000000,2,2,5,0
474000000,2,2,5,0
475000000,2,2,5,0
476000000,2,2,5,0
477000000,2,2,5,0
478000000,2,2,5,0
479000000,2,2,5,0
480000000,2,2,5,0
481000000,2,2,5,0
482000000,2,2,5,0
483000000,2,2,5,0
484000000,2,2,5,0
485000000,2,2,5,0
486000000,2,2,5,0
487000000,2,2,5,0
488000000,2,2,5,0
489000000,2,2,5,0
490000000,2,2,5,0
491000000,2,2,5,0
492000000,2,2,5,0
493000000,2,2,5,0
494000000,2,2,5,0
495000000,2,2,5,0
496000000,2,2,5,0
497000000,2,2,5,0
498000000,2,2,5,0
499000000,2,2,5,0
500000000,2,2,5,0
501000000,2,2,5,0
502000000,2,2,5,0
503000000,2,2,5,0
504000000,2,2,5,0
505000000,2,2,5,0
506000000,2,2,5,0
507000000,2,2,5,0
508000000,2,2,5,0
509000000,2,2,5,0
510000000,2,2,5,0
511000000,2,2,5,0
512000000,2,2,5,0
513000000,2,2,5,0
514000000,2,2,5,0
515000000,2,2,5,0
516000000,2,2,5,0
517000000,2,2,5,0
518000000,2,2,5,0
519000000,2,2,5,0
520000000,2,2,5,0
521000000,2,2,5,0
522000000,2,2,5,0
523000000,2,2,5,0
524000000,2,2,5,0
525000000,2,2,5,0
526000000,2,2,5,0
527000000,2,2,5,0
528000000,2,2,5,0
529000000,2,2,5,0
530000000,2,2,5,0
531000000,2,2,5,0
532000000,2,2,5,0
533000000,2,2,5,0
534000000,2,2,5,0
535000000,2,2,5,0
536000000,2,2,5,0
537000000,2,2,5,0
538000000,2,2,5,0
539000000,2,2,5,0
540000000,2,2,5,0
541000000,2,2,5,0
542000000,2,2,5,0
543000000,2,2,5,0
544000000,2,2,5,0
545000000,2,2,5,0
546000000,2,2,5,0
547000000,2,2,5,0
548000000,2,2,5,0
549000000,2,2,5,0
550000000,2,2,5,0
551000000,2,2,5,0
552000000,2,2,5,0
553000000,2,2,5,0
554000000,2,2,5,0
555000000,2,2,5,0
556000000,2,2,5,0
557000000,2,2,5,0
558000000,2,2,5,0
559000000,2,2,5,0
560000000,2,2,5,0
561000000,2,2,5,0
562000000,2,2,5,0
563000000,2,2,5,0
564000000,2,2,5,0
565000000,2,2,5,0
566000000,2,2,5,0
567000000,2,2,5,0
568000000,2,2,5,0
569000000,2,2,5,0
570000000,2,2,5,0
571000000,2,2,5,0
572000000,2,2,5,0
573000000,2,2,5,0
574000000,2,2,5,0
575000000,2,2,5,0
576000000,2,2,5,0
577000000,2,2,5,0
578000000,2,2,5,0
579000000,2,2,5,0
580000000,2,2,5,0
581000000,2,2,5,0
582000000,2,2,5,0
583000000,2,2,5,0
584000000,2,2,5,0
585000000,2,2,5,0
586000000,2,2,5,0
587000000,2,2,5,0
588000000,2,2,5,0
589000000,2,2,5,0
590000000,2,2,5,0
591000000,2,2,5,0
592000000,2,2,5,0
593000000,2,2,5,0
594000000,2,2,5,0
595000000,2,2,5,0
596000000,2,2,5,0
597000000,2,2,5,0
598000000,2,2,5,0
599000000,2,2,5,0
600000000,2,2,5,0
601000000,2,2,5,0
602000000,2,2,5,0
603000000,2,2,5,0
604000000,2,2,5,0
605000000,2,2,5,0
606000000,2,2,5,0
607000000,2,2,5,0
608000000,2,2,5,0
609000000,2,2,5,0
610000000,2,2,5,0
611000000,2,2,5,0
612000000,2,2,5,0
613000000,2,2,5,0
614000000,2,2,5,0
615000000,2,2,5,0
616000000,2,2,5,0
617000000,2,2,5,0
618000000,2,2,5,0
619000000,2,2,5,0
620000000,2,2,5,0
621000000,2,2,5,0
622000000,2,2,5,0
623000000,2,2,5,0
624000000,2,2,5,0
625000000,2,2,5,0
626000000,2,2,5,0
627000000,2,2,5,0
628000000,2,2,5,0
629000000,2,2,5,0
630000000,2,2,5,0
631000000,2,2,5,0
632000000,2,2,5,0
633000000,2,2,5,0
634000000,2,2,5,0
635000000,2,2,5,0
636000000,2,2,5,0
637000000,2,2,5,0
638000000,2,2,5,0
639000000,2,2,5,0
640000000,2,2,5,0
641000000,2,2,5,0
642000000,2,2,5,0
643000000,2,2,5,0
644000000,2,2,5,0
645000000,2,2,5,0
646000000,2,2,5,0
647000000,2,2,5,0
648000000,2,2,5,0
649000000,2,2,5,0
650000000,2,2,5,0
651000000,2,2,5,0
652000000,2,2,5,0
653000000,2,2,5,0
654000000,2,2,5,0
655000000,2,2,5,0
656000000,2,2,5,0
657000000,2,2,5,0
658000000,2,2,5,0
659000000,2,2,5,0
660000000,2,2,5,0
661000000,2,2,5,0
662000000,2,2,5,0
663000000,2,2,5,0
664000000,2,2,5,0
665000000,2,2,5,0
666000000,2,2,5,0
667000000,2,2,5,0
668000000,2,2,5,0
669000000,2,2,5,0
670000000,2,2,5,0
671000000,2,2,5,0
672000000,2,2,5,0
673000000,2,2,5,0
674000000,2,2,5,0
675000000,2,2,5,0
676000000,2,2,5,0
677000000,2,2,5,0
678000000,2,2,5,0
679000000,2,2,5,0
680000000,2,2,5,0
681000000,2,2,5,0
682000000,2,2,5,0
683000000,2,2,5,0
684000000,2,2,5,0
685000000,2,2,5,0
686000000,2,2,5,0
687000000,2,2,5,0
688000000,2,2,5,0
689000000,2,2,5,0
690000000,2,2,5,0
691000000,2,2,5,0
692000000,2,2,5,0
693000000,2,2,5,0
694000000,2,2,5,0
695000000,2,2,5,0
696000000,2,2,5,0
697000000,2,2,5,0
698000000,2,2,5,0
699000000,2,2,5,0
700000000,2,2,5,0
701000000,2,2,5,0
702000000,2,2,5,0
703000000,2,2,5,0
704000000,2,2,5,0
705000000,2,2,5,0
706000000,2,2,5,0
707000000,2,2,5,0
708000000,2,2,5,0
709000000,2,2,5,0
710000000,2,2,5,0
711000000,2,2,5,0
712000000,2,2,5,0
713000000,2,2,5,0
714000000,2,2,5,0
715000000,2,2,5,0
716000000,2,2,5,0
717000000,2,2,5,0
718000000,2,2,5,0
719000000,2,2,5,0
720000000,2,2,5,0
721000000,2,2,5,0
722000000,2,2,5,0
723000000,2,2,5,0
724000000,2,2,5,0
725000000,2,2,5,0
726000000,2,2,5,0
727000000,2,2,5,0
728000000,2,2,5,0
729000000,2,2,5,0
730000000,2,2,5,0
731000000,2,2,5,0
732000000,2,2,5,0
733000000,2,2,5,0
734000000,2,2,5,0
735000000,2,2,5,0
736000000,2,2,5,0
737000000,2,2,5,0
738000000,2,2,5,0
739000000,2,2,5,0
740000000,2,2,5,0
741000000,2,2,5,0
742000000,2,2,5,0
743000000,2,2,5,0
744000000,2,2,5,0
745000000,2,2,5,0
746000000,2,2,5,0
747000000,2,2,5,0
748000000,2,2,5,0
749000000,2,2,5,0
750000000,2,2,5,0
751000000,2,2,5,0
752000000,2,2,5,0
753000000,2,2,5,0
754000000,2,2,5,0
755000000,2,2,5,0
756000000,2,2,5,0
757000000,2,2,5,0
758000000,2,2,5,0
759000000,2,2,5,0
760000000,2,2,5,0
761000000,2,2,5,0
762000000,2,2,5,0
763000000,2,2,5,0
764000000,2,2,5,0
765000000,2,2,5,0
766000000,2,2,5,0
767000000,2,2,5,0
768000000,2,2,5,0
769000000,2,2,5,0
770000000,2,2,5,0
771000000,2,2,5,0
772000000,2,2,5,0
773000000,2,2,5,0
774000000,2,2,5,0
775000000,2,2,5,0
776000000,2,2,5,0
777000000,2,2,5,0
778000000,2,2,5,0
779000000,2,2,5,0
780000000,2,2,5,0
781000000,2,2,5,0
782000000,2,2,5,0
783000000,2,2,5,0
784000000,2,2,5,0
785000000,2,2,5,0
786000000,2,2,5,0
787000000,2,2,5,0
788000000,2,2,5,0
789000000,2,2,5,0
790000000,2,2,5,0
791000000,2,2,5,0
792000000,2,2,5,0
793000000,2,2,5,0
794000000,2,2,5,0
795000000,2,2,5,0
796000000,2,2,5,0
797000000,2,2,5,0
798000000,2,2,5,0
799000000,2,2,5,0
800000000,2,2,5,0
801000000,2,2,5,0
802000000,2,2,5,0
803000000,2,2,5,0
804000000,2,2,5,0
805000000,2,2,5,0
806000000,2,2,5,0
807000000,2,2,5,0
808000000,2,2,5,0
809000000,2,2,5,0
810000000,2,2,5,0
811000000,2,2,5,0
812000000,2,2,5,0
813000000,2,2,5,0
814000000,2,2,5,0
815000000,2,2,5,0
816000000,2,2,5,0
817000000,2,2,5,0
818000000,2,2,5,0
819000000,2,2,5,0
820000000,2,2,5,0
821000000,2,2,5,0
822000000,2,2,5,0
823000000,2,2,5,0
824000000,2,2,5,0
825000000,2,2,5,0
826000000,2,2,5,0
827000000,2,2,5,0
828000000,2,2,5,0
829000000,2,2,5,0
830000000,2,2,5,0
831000000,2,2,5,0
832000000,2,2,5,0
833000000,2,2,5,0
834000000,2,2,5,0
835000000,2,2,5,0
836000000,2,2,5,0
837000000,2,2,5,0
838000000,2,2,5,0
839000000,2,2,5,0
840000000,2,2,5,0
841000000,2,2,5,0
842000000,2,2,5,0
843000000,2,2,5,0
844000000,2,2,5,0
845000000,2,2,5,0
846000000,2,2,5,0
847000000,2,2,5,0
848000000,2,2,5,0
849000000,2,2,5,0
850000000,2,2,5,0
851000000,2,2,5,0
852000000,2,2,5,0
853000000,2,2,5,0
854000000,2,2,5,0
855000000,2,2,5,0
856000000,2,2,5,0
857000000,2,2,5,0
858000000,2,2,5,0
859000000,2,2,5,0
860000000,2,2,5,0
861000000,2,2,5,0
862000000,2,2,5,0
863000000,2,2,5,0
864000000,2,2,5,0
865000000,2,2,5,0
866000000,2,2,5,0
867000000,2,2,5,0
868000000,2,2,5,0
869000000,2,2,5,0
870000000,2,2,5,0
871000000,2,2,5,0
872000000,2,2,5,0
873000000,2,2,5,0
874000000,2,2,5,0
875000000,2,2,5,0
876000000,2,2,5,0
877000000,2,2,5,0
878000000,2,2,5,0
879000000,2,2,5,0
880000000,2,2,5,0
881000000,2,2,5,0
882000000,2,2,5,0
883000000,2,2,5,0
884000000,2,2,5,0
885000000,2,2,5,0
886000000,2,2,5,0
887000000,2,2,5,0
888000000,2,2,5,0
889000000,2,2,5,0
890000000,2,2,5,0
891000000,2,2,5,0
892000000,2,2,5,0
893000000,2,2,5,0
894000000,2,2,5,0
895000000,2,2,5,0
896000000,2,2,5,0
897000000,2,2,5,0
898000000,2,2,5,0
899000000,2,2,5,0
900000000,2,2,5,0
901000000,2,2,5,0
902000000,2,2,5,0
903000000,2,2,5,0
904000000,2,2,5,0
905000000,2,2,5,0
906000000,2,2,5,0
907000000,2,2,5,0
908000000,2,2,5,0
909000000,2,2,5,0
910000000,2,2,5,0
911000000,2,2,5,0
912000000,2,2,5,0
913000000,2,2,5,0
914000000,2,2,5,0
915000000,2,2,5,0
916000000,2,2,5,0
917000000,2,2,5,0
918000000,2,2,5,0
919000000,2,2,5,0
920000000,2,2,5,0
921000000,2,2,5,0
922000000,2,2,5,0
923000000,2,2,5,0
924000000,2,2,5,0
925000000,2,2,5,0
926000000,2,2,5,0
927000000,2,2,5,0
928000000,2,2,5,0
929000000,2,2,5,0
930000000,2,2,5,0
931000000,2,2,5,0
932000000,2,2,5,0
933000000,2,2,5,0
934000000,2,2,5,0
935000000,2,2,5,0
936000000,2,2,5,0
937000000,2,2,5,0
938000000,2,2,5,0
939000000,2,2,5,0
940000000,2,2,5,0
941000000,2,2,5,0
942000000,2,2,5,0
943000000,2,2,5,0
944000000,2,2,5,0
945000000,2,2,5,0
946000000,2,2,5,0
947000000,2,2,5,0
948000000,2,2,5,0
949000000,2,2,5,0
950000000,2,2,5,0
951000000,2,2,5,0
952000000,2,2,5,0
953000000,2,2,5,0
954000000,2,2,5,0
955000000,2,2,5,0
956000000,2,2,5,0
957000000,2,2,5,0
958000000,2,2,5,0
959000000,2,2,5,0
960000000,2,2,5,0
961000000,2,2,5,0
962000000,2,2,5,0
963000000,2,2,5,0
964000000,2,2,5,0
965000000,2,2,5,0
966000000,2,2,5,0
967000000,2,2,5,0
968000000,2,2,5,0
969000000,2,2,5,0
970000000,2,2,5,0
971000000,2,2,5,0
972000000,2,2,5,0
973000000,2,2,5,0
974000000,2,2,5,0
975000000,2,2,5,0
976000000,2,2,5,0
977000000,2,2,5,0
978000000,2,2,5,0
979000000,2,2,5,0
980000000,2,2,5,0
981000000,2,2,5,0
982000000,2,2,5,0
983000000,2,2,5,0
984000000,2,2,5,0
985000000,2,2,5,0
986000000,2,2,5,0
987000000,2,2,5,0
988000000,2,2,5,0
989000000,2,2,5,0
990000000,2,2,5,0
991000000,2,2,5,0
992000000,2,2,5,0
993000000,2,2,5,0
994000000,2,2,5,0
995000000,2,2,5,0
996000000,2,2,5,0
997000000,2,2,5,0
998000000,2,2,5,0
999000000,2,2,5,0
1000000,2,3,5,0
2000000,2,3,5,0
3000000,2,3,5,0
4000000,2,3,5,0
5000000,2,3,5,0
6000000,2,3,5,0
7000000,2,3,5,0
8000000,2,3,5,0
9000000,2,3,5,0
10000000,2,3,5,0
11000000,2,3,5,0
12000000,2,3,5,0
13000000,2,3,5,0
14000000,2,3,5,0
15000000,2,3,5,0
16000000,2,3,5,0
17000000,2,3,5,0
18000000,2,3,5,0
19000000,2,3,5,0
20000000,2,3,5,0
21000000,2,3,5,0
22000000,2,3,5,0
23000000,2,3,5,0
24000000,2,3,5,0
25000000,2,3,5,0
26000000,2,3,5,0
27000000,2,3,5,0
28000000,2,3,5,0
29000000,2,3,5,0
30000000,2,3,5,0
31000000,2,3,5,0
32000000,2,3,5,0
33000000,2,3,5,0
34000000,2,3,5,0
35000000,2,3,5,0
36000000,2,3,5,0
37000000,2,3,5,0
38000000,2,3,5,0
39000000,2,3,5,0
40000000,2,3,5,0
41000000,2,3,5,0
42000000,2,3,5,0
43000000,2,3,5,0
44000000,2,3,5,0
45000000,2,3,5,0
46000000,2,3,5,0
47000000,2,3,5,0
48000000,2,3,5,0
49000000,2,3,5,0
50000000,2,3,5,0
51000000,2,3,5,0
52000000,2,3,5,0
53000000,2,3,5,0
54000000,2,3,5,0
55000000,2,3,5,0
56000000,2,3,5,0
57000000,2,3,5,0
58000000,2,3,5,0
59000000,2,3,5,0
60000000,2,3,5,0
61000000,2,3,5,0
62000000,2,3,5,0
63000000,2,3,5,0
64000000,2,3,5,0
65000000,2,3,5,0
66000000,2,3,5,0
67000000,2,3,5,0
68000000,2,3,5,0
69000000,2,3,5,0
70000000,2,3,5,0
71000000,2,3,5,0
72000000,2,3,5,0
73000000,2,3,5,0
74000000,2,3,5,0
75000000,2,3,5,0
76000000,2,3,5,0
77000000,2,3,5,0
78000000,2,3,5,0
79000000,2,3,5,0
80000000,2,3,5,0
81000000,2,3,5,0
82000000,2,3,5,0
83000000,2,3,5,0
84000000,2,3,5,0
85000000,2,3,5,0
86000000,2,3,5,0
87000000,2,3,5,0
88000000,2,3,5,0
89000000,2,3,5,0
90000000,2,3,5,0
91000000,2,3,5,0
92000000,2,3,5,0
93000000,2,3,5,0
94000000,2,3,5,0
95000000,2,3,5,0
96000000,2,3,5,0
97000000,2,3,5,0
98000000,2,3,5,0
99000000,2,3,5,0
100000000,2,3,5,0
101000000,2,3,5,0
102000000,2,3,5,0
103000000,2,3,5,0
104000000,2,3,5,0
105000000,2,3,5,0
106000000,2,3,5,0
107000000,2,3,5,0
108000000,2,3,5,0
109000000,2,3,5,0
110000000,2,3,5,0
111000000,2,3,5,0
112000000,2,3,5,0
113000000,2,3,5,0
114000000,2,3,5,0
115000000,2,3,5,0
116000000,2,3,5,0
117000000,2,3,5,0
118000000,2,3,5,0
119000000,2,3,5,0
120000000,2,3,5,0
121000000,2,3,5,0
122000000,2,3,5,0
123000000,2,3,5,0
124000000,2,3,5,0
125000000,2,3,5,0
126000000,2,3,5,0
127000000,2,3,5,0
128000000,2,3,5,0
129000000,2,3,5,0
130000000,2,3,5,0
131000000,2,3,5,0
132000000,2,3,5,0
133000000,2,3,5,0
134000000,2,3,5,0
135000000,2,3,5,0
136000000,2,3,5,0
137000000,2,3,5,0
138000000,2,3,5,0
139000000,2,3,5,0
140000000,2,3,5,0
141000000,2,3,5,0
142000000,2,3,5,0
143000000,2,3,5,0
144000000,2,3,5,0
145000000,2,3,5,0
146000000,2,3,5,0
147000000,2,3,5,0
148000000,2,3,5,0
149000000,2,3,5,0
150000000,2,3,5,0
151000000,2,3,5,0
152000000,2,3,5,0
153000000,2,3,5,0
154000000,2,3,5,0
155000000,2,3,5,0
156000000,2,3,5,0
157000000,2,3,5,0
158000000,2,3,5,0
159000000,2,3,5,0
160000000,2,3,5,0
161000000,2,3,5,0
162000000,2,3,5,0
163000000,2,3,5,0
164000000,2,3,5,0
165000000,2,3,5,0
166000000,2,3,5,0
167000000,2,3,5,0
168000000,2,3,5,0
169000000,2,3,5,0
170000000,2,3,5,0
171000000,2,3,5,0
172000000,2,3,5,0
173000000,2,3,5,0
174000000,2,3,5,0
175000000,2,3,5,0
176000000,2,3,5,0
177000000,2,3,5,0
178000000,2,3,5,0
179000000,2,3,5,0
180000000,2,3,5,0
181000000,2,3,5,0
182000000,2,3,5,0
183000000,2,3,5,0
184000000,2,3,5,0
185000000,2,3,5,0
186000000,2,3,5,0
187000000,2,3,5,0
188000000,2,3,5,0
189000000,2,3,5,0
190000000,2,3,5,0
191000000,2,3,5,0
192000000,2,3,5,0
193000000,2,3,5,0
194000000,2,3,5,0
195000000,2,3,5,0
196000000,2,3,5,0
197000000,2,3,5,0
198000000,2,3,5,0
199000000,2,3,5,0
200000000,2,3,5,0
201000000,2,3,5,0
202000000,2,3,5,0
203000000,2,3,5,0
204000000,2,3,5,0
205000000,2,3,5,0
206000000,2,3,5,0
207000000,2,3,5,0
208000000,2,3,5,0
209000000,2,3,5,0
210000000,2,3,5,0
211000000,2,3,5,0
212000000,2,3,5,0
213000000,2,3,5,0
214000000,2,3,5,0
215000000,2,3,5,0
216000000,2,3,5,0
217000000,2,3,5,0
218000000,2,3,5,0
219000000,2,3,5,0
220000000,2,3,5,0
221000000,2,3,5,0
222000000,2,3,5,0
223000000,2,3,5,0
224000000,2,3,5,0
225000000,2,3,5,0
226000000,2,3,5,0
227000000,2,3,5,0
228000000,2,3,5,0
229000000,2,3,5,0
230000000,2,3,5,0
231000000,2,3,5,0
232000000,2,3,5,0
233000000,2,3,5,0
234000000,2,3,5,0
235000000,2,3,5,0
236000000,2,3,5,0
237000000,2,3,5,0
238000000,2,3,5,0
239000000,2,3,5,0
240000000,2,3,5,0
241000000,2,3,5,0
242000000,2,3,5,0
243000000,2,3,5,0
244000000,2,3,5,0
245000000,2,3,5,0
246000000,2,3,5,0
247000000,2,3,5,0
248000000,2,3,5,0
249000000,2,3,5,0
250000000,2,3,5,0
251000000,2,3,5,0
252000000,2,3,5,0
253000000,2,3,5,0
254000000,2,3,5,0
255000000,2,3,5,0
256000000,2,3,5,0
257000000,2,3,5,0
258000000,2,3,5,0
259000000,2,3,5,0
260000000,2,3,5,0
261000000,2,3,5,0
262000000,2,3,5,0
263000000,2,3,5,0
264000000,2,3,5,0
265000000,2,3,5,0
266000000,2,3,5,0
267000000,2,3,5,0
268000000,2,3,5,0
269000000,2,3,5,0
270000000,2,3,5,0
271000000,2,3,5,0
272000000,2,3,5,0
273000000,2,3,5,0
274000000,2,3,5,0
275000000,2,3,5,0
276000000,2,3,5,0
277000000,2,3,5,0
278000000,2,3,5,0
279000000,2,3,5,0
280000000,2,3,5,0
281000000,2,3,5,0
282000000,2,3,5,0
283000000,2,3,5,0
284000000,2,3,5,0
285000000,2,3,5,0
286000000,2,3,5,0
287000000,2,3,5,0
288000000,2,3,5,0
289000000,2,3,5,0
290000000,2,3,5,0
291000000,2,3,5,0
292000000,2,3,5,0
293000000,2,3,5,0
294000000,2,3,5,0
295000000,2,3,5,0
296000000,2,3,5,0
297000000,2,3,5,0
298000000,2,3,5,0
299000000,2,3,5,0
300000000,2,3,5,0
301000000,2,3,5,0
302000000,2,3,5,0
303000000,2,3,5,0
304000000,2,3,5,0
305000000,2,3,5,0
306000000,2,3,5,0
307000000,2,3,5,0
308000000,2,3,5,0
309000000,2,3,5,0
310000000,2,3,5,0
311000000,2,3,5,0
312000000,2,3,5,0
313000000,2,3,5,0
314000000,2,3,5,0
315000000,2,3,5,0
316000000,2,3,5,0
317000000,2,3,5,0
318000000,2,3,5,0
319000000,2,3,5,0
320000000,2,3,5,0
321000000,2,3,5,0
322000000,2,3,5,0
323000000,2,3,5,0
324000000,2,3,5,0
325000000,2,3,5,0
326000000,2,3,5,0
327000000,2,3,5,0
328000000,2,3,5,0
329000000,2,3,5,0
330000000,2,3,5,0
331000000,2,3,5,0
332000000,2,3,5,0
333000000,2,3,5,0
334000000,2,3,5,0
335000000,2,3,5,0
336000000,2,3,5,0
337000000,2,3,5,0
338000000,2,3,5,0
339000000,2,3,5,0
340000000,2,3,5,0
341000000,2,3,5,0
342000000,2,3,5,0
343000000,2,3,5,0
344000000,2,3,5,0
345000000,2,3,5,0
346000000,2,3,5,0
347000000,2,3,5,0
348000000,2,3,5,0
349000000,2,3,5,0
350000000,2,3,5,0
351000000,2,3,5,0
352000000,2,3,5,0
353000000,2,3,5,0
354000000,2,3,5,0
355000000,2,3,5,0
356000000,2,3,5,0
357000000,2,3,5,0
358000000,2,3,5,0
359000000,2,3,5,0
360000000,2,3,5,0
361000000,2,3,5,0
362000000,2,3,5,0
363000000,2,3,5,0
364000000,2,3,5,0
365000000,2,3,5,0
366000000,2,3,5,0
367000000,2,3,5,0
368000000,2,3,5,0
369000000,2,3,5,0
370000000,2,3,5,0
371000000,2,3,5,0
372000000,2,3,5,0
373000000,2,3,5,0
374000000,2,3,5,0
375000000,2,3,5,0
376000000,2,3,5,0
377000000,2,3,5,0
378000000,2,3,5,0
379000000,2,3,5,0
380000000,2,3,5,0
381000000,2,3,5,0
382000000,2,3,5,0
383000000,2,3,5,0
384000000,2,3,5,0
385000000,2,3,5,0
386000000,2,3,5,0
387000000,2,3,5,0
388000000,2,3,5,0
389000000,2,3,5,0
390000000,2,3,5,0
391000000,2,3,5,0
392000000,2,3,5,0
393000000,2,3,5,0
394000000,2,3,5,0
395000000,2,3,5,0
396000000,2,3,5,0
397000000,2,3,5,0
398000000,2,3,5,0
399000000,2,3,5,0
400000000,2,3,5,0
401000000,2,3,5,0
402000000,2,3,5,0
403000000,2,3,5,0
404000000,2,3,5,0
405000000,2,3,5,0
406000000,2,3,5,0
407000000,2,3,5,0
408000000,2,3,5,0
409000000,2,3,5,0
410000000,2,3,5,0
411000000,2,3,5,0
412000000,2,3,5,0
413000000,2,3,5,0
414000000,2,3,5,0
415000000,2,3,5,0
416000000,2,3,5,0
417000000,2,3,5,0
418000000,2,3,5,0
419000000,2,3,5,0
420000000,2,3,5,0
421000000,2,3,5,0
422000000,2,3,5,0
423000000,2,3,5,0
424000000,2,3,5,0
425000000,2,3,5,0
426000000,2,3,5,0
427000000,2,3,5,0
428000000,2,3,5,0
429000000,2,3,5,0
430000000,2,3,5,0
431000000,2,3,5,0
432000000,2,3,5,0
433000000,2,3,5,0
434000000,2,3,5,0
435000000,2,3,5,0
436000000,2,3,5,0
437000000,2,3,5,0
438000000,2,3,5,0
439000000,2,3,5,0
440000000,2,3,5,0
441000000,2,3,5,0
442000000,2,3,5,0
443000000,2,3,5,0
444000000,2,3,5,0
445000000,2,3,5,0
446000000,2,3,5,0
447000000,2,3,5,0
448000000,2,3,5,0
449000000,2,3,5,0
450000000,2,3,5,0
451000000,2,3,5,0
452000000,2,3,5,0
453000000,2,3,5,0
454000000,2,3,5,0
455000000,2,3,5,0
456000000,2,3,5,0
457000000,2,3,5,0
458000000,2,3,5,0
459000000,2,3,5,0
460000000,2,3,5,0
461000000,2,3,5,0
462000000,2,3,5,0
463000000,2,3,5,0
464000000,2,3,5,0
465000000,2,3,5,0
466000000,2,3,5,0
467000000,2,3,5,0
468000000,2,3,5,0
469000000,2,3,5,0
470000000,2,3,5,0
471000000,2,3,5,0
472000000,2,3,5,0
473000000,2,3,5,0
474000000,2,3,5,0
475000000,2,3,5,0
476000000,2,3,5,0
477000000,2,3,5,0
478000000,2,3,5,0
479000000,2,3,5,0
480000000,2,3,5,0
481000000,2,3,5,0
482000000,2,3,5,0
483000000,2,3,5,0
484000000,2,3,5,0
485000000,2,3,5,0
486000000,2,3,5,0
487000000,2,3,5,0
488000000,2,3,5,0
489000000,2,3,5,0
490000000,2,3,5,0
491000000,2,3,5,0
492000000,2,3,5,0
493000000,2,3,5,0
494000000,2,3,5,0
495000000,2,3,5,0
496000000,2,3,5,0
497000000,2,3,5,0
498000000,2,3,5,0
499000000,2,3,5,0
500000000,2,3,5,0
501000000,2,3,5,0
502000000,2,3,5,0
503000000,2,3,5,0
504000000,2,3,5,0
505000000,2,3,5,0
506000000,2,3,5,0
507000000,2,3,5,0
508000000,2,3,5,0
509000000,2,3,5,0
510000000,2,3,5,0
511000000,2,3,5,0
512000000,2,3,5,0
513000000,2,3,5,0
514000000,2,3,5,0
515000000,2,3,5,0
516000000,2,3,5,0
517000000,2,3,5,0
518000000,2,3,5,0
519000000,2,3,5,0
520000000,2,3,5,0
521000000,2,3,5,0
522000000,2,3,5,0
523000000,2,3,5,0
524000000,2,3,5,0
525000000,2,3,5,0
526000000,2,3,5,0
527000000,2,3,5,0
528000000,2,3,5,0
529000000,2,3,5,0
530000000,2,3,5,0
531000000,2,3,5,0
532000000,2,3,5,0
533000000,2,3,5,0
534000000,2,3,5,0
535000000,2,3,5,0
536000000,2,3,5,0
537000000,2,3,5,0
538000000,2,3,5,0
539000000,2,3,5,0
540000000,2,3,5,0
541000000,2,3,5,0
542000000,2,3,5,0
543000000,2,3,5,0
544000000,2,3,5,0
545000000,2,3,5,0
546000000,2,3,5,0
547000000,2,3,5,0
548000000,2,3,5,0
549000000,2,3,5,0
550000000,2,3,5,0
551000000,2,3,5,0
552000000,2,3,5,0
553000000,2,3,5,0
554000000,2,3,5,0
555000000,2,3,5,0
556000000,2,3,5,0
557000000,2,3,5,0
558000000,2,3,5,0
559000000,2,3,5,0
560000000,2,3,5,0
561000000,2,3,5,0
562000000,2,3,5,0
563000000,2,3,5,0
564000000,2,3,5,0
565000000,2,3,5,0
566000000,2,3,5,0
567000000,2,3,5,0
568000000,2,3,5,0
569000000,2,3,5,0
570000000,2,3,5,0
571000000,2,3,5,0
572000000,2,3,5,0
573000000,2,3,5,0
574000000,2,3,5,0
575000000,2,3,5,0
576000000,2,3,5,0
577000000,2,3,5,0
578000000,2,3,5,0
579000000,2,3,5,0
580000000,2,3,5,0
581000000,2,3,5,0
582000000,2,3,5,0
583000000,2,3,5,0
584000000,2,3,5,0
585000000,2,3,5,0
586000000,2,3,5,0
587000000,2,3,5,0
588000000,2,3,5,0
589000000,2,3,5,0
590000000,2,3,5,0
591000000,2,3,5,0
592000000,2,3,5,0
593000000,2,3,5,0
594000000,2,3,5,0
595000000,2,3,5,0
596000000,2,3,5,0
597000000,2,3,5,0
598000000,2,3,5,0
599000000,2,3,5,0
600000000,2,3,5,0
601000000,2,3,5,0
602000000,2,3,5,0
603000000,2,3,5,0
604000000,2,3,5,0
605000000,2,3,5,0
606000000,2,3,5,0
607000000,2,3,5,0
608000000,2,3,5,0
609000000,2,3,5,0
610000000,2,3,5,0
611000000,2,3,5,0
612000000,2,3,5,0
613000000,2,3,5,0
614000000,2,3,5,0
615000000,2,3,5,0
616000000,2,3,5,0
617000000,2,3,5,0
618000000,2,3,5,0
619000000,2,3,5,0
620000000,2,3,5,0
621000000,2,3,5,0
622000000,2,3,5,0
623000000,2,3,5,0
624000000,2,3,5,0
625000000,2,3,5,0
626000000,2,3,5,0
627000000,2,3,5,0
628000000,2,3,5,0
629000000,2,3,5,0
630000000,2,3,5,0
631000000,2,3,5,0
632000000,2,3,5,0
633000000,2,3,5,0
634000000,2,3,5,0
635000000,2,3,5,0
636000000,2,3,5,0
637000000,2,3,5,0
638000000,2,3,5,0
639000000,2,3,5,0
640000000,2,3,5,0
641000000,2,3,5,0
642000000,2,3,5,0
643000000,2,3,5,0
644000000,2,3,5,0
645000000,2,3,5,0
646000000,2,3,5,0
647000000,2,3,5,0
648000000,2,3,5,0
649000000,2,3,5,0
650000000,2,3,5,0
651000000,2,3,5,0
652000000,2,3,5,0
653000000,2,3,5,0
654000000,2,3,5,0
655000000,2,3,5,0
656000000,2,3,5,0
657000000,2,3,5,0
658000000,2,3,5,0
659000000,2,3,5,0
660000000,2,3,5,0
661000000,2,3,5,0
662000000,2,3,5,0
663000000,2,3,5,0
664000000,2,3,5,0
665000000,2,3,5,0
666000000,2,3,5,0
667000000,2,3,5,0
668000000,2,3,5,0
669000000,2,3,5,0
670000000,2,3,5,0
671000000,2,3,5,0
672000000,2,3,5,0
673000000,2,3,5,0
674000000,2,3,5,0
675000000,2,3,5,0
676000000,2,3,5,0
677000000,2,3,5,0
678000000,2,3,5,0
679000000,2,3,5,0
680000000,2,3,5,0
681000000,2,3,5,0
682000000,2,3,5,0
683000000,2,3,5,0
684000000,2,3,5,0
685000000,2,3,5,0
686000000,2,3,5,0
687000000,2,3,5,0
688000000,2,3,5,0
689000000,2,3,5,0
690000000,2,3,5,0
691000000,2,3,5,0
692000000,2,3,5,0
693000000,2,3,5,0
694000000,2,3,5,0
695000000,2,3,5,0
696000000,2,3,5,0
697000000,2,3,5,0
698000000,2,3,5,0
699000000,2,3,5,0
700000000,2,3,5,0
701000000,2,3,5,0
702000000,2,3,5,0
703000000,2,3,5,0
704000000,2,3,5,0
705000000,2,3,5,0
706000000,2,3,5,0
707000000,2,3,5,0
708000000,2,3,5,0
709000000,2,3,5,0
710000000,2,3,5,0
711000000,2,3,5,0
712000000,2,3,5,0
713000000,2,3,5,0
714000000,2,3,5,0
715000000,2,3,5,0
716000000,2,3,5,0
717000000,2,3,5,0
718000000,2,3,5,0
719000000,2,3,5,0
720000000,2,3,5,0
721000000,2,3,5,0
722000000,2,3,5,0
723000000,2,3,5,0
724000000,2,3,5,0
725000000,2,3,5,0
726000000,2,3,5,0
727000000,2,3,5,0
728000000,2,3,5,0
729000000,2,3,5,0
730000000,2,3,5,0
731000000,2,3,5,0
732000000,2,3,5,0
733000000,2,3,5,0
734000000,2,3,5,0
735000000,2,3,5,0
736000000,2,3,5,0
737000000,2,3,5,0
738000000,2,3,5,0
739000000,2,3,5,0
740000000,2,3,5,0
741000000,2,3,5,0
742000000,2,3,5,0
743000000,2,3,5,0
744000000,2,3,5,0
745000000,2,3,5,0
746000000,2,3,5,0
747000000,2,3,5,0
748000000,2,3,5,0
749000000,2,3,5,0
750000000,2,3,5,0
751000000,2,3,5,0
752000000,2,3,5,0
753000000,2,3,5,0
754000000,2,3,5,0
755000000,2,3,5,0
756000000,2,3,5,0
757000000,2,3,5,0
758000000,2,3,5,0
759000000,2,3,5,0
760000000,2,3,5,0
761000000,2,3,5,0
762000000,2,3,5,0
763000000,2,3,5,0
764000000,2,3,5,0
765000000,2,3,5,0
766000000,2,3,5,0
767000000,2,3,5,0
768000000,2,3,5,0
769000000,2,3,5,0
770000000,2,3,5,0
771000000,2,3,5,0
772000000,2,3,5,0
773000000,2,3,5,0
774000000,2,3,5,0
775000000,2,3,5,0
776000000,2,3,5,0
777000000,2,3,5,0
778000000,2,3,5,0
779000000,2,3,5,0
780000000,2,3,5,0
781000000,2,3,5,0
782000000,2,3,5,0
783000000,2,3,5,0
784000000,2,3,5,0
785000000,2,3,5,0
786000000,2,3,5,0
787000000,2,3,5,0
788000000,2,3,5,0
789000000,2,3,5,0
790000000,2,3,5,0
791000000,2,3,5,0
792000000,2,3,5,0
793000000,2,3,5,0
794000000,2,3,5,0
795000000,2,3,5,0
796000000,2,3,5,0
797000000,2,3,5,0
798000000,2,3,5,0
799000000,2,3,5,0
800000000,2,3,5,0
801000000,2,3,5,0
802000000,2,3,5,0
803000000,2,3,5,0
804000000,2,3,5,0
805000000,2,3,5,0
806000000,2,3,5,0
807000000,2,3,5,0
808000000,2,3,5,0
809000000,2,3,5,0
810000000,2,3,5,0
811000000,2,3,5,0
812000000,2,3,5,0
813000000,2,3,5,0
814000000,2,3,5,0
815000000,2,3,5,0
816000000,2,3,5,0
817000000,2,3,5,0
818000000,2,3,5,0
819000000,2,3,5,0
820000000,2,3,5,0
821000000,2,3,5,0
822000000,2,3,5,0
823000000,2,3,5,0
824000000,2,3,5,0
825000000,2,3,5,0
826000000,2,3,5,0
827000000,2,3,5,0
828000000,2,3,5,0
829000000,2,3,5,0
830000000,2,3,5,0
831000000,2,3,5,0
832000000,2,3,5,0
833000000,2,3,5,0
834000000,2,3,5,0
835000000,2,3,5,0
836000000,2,3,5,0
837000000,2,3,5,0
838000000,2,3,5,0
839000000,2,3,5,0
840000000,2,3,5,0
841000000,2,3,5,0
842000000,2,3,5,0
843000000,2,3,5,0
844000000,2,3,5,0
845000000,2,3,5,0
846000000,2,3,5,0
847000000,2,3,5,0
848000000,2,3,5,0
849000000,2,3,5,0
850000000,2,3,5,0
851000000,2,3,5,0
852000000,2,3,5,0
853000000,2,3,5,0
854000000,2,3,5,0
855000000,2,3,5,0
856000000,2,3,5,0
857000000,2,3,5,0
858000000,2,3,5,0
859000000,2,3,5,0
860000000,2,3,5,0
861000000,2,3,5,0
862000000,2,3,5,0
863000000,2,3,5,0
864000000,2,3,5,0
865000000,2,3,5,0
866000000,2,3,5,0
867000000,2,3,5,0
868000000,2,3,5,0
869000000,2,3,5,0
870000000,2,3,5,0
871000000,2,3,5,0
872000000,2,3,5,0
873000000,2,3,5,0
874000000,2,3,5,0
875000000,2,3,5,0
876000000,2,3,5,0
877000000,2,3,5,0
878000000,2,3,5,0
879000000,2,3,5,0
880000000,2,3,5,0
881000000,2,3,5,0
882000000,2,3,5,0
883000000,2,3,5,0
884000000,2,3,5,0
885000000,2,3,5,0
886000000,2,3,5,0
887000000,2,3,5,0
888000000,2,3,5,0
889000000,2,3,5,0
890000000,2,3,5,0
891000000,2,3,5,0
892000000,2,3,5,0
893000000,2,3,5,0
894000000,2,3,5,0
895000000,2,3,5,0
896000000,2,3,5,0
897000000,2,3,5,0
898000000,2,3,5,0
899000000,2,3,5,0
900000000,2,3,5,0
901000000,2,3,5,0
902000000,2,3,5,0
903000000,2,3,5,0
904000000,2,3,5,0
905000000,2,3,5,0
906000000,2,3,5,0
907000000,2,3,5,0
908000000,2,3,5,0
909000000,2,3,5,0
910000000,2,3,5,0
911000000,2,3,5,0
912000000,2,3,5,0
913000000,2,3,5,0
914000000,2,3,5,0
915000000,2,3,5,0
916000000,2,3,5,0
917000000,2,3,5,0
918000000,2,3,5,0
919000000,2,3,5,0
920000000,2,3,5,0
921000000,2,3,5,0
922000000,2,3,5,0
923000000,2,3,5,0
924000000,2,3,5,0
925000000,2,3,5,0
926000000,2,3,5,0
927000000,2,3,5,0
928000000,2,3,5,0
929000000,2,3,5,0
930000000,2,3,5,0
931000000,2,3,5,0
932000000,2,3,5,0
933000000,2,3,5,0
934000000,2,3,5,0
935000000,2,3,5,0
936000000,2,3,5,0
937000000,2,3,5,0
938000000,2,3,5,0
939000000,2,3,5,0
940000000,2,3,5,0
941000000,2,3,5,0
942000000,2,3,5,0
943000000,2,3,5,0
944000000,2,3,5,0
945000000,2,3,5,0
946000000,2,3,5,0
947000000,2,3,5,0
948000000,2,3,5,0
949000000,2,3,5,0
950000000,2,3,5,0
951000000,2,3,5,0
952000000,2,3,5,0
953000000,2,3,5,0
954000000,2,3,5,0
955000000,2,3,5,0
956000000,2,3,5,0
957000000,2,3,5,0
958000000,2,3,5,0
959000000,2,3,5,0
960000000,2,3,5,0
961000000,2,3,5,0
962000000,2,3,5,0
963000000,2,3,5,0
964000000,2,3,5,0
965000000,2,3,5,0
966000000,2,3,5,0
967000000,2,3,5,0
968000000,2,3,5,0
969000000,2,3,5,0
970000000,2,3,5,0
971000000,2,3,5,0
972000000,2,3,5,0
973000000,2,3,5,0
974000000,2,3,5,0
975000000,2,3,5,0
976000000,2,3,5,0
977000000,2,3,5,0
978000000,2,3,5,0
979000000,2,3,5,0
980000000,2,3,5,0
981000000,2,3,5,0
982000000,2,3,5,0
983000000,2,3,5,0
984000000,2,3,5,0
985000000,2,3,5,0
986000000,2,3,5,0
987000000,2,3,5,0
988000000,2,3,5,0
989000000,2,3,5,0
990000000,2,3,5,0
991000000,2,3,5,0
992000000,2,3,5,0
993000000,2,3,5,0
994000000,2,3,5,0
995000000,2,3,5,0
996000000,2,3,5,0
997000000,2,3,5,0
998000000,2,3,5,0
999000000,2,3,5,0
1000000,2,4,5,0
2000000,2,4,5,0
3000000,2,4,5,0
4000000,2,4,5,0
5000000,2,4,5,0
6000000,2,4,5,0
7000000,2,4,5,0
8000000,2,4,5,0
9000000,2,4,5,0
10000000,2,4,5,0
11000000,2,4,5,0
12000000,2,4,5,0
13000000,2,4,5,0
14000000,2,4,5,0
15000000,2,4,5,0
16000000,2,4,5,0
17000000,2,4,5,0
18000000,2,4,5,0
19000000,2,4,5,0
20000000,2,4,5,0
21000000,2,4,5,0
22000000,2,4,5,0
23000000,2,4,5,0
24000000,2,4,5,0
25000000,2,4,5,0
26000000,2,4,5,0
27000000,2,4,5,0
28000000,2,4,5,0
29000000,2,4,5,0
30000000,2,4,5,0
31000000,2,4,5,0
32000000,2,4,5,0
33000000,2,4,5,0
34000000,2,4,5,0
35000000,2,4,5,0
36000000,2,4,5,0
37000000,2,4,5,0
38000000,2,4,5,0
39000000,2,4,5,0
40000000,2,4,5,0
41000000,2,4,5,0
42000000,2,4,5,0
43000000,2,4,5,0
44000000,2,4,5,0
45000000,2,4,5,0
46000000,2,4,5,0
47000000,2,4,5,0
48000000,2,4,5,0
49000000,2,4,5,0
50000000,2,4,5,0
51000000,2,4,5,0
52000000,2,4,5,0
53000000,2,4,5,0
54000000,2,4,5,0
55000000,2,4,5,0
56000000,2,4,5,0
57000000,2,4,5,0
58000000,2,4,5,0
59000000,2,4,5,0
60000000,2,4,5,0
61000000,2,4,5,0
62000000,2,4,5,0
63000000,2,4,5,0
64000000,2,4,5,0
65000000,2,4,5,0
66000000,2,4,5,0
67000000,2,4,5,0
68000000,2,4,5,0
69000000,2,4,5,0
70000000,2,4,5,0
71000000,2,4,5,0
72000000,2,4,5,0
73000000,2,4,5,0
74000000,2,4,5,0
75000000,2,4,5,0
76000000,2,4,5,0
77000000,2,4,5,0
78000000,2,4,5,0
79000000,2,4,5,0
80000000,2,4,5,0
81000000,2,4,5,0
82000000,2,4,5,0
83000000,2,4,5,0
84000000,2,4,5,0
85000000,2,4,5,0
86000000,2,4,5,0
87000000,2,4,5,0
88000000,2,4,5,0
89000000,2,4,5,0
90000000,2,4,5,0
91000000,2,4,5,0
92000000,2,4,5,0
93000000,2,4,5,0
94000000,2,4,5,0
95000000,2,4,5,0
96000000,2,4,5,0
97000000,2,4,5,0
98000000,2,4,5,0
99000000,2,4,5,0
100000000,2,4,5,0
101000000,2,4,5,0
102000000,2,4,5,0
103000000,2,4,5,0
104000000,2,4,5,0
105000000,2,4,5,0
106000000,2,4,5,0
107000000,2,4,5,0
108000000,2,4,5,0
109000000,2,4,5,0
110000000,2,4,5,0
111000000,2,4,5,0
112000000,2,4,5,0
113000000,2,4,5,0
114000000,2,4,5,0
115000000,2,4,5,0
116000000,2,4,5,0
117000000,2,4,5,0
118000000,2,4,5,0
119000000,2,4,5,0
120000000,2,4,5,0
121000000,2,4,5,0
122000000,2,4,5,0
123000000,2,4,5,0
124000000,2,4,5,0
125000000,2,4,5,0
126000000,2,4,5,0
127000000,2,4,5,0
128000000,2,4,5,0
129000000,2,4,5,0
130000000,2,4,5,0
131000000,2,4,5,0
132000000,2,4,5,0
133000000,2,4,5,0
134000000,2,4,5,0
135000000,2,4,5,0
136000000,2,4,5,0
137000000,2,4,5,0
138000000,2,4,5,0
139000000,2,4,5,0
140000000,2,4,5,0
141000000,2,4,5,0
142000000,2,4,5,0
143000000,2,4,5,0
144000000,2,4,5,0
145000000,2,4,5,0
146000000,2,4,5,0
147000000,2,4,5,0
148000000,2,4,5,0
149000000,2,4,5,0
150000000,2,4,5,0
151000000,2,4,5,0
152000000,2,4,5,0
153000000,2,4,5,0
154000000,2,4,5,0
155000000,2,4,5,0
156000000,2,4,5,0
157000000,2,4,5,0
158000000,2,4,5,0
159000000,2,4,5,0
160000000,2,4,5,0
161000000,2,4,5,0
162000000,2,4,5,0
163000000,2,4,5,0
164000000,2,4,5,0
165000000,2,4,5,0
166000000,2,4,5,0
167000000,2,4,5,0
168000000,2,4,5,0
169000000,2,4,5,0
170000000,2,4,5,0
171000000,2,4,5,0
172000000,2,4,5,0
173000000,2,4,5,0
174000000,2,4,5,0
175000000,2,4,5,0
176000000,2,4,5,0
177000000,2,4,5,0
178000000,2,4,5,0
179000000,2,4,5,0
180000000,2,4,5,0
181000000,2,4,5,0
182000000,2,4,5,0
183000000,2,4,5,0
184000000,2,4,5,0
185000000,2,4,5,0
186000000,2,4,5,0
187000000,2,4,5,0
188000000,2,4,5,0
189000000,2,4,5,0
190000000,2,4,5,0
191000000,2,4,5,0
192000000,2,4,5,0
193000000,2,4,5,0
194000000,2,4,5,0
195000000,2,4,5,0
196000000,2,4,5,0
197000000,2,4,5,0
198000000,2,4,5,0
199000000,2,4,5,0
200000000,2,4,5,0
201000000,2,4,5,0
202000000,2,4,5,0
203000000,2,4,5,0
204000000,2,4,5,0
205000000,2,4,5,0
206000000,2,4,5,0
207000000,2,4,5,0
208000000,2,4,5,0
209000000,2,4,5,0
210000000,2,4,5,0
211000000,2,4,5,0
212000000,2,4,5,0
213000000,2,4,5,0
214000000,2,4,5,0
215000000,2,4,5,0
216000000,2,4,5,0
217000000,2,4,5,0
218000000,2,4,5,0
219000000,2,4,5,0
220000000,2,4,5,0
221000000,2,4,5,0
222000000,2,4,5,0
223000000,2,4,5,0
224000000,2,4,5,0
225000000,2,4,5,0
226000000,2,4,5,0
227000000,2,4,5,0
228000000,2,4,5,0
229000000,2,4,5,0
230000000,2,4,5,0
231000000,2,4,5,0
232000000,2,4,5,0
233000000,2,4,5,0
234000000,2,4,5,0
235000000,2,4,5,0
236000000,2,4,5,0
237000000,2,4,5,0
238000000,2,4,5,0
239000000,2,4,5,0
240000000,2,4,5,0
241000000,2,4,5,0
242000000,2,4,5,0
243000000,2,4,5,0
244000000,2,4,5,0
245000000,2,4,5,0
246000000,2,4,5,0
247000000,2,4,5,0
248000000,2,4,5,0
249000000,2,4,5,0
250000000,2,4,5,0
251000000,2,4,5,0
252000000,2,4,5,0
253000000,2,4,5,0
254000000,2,4,5,0
255000000,2,4,5,0
256000000,2,4,5,0
257000000,2,4,5,0
258000000,2,4,5,0
259000000,2,4,5,0
260000000,2,4,5,0
261000000,2,4,5,0
262000000,2,4,5,0
263000000,2,4,5,0
264000000,2,4,5,0
265000000,2,4,5,0
266000000,2,4,5,0
267000000,2,4,5,0
268000000,2,4,5,0
269000000,2,4,5,0
270000000,2,4,5,0
271000000,2,4,5,0
272000000,2,4,5,0
273000000,2,4,5,0
274000000,2,4,5,0
275000000,2,4,5,0
276000000,2,4,5,0
277000000,2,4,5,0
278000000,2,4,5,0
279000000,2,4,5,0
280000000,2,4,5,0
281000000,2,4,5,0
282000000,2,4,5,0
283000000,2,4,5,0
284000000,2,4,5,0
285000000,2,4,5,0
286000000,2,4,5,0
287000000,2,4,5,0
288000000,2,4,5,0
289000000,2,4,5,0
290000000,2,4,5,0
291000000,2,4,5,0
292000000,2,4,5,0
293000000,2,4,5,0
294000000,2,4,5,0
295000000,2,4,5,0
296000000,2,4,5,0
297000000,2,4,5,0
298000000,2,4,5,0
299000000,2,4,5,0
300000000,2,4,5,0
301000000,2,4,5,0
302000000,2,4,5,0
303000000,2,4,5,0
304000000,2,4,5,0
305000000,2,4,5,0
306000000,2,4,5,0
307000000,2,4,5,0
308000000,2,4,5,0
309000000,2,4,5,0
310000000,2,4,5,0
311000000,2,4,5,0
312000000,2,4,5,0
313000000,2,4,5,0
314000000,2,4,5,0
315000000,2,4,5,0
316000000,2,4,5,0
317000000,2,4,5,0
318000000,2,4,5,0
319000000,2,4,5,0
320000000,2,4,5,0
321000000,2,4,5,0
322000000,2,4,5,0
323000000,2,4,5,0
324000000,2,4,5,0
325000000,2,4,5,0
326000000,2,4,5,0
327000000,2,4,5,0
328000000,2,4,5,0
329000000,2,4,5,0
330000000,2,4,5,0
331000000,2,4,5,0
332000000,2,4,5,0
333000000,2,4,5,0
334000000,2,4,5,0
335000000,2,4,5,0
336000000,2,4,5,0
337000000,2,4,5,0
338000000,2,4,5,0
339000000,2,4,5,0
340000000,2,4,5,0
341000000,2,4,5,0
342000000,2,4,5,0
343000000,2,4,5,0
344000000,2,4,5,0
345000000,2,4,5,0
346000000,2,4,5,0
347000000,2,4,5,0
348000000,2,4,5,0
349000000,2,4,5,0
350000000,2,4,5,0
351000000,2,4,5,0
352000000,2,4,5,0
353000000,2,4,5,0
354000000,2,4,5,0
355000000,2,4,5,0
356000000,2,4,5,0
357000000,2,4,5,0
358000000,2,4,5,0
359000000,2,4,5,0
360000000,2,4,5,0
361000000,2,4,5,0
362000000,2,4,5,0
363000000,2,4,5,0
364000000,2,4,5,0
365000000,2,4,5,0
366000000,2,4,5,0
367000000,2,4,5,0
368000000,2,4,5,0
369000000,2,4,5,0
370000000,2,4,5,0
371000000,2,4,5,0
372000000,2,4,5,0
373000000,2,4,5,0
374000000,2,4,5,0
375000000,2,4,5,0
376000000,2,4,5,0
377000000,2,4,5,0
378000000,2,4,5,0
379000000,2,4,5,0
380000000,2,4,5,0
381000000,2,4,5,0
382000000,2,4,5,0
383000000,2,4,5,0
384000000,2,4,5,0
385000000,2,4,5,0
386000000,2,4,5,0
387000000,2,4,5,0
388000000,2,4,5,0
389000000,2,4,5,0
390000000,2,4,5,0
391000000,2,4,5,0
392000000,2,4,5,0
393000000,2,4,5,0
394000000,2,4,5,0
395000000,2,4,5,0
396000000,2,4,5,0
397000000,2,4,5,0
398000000,2,4,5,0
399000000,2,4,5,0
400000000,2,4,5,0
401000000,2,4,5,0
402000000,2,4,5,0
403000000,2,4,5,0
404000000,2,4,5,0
405000000,2,4,5,0
406000000,2,4,5,0
407000000,2,4,5,0
408000000,2,4,5,0
409000000,2,4,5,0
410000000,2,4,5,0
411000000,2,4,5,0
412000000,2,4,5,0
413000000,2,4,5,0
414000000,2,4,5,0
415000000,2,4,5,0
416000000,2,4,5,0
417000000,2,4,5,0
418000000,2,4,5,0
419000000,2,4,5,0
420000000,2,4,5,0
421000000,2,4,5,0
422000000,2,4,5,0
423000000,2,4,5,0
424000000,2,4,5,0
425000000,2,4,5,0
426000000,2,4,5,0
427000000,2,4,5,0
428000000,2,4,5,0
429000000,2,4,5,0
430000000,2,4,5,0
431000000,2,4,5,0
432000000,2,4,5,0
433000000,2,4,5,0
434000000,2,4,5,0
435000000,2,4,5,0
436000000,2,4,5,0
437000000,2,4,5,0
438000000,2,4,5,0
439000000,2,4,5,0
440000000,2,4,5,0
441000000,2,4,5,0
442000000,2,4,5,0
443000000,2,4,5,0
444000000,2,4,5,0
445000000,2,4,5,0
446000000,2,4,5,0
447000000,2,4,5,0
448000000,2,4,5,0
449000000,2,4,5,0
450000000,2,4,5,0
451000000,2,4,5,0
452000000,2,4,5,0
453000000,2,4,5,0
454000000,2,4,5,0
455000000,2,4,5,0
456000000,2,4,5,0
457000000,2,4,5,0
458000000,2,4,5,0
459000000,2,4,5,0
460000000,2,4,5,0
461000000,2,4,5,0
462000000,2,4,5,0
463000000,2,4,5,0
464000000,2,4,5,0
465000000,2,4,5,0
466000000,2,4,5,0
467000000,2,4,5,0
468000000,2,4,5,0
469000000,2,4,5,0
470000000,2,4,5,0
471000000,2,4,5,0
472000000,2,4,5,0
473000000,2,4,5,0
474000000,2,4,5,0
475000000,2,4,5,0
476000000,2,4,5,0
477000000,2,4,5,0
478000000,2,4,5,0
479000000,2,4,5,0
480000000,2,4,5,0
481000000,2,4,5,0
482000000,2,4,5,0
483000000,2,4,5,0
484000000,2,4,5,0
485000000,2,4,5,0
486000000,2,4,5,0
487000000,2,4,5,0
488000000,2,4,5,0
489000000,2,4,5,0
490000000,2,4,5,0
491000000,2,4,5,0
492000000,2,4,5,0
493000000,2,4,5,0
494000000,2,4,5,0
495000000,2,4,5,0
496000000,2,4,5,0
497000000,2,4,5,0
498000000,2,4,5,0
499000000,2,4,5,0
500000000,2,4,5,0
501000000,2,4,5,0
502000000,2,4,5,0
503000000,2,4,5,0
504000000,2,4,5,0
505000000,2,4,5,0
506000000,2,4,5,0
507000000,2,4,5,0
508000000,2,4,5,0
509000000,2,4,5,0
510000000,2,4,5,0
511000000,2,4,5,0
512000000,2,4,5,0
513000000,2,4,5,0
514000000,2,4,5,0
515000000,2,4,5,0
516000000,2,4,5,0
517000000,2,4,5,0
518000000,2,4,5,0
519000000,2,4,5,0
520000000,2,4,5,0
521000000,2,4,5,0
522000000,2,4,5,0
523000000,2,4,5,0
524000000,2,4,5,0
525000000,2,4,5,0
526000000,2,4,5,0
527000000,2,4,5,0
528000000,2,4,5,0
529000000,2,4,5,0
530000000,2,4,5,0
531000000,2,4,5,0
532000000,2,4,5,0
533000000,2,4,5,0
534000000,2,4,5,0
535000000,2,4,5,0
536000000,2,4,5,0
537000000,2,4,5,0
538000000,2,4,5,0
539000000,2,4,5,0
540000000,2,4,5,0
541000000,2,4,5,0
542000000,2,4,5,0
543000000,2,4,5,0
544000000,2,4,5,0
545000000,2,4,5,0
546000000,2,4,5,0
547000000,2,4,5,0
548000000,2,4,5,0
549000000,2,4,5,0
550000000,2,4,5,0
551000000,2,4,5,0
552000000,2,4,5,0
553000000,2,4,5,0
554000000,2,4,5,0
555000000,2,4,5,0
556000000,2,4,5,0
557000000,2,4,5,0
558000000,2,4,5,0
559000000,2,4,5,0
560000000,2,4,5,0
561000000,2,4,5,0
562000000,2,4,5,0
563000000,2,4,5,0
564000000,2,4,5,0
565000000,2,4,5,0
566000000,2,4,5,0
567000000,2,4,5,0
568000000,2,4,5,0
569000000,2,4,5,0
570000000,2,4,5,0
571000000,2,4,5,0
572000000,2,4,5,0
573000000,2,4,5,0
574000000,2,4,5,0
575000000,2,4,5,0
576000000,2,4,5,0
577000000,2,4,5,0
578000000,2,4,5,0
579000000,2,4,5,0
580000000,2,4,5,0
581000000,2,4,5,0
582000000,2,4,5,0
583000000,2,4,5,0
584000000,2,4,5,0
585000000,2,4,5,0
586000000,2,4,5,0
587000000,2,4,5,0
588000000,2,4,5,0
589000000,2,4,5,0
590000000,2,4,5,0
591000000,2,4,5,0
592000000,2,4,5,0
593000000,2,4,5,0
594000000,2,4,5,0
595000000,2,4,5,0
596000000,2,4,5,0
597000000,2,4,5,0
598000000,2,4,5,0
599000000,2,4,5,0
600000000,2,4,5,0
601000000,2,4,5,0
602000000,2,4,5,0
603000000,2,4,5,0
604000000,2,4,5,0
605000000,2,4,5,0
606000000,2,4,5,0
607000000,2,4,5,0
608000000,2,4,5,0
609000000,2,4,5,0
610000000,2,4,5,0
611000000,2,4,5,0
612000000,2,4,5,0
613000000,2,4,5,0
614000000,2,4,5,0
615000000,2,4,5,0
616000000,2,4,5,0
617000000,2,4,5,0
618000000,2,4,5,0
619000000,2,4,5,0
620000000,2,4,5,0
621000000,2,4,5,0
622000000,2,4,5,0
623000000,2,4,5,0
624000000,2,4,5,0
625000000,2,4,5,0
626000000,2,4,5,0
627000000,2,4,5,0
628000000,2,4,5,0
629000000,2,4,5,0
630000000,2,4,5,0
631000000,2,4,5,0
632000000,2,4,5,0
633000000,2,4,5,0
634000000,2,4,5,0
635000000,2,4,5,0
636000000,2,4,5,0
637000000,2,4,5,0
638000000,2,4,5,0
639000000,2,4,5,0
640000000,2,4,5,0
641000000,2,4,5,0
642000000,2,4,5,0
643000000,2,4,5,0
644000000,2,4,5,0
645000000,2,4,5,0
646000000,2,4,5,0
647000000,2,4,5,0
648000000,2,4,5,0
649000000,2,4,5,0
650000000,2,4,5,0
651000000,2,4,5,0
652000000,2,4,5,0
653000000,2,4,5,0
654000000,2,4,5,0
655000000,2,4,5,0
656000000,2,4,5,0
657000000,2,4,5,0
658000000,2,4,5,0
659000000,2,4,5,0
660000000,2,4,5,0
661000000,2,4,5,0
662000000,2,4,5,0
663000000,2,4,5,0
664000000,2,4,5,0
665000000,2,4,5,0
666000000,2,4,5,0
667000000,2,4,5,0
668000000,2,4,5,0
669000000,2,4,5,0
670000000,2,4,5,0
671000000,2,4,5,0
672000000,2,4,5,0
673000000,2,4,5,0
674000000,2,4,5,0
675000000,2,4,5,0
676000000,2,4,5,0
677000000,2,4,5,0
678000000,2,4,5,0
679000000,2,4,5,0
680000000,2,4,5,0
681000000,2,4,5,0
682000000,2,4,5,0
683000000,2,4,5,0
684000000,2,4,5,0
685000000,2,4,5,0
686000000,2,4,5,0
687000000,2,4,5,0
688000000,2,4,5,0
689000000,2,4,5,0
690000000,2,4,5,0
691000000,2,4,5,0
692000000,2,4,5,0
693000000,2,4,5,0
694000000,2,4,5,0
695000000,2,4,5,0
696000000,2,4,5,0
697000000,2,4,5,0
698000000,2,4,5,0
699000000,2,4,5,0
700000000,2,4,5,0
701000000,2,4,5,0
702000000,2,4,5,0
703000000,2,4,5,0
704000000,2,4,5,0
705000000,2,4,5,0
706000000,2,4,5,0
707000000,2,4,5,0
708000000,2,4,5,0
709000000,2,4,5,0
710000000,2,4,5,0
711000000,2,4,5,0
712000000,2,4,5,0
713000000,2,4,5,0
714000000,2,4,5,0
715000000,2,4,5,0
716000000,2,4,5,0
717000000,2,4,5,0
718000000,2,4,5,0
719000000,2,4,5,0
720000000,2,4,5,0
721000000,2,4,5,0
722000000,2,4,5,0
723000000,2,4,5,0
724000000,2,4,5,0
725000000,2,4,5,0
726000000,2,4,5,0
727000000,2,4,5,0
728000000,2,4,5,0
729000000,2,4,5,0
730000000,2,4,5,0
731000000,2,4,5,0
732000000,2,4,5,0
733000000,2,4,5,0
734000000,2,4,5,0
735000000,2,4,5,0
736000000,2,4,5,0
737000000,2,4,5,0
738000000,2,4,5,0
739000000,2,4,5,0
740000000,2,4,5,0
741000000,2,4,5,0
742000000,2,4,5,0
743000000,2,4,5,0
744000000,2,4,5,0
745000000,2,4,5,0
746000000,2,4,5,0
747000000,2,4,5,0
748000000,2,4,5,0
749000000,2,4,5,0
750000000,2,4,5,0
751000000,2,4,5,0
752000000,2,4,5,0
753000000,2,4,5,0
754000000,2,4,5,0
755000000,2,4,5,0
756000000,2,4,5,0
757000000,2,4,5,0
758000000,2,4,5,0
759000000,2,4,5,0
760000000,2,4,5,0
761000000,2,4,5,0
762000000,2,4,5,0
763000000,2,4,5,0
764000000,2,4,5,0
765000000,2,4,5,0
766000000,2,4,5,0
767000000,2,4,5,0
768000000,2,4,5,0
769000000,2,4,5,0
770000000,2,4,5,0
771000000,2,4,5,0
772000000,2,4,5,0
773000000,2,4,5,0
774000000,2,4,5,0
775000000,2,4,5,0
776000000,2,4,5,0
777000000,2,4,5,0
778000000,2,4,5,0
779000000,2,4,5,0
780000000,2,4,5,0
781000000,2,4,5,0
782000000,2,4,5,0
783000000,2,4,5,0
784000000,2,4,5,0
785000000,2,4,5,0
786000000,2,4,5,0
787000000,2,4,5,0
788000000,2,4,5,0
789000000,2,4,5,0
790000000,2,4,5,0
791000000,2,4,5,0
792000000,2,4,5,0
793000000,2,4,5,0
794000000,2,4,5,0
795000000,2,4,5,0
796000000,2,4,5,0
797000000,2,4,5,0
798000000,2,4,5,0
799000000,2,4,5,0
800000000,2,4,5,0
801000000,2,4,5,0
802000000,2,4,5,0
803000000,2,4,5,0
804000000,2,4,5,0
805000000,2,4,5,0
806000000,2,4,5,0
807000000,2,4,5,0
808000000,2,4,5,0
809000000,2,4,5,0
810000000,2,4,5,0
811000000,2,4,5,0
812000000,2,4,5,0
813000000,2,4,5,0
814000000,2,4,5,0
815000000,2,4,5,0
816000000,2,4,5,0
817000000,2,4,5,0
818000000,2,4,5,0
819000000,2,4,5,0
820000000,2,4,5,0
821000000,2,4,5,0
822000000,2,4,5,0
823000000,2,4,5,0
824000000,2,4,5,0
825000000,2,4,5,0
826000000,2,4,5,0
827000000,2,4,5,0
828000000,2,4,5,0
829000000,2,4,5,0
830000000,2,4,5,0
831000000,2,4,5,0
832000000,2,4,5,0
833000000,2,4,5,0
834000000,2,4,5,0
835000000,2,4,5,0
836000000,2,4,5,0
837000000,2,4,5,0
838000000,2,4,5,0
839000000,2,4,5,0
840000000,2,4,5,0
841000000,2,4,5,0
842000000,2,4,5,0
843000000,2,4,5,0
844000000,2,4,5,0
845000000,2,4,5,0
846000000,2,4,5,0
847000000,2,4,5,0
848000000,2,4,5,0
849000000,2,4,5,0
850000000,2,4,5,0
851000000,2,4,5,0
852000000,2,4,5,0
853000000,2,4,5,0
854000000,2,4,5,0
855000000,2,4,5,0
856000000,2,4,5,0
857000000,2,4,5,0
858000000,2,4,5,0
859000000,2,4,5,0
860000000,2,4,5,0
861000000,2,4,5,0
862000000,2,4,5,0
863000000,2,4,5,0
864000000,2,4,5,0
865000000,2,4,5,0
866000000,2,4,5,0
867000000,2,4,5,0
868000000,2,4,5,0
869000000,2,4,5,0
870000000,2,4,5,0
871000000,2,4,5,0
872000000,2,4,5,0
873000000,2,4,5,0
874000000,2,4,5,0
875000000,2,4,5,0
876000000,2,4,5,0
877000000,2,4,5,0
878000000,2,4,5,0
879000000,2,4,5,0
880000000,2,4,5,0
881000000,2,4,5,0
882000000,2,4,5,0
883000000,2,4,5,0
884000000,2,4,5,0
885000000,2,4,5,0
886000000,2,4,5,0
887000000,2,4,5,0
888000000,2,4,5,0
889000000,2,4,5,0
890000000,2,4,5,0
891000000,2,4,5,0
892000000,2,4,5,0
893000000,2,4,5,0
894000000,2,4,5,0
895000000,2,4,5,0
896000000,2,4,5,0
897000000,2,4,5,0
898000000,2,4,5,0
899000000,2,4,5,0
900000000,2,4,5,0
901000000,2,4,5,0
902000000,2,4,5,0
903000000,2,4,5,0
904000000,2,4,5,0
905000000,2,4,5,0
906000000,2,4,5,0
907000000,2,4,5,0
908000000,2,4,5,0
909000000,2,4,5,0
910000000,2,4,5,0
911000000,2,4,5,0
912000000,2,4,5,0
913000000,2,4,5,0
914000000,2,4,5,0
915000000,2,4,5,0
916000000,2,4,5,0
917000000,2,4,5,0
918000000,2,4,5,0
919000000,2,4,5,0
920000000,2,4,5,0
921000000,2,4,5,0
922000000,2,4,5,0
923000000,2,4,5,0
924000000,2,4,5,0
925000000,2,4,5,0
926000000,2,4,5,0
927000000,2,4,5,0
928000000,2,4,5,0
929000000,2,4,5,0
930000000,2,4,5,0
931000000,2,4,5,0
932000000,2,4,5,0
933000000,2,4,5,0
934000000,2,4,5,0
935000000,2,4,5,0
936000000,2,4,5,0
937000000,2,4,5,0
938000000,2,4,5,0
939000000,2,4,5,0
940000000,2,4,5,0
941000000,2,4,5,0
942000000,2,4,5,0
943000000,2,4,5,0
944000000,2,4,5,0
945000000,2,4,5,0
946000000,2,4,5,0
947000000,2,4,5,0
948000000,2,4,5,0
949000000,2,4,5,0
950000000,2,4,5,0
951000000,2,4,5,0
952000000,2,4,5,0
953000000,2,4,5,0
954000000,2,4,5,0
955000000,2,4,5,0
956000000,2,4,5,0
957000000,2,4,5,0
958000000,2,4,5,0
959000000,2,4,5,0
960000000,2,4,5,0
961000000,2,4,5,0
962000000,2,4,5,0
963000000,2,4,5,0
964000000,2,4,5,0
965000000,2,4,5,0
966000000,2,4,5,0
967000000,2,4,5,0
968000000,2,4,5,0
969000000,2,4,5,0
970000000,2,4,5,0
971000000,2,4,5,0
972000000,2,4,5,0
973000000,2,4,5,0
974000000,2,4,5,0
975000000,2,4,5,0
976000000,2,4,5,0
977000000,2,4,5,0
978000000,2,4,5,0
979000000,2,4,5,0
980000000,2,4,5,0
981000000,2,4,5,0
982000000,2,4,5,0
983000000,2,4,5,0
984000000,2,4,5,0
985000000,2,4,5,0
986000000,2,4,5,0
987000000,2,4,5,0
988000000,2,4,5,0
989000000,2,4,5,0
990000000,2,4,5,0
991000000,2,4,5,0
992000000,2,4,5,0
993000000,2,4,5,0
994000000,2,4,5,0
995000000,2,4,5,0
996000000,2,4,5,0
997000000,2,4,5,0
998000000,2,4,5,0
999000000,2,4,5,0
1000000,2,5,5,0
2000000,2,5,5,0
3000000,2,5,5,0
4000000,2,5,5,0
5000000,2,5,5,0
6000000,2,5,5,0
7000000,2,5,5,0
8000000,2,5,5,0
9000000,2,5,5,0
10000000,2,5,5,0
11000000,2,5,5,0
12000000,2,5,5,0
13000000,2,5,5,0
14000000,2,5,5,0
15000000,2,5,5,0
16000000,2,5,5,0
17000000,2,5,5,0
18000000,2,5,5,0
19000000,2,5,5,0
20000000,2,5,5,0
21000000,2,5,5,0
22000000,2,5,5,0
23000000,2,5,5,0
24000000,2,5,5,0
25000000,2,5,5,0
26000000,2,5,5,0
27000000,2,5,5,0
28000000,2,5,5,0
29000000,2,5,5,0
30000000,2,5,5,0
31000000,2,5,5,0
32000000,2,5,5,0
33000000,2,5,5,0
34000000,2,5,5,0
35000000,2,5,5,0
36000000,2,5,5,0
37000000,2,5,5,0
38000000,2,5,5,0
39000000,2,5,5,0
40000000,2,5,5,0
41000000,2,5,5,0
42000000,2,5,5,0
43000000,2,5,5,0
44000000,2,5,5,0
45000000,2,5,5,0
46000000,2,5,5,0
47000000,2,5,5,0
48000000,2,5,5,0
49000000,2,5,5,0
50000000,2,5,5,0
51000000,2,5,5,0
52000000,2,5,5,0
53000000,2,5,5,0
54000000,2,5,5,0
55000000,2,5,5,0
56000000,2,5,5,0
57000000,2,5,5,0
58000000,2,5,5,0
59000000,2,5,5,0
60000000,2,5,5,0
61000000,2,5,5,0
62000000,2,5,5,0
63000000,2,5,5,0
64000000,2,5,5,0
65000000,2,5,5,0
66000000,2,5,5,0
67000000,2,5,5,0
68000000,2,5,5,0
69000000,2,5,5,0
70000000,2,5,5,0
71000000,2,5,5,0
72000000,2,5,5,0
73000000,2,5,5,0
74000000,2,5,5,0
75000000,2,5,5,0
76000000,2,5,5,0
77000000,2,5,5,0
78000000,2,5,5,0
79000000,2,5,5,0
80000000,2,5,5,0
81000000,2,5,5,0
82000000,2,5,5,0
83000000,2,5,5,0
84000000,2,5,5,0
85000000,2,5,5,0
86000000,2,5,5,0
87000000,2,5,5,0
88000000,2,5,5,0
89000000,2,5,5,0
90000000,2,5,5,0
91000000,2,5,5,0
92000000,2,5,5,0
93000000,2,5,5,0
94000000,2,5,5,0
95000000,2,5,5,0
96000000,2,5,5,0
97000000,2,5,5,0
98000000,2,5,5,0
99000000,2,5,5,0
100000000,2,5,5,0
101000000,2,5,5,0
102000000,2,5,5,0
103000000,2,5,5,0
104000000,2,5,5,0
105000000,2,5,5,0
106000000,2,5,5,0
107000000,2,5,5,0
108000000,2,5,5,0
109000000,2,5,5,0
110000000,2,5,5,0
111000000,2,5,5,0
112000000,2,5,5,0
113000000,2,5,5,0
114000000,2,5,5,0
115000000,2,5,5,0
116000000,2,5,5,0
117000000,2,5,5,0
118000000,2,5,5,0
119000000,2,5,5,0
120000000,2,5,5,0
121000000,2,5,5,0
122000000,2,5,5,0
123000000,2,5,5,0
124000000,2,5,5,0
125000000,2,5,5,0
126000000,2,5,5,0
127000000,2,5,5,0
128000000,2,5,5,0
129000000,2,5,5,0
130000000,2,5,5,0
131000000,2,5,5,0
132000000,2,5,5,0
133000000,2,5,5,0
134000000,2,5,5,0
135000000,2,5,5,0
136000000,2,5,5,0
137000000,2,5,5,0
138000000,2,5,5,0
139000000,2,5,5,0
140000000,2,5,5,0
141000000,2,5,5,0
142000000,2,5,5,0
143000000,2,5,5,0
144000000,2,5,5,0
145000000,2,5,5,0
146000000,2,5,5,0
147000000,2,5,5,0
148000000,2,5,5,0
149000000,2,5,5,0
150000000,2,5,5,0
151000000,2,5,5,0
152000000,2,5,5,0
153000000,2,5,5,0
154000000,2,5,5,0
155000000,2,5,5,0
156000000,2,5,5,0
157000000,2,5,5,0
158000000,2,5,5,0
159000000,2,5,5,0
160000000,2,5,5,0
161000000,2,5,5,0
162000000,2,5,5,0
163000000,2,5,5,0
164000000,2,5,5,0
165000000,2,5,5,0
166000000,2,5,5,0
167000000,2,5,5,0
168000000,2,5,5,0
169000000,2,5,5,0
170000000,2,5,5,0
171000000,2,5,5,0
172000000,2,5,5,0
173000000,2,5,5,0
174000000,2,5,5,0
175000000,2,5,5,0
176000000,2,5,5,0
177000000,2,5,5,0
178000000,2,5,5,0
179000000,2,5,5,0
180000000,2,5,5,0
181000000,2,5,5,0
182000000,2,5,5,0
183000000,2,5,5,0
184000000,2,5,5,0
185000000,2,5,5,0
186000000,2,5,5,0
187000000,2,5,5,0
188000000,2,5,5,0
189000000,2,5,5,0
190000000,2,5,5,0
191000000,2,5,5,0
192000000,2,5,5,0
193000000,2,5,5,0
194000000,2,5,5,0
195000000,2,5,5,0
196000000,2,5,5,0
197000000,2,5,5,0
198000000,2,5,5,0
199000000,2,5,5,0
200000000,2,5,5,0
201000000,2,5,5,0
202000000,2,5,5,0
203000000,2,5,5,0
204000000,2,5,5,0
205000000,2,5,5,0
206000000,2,5,5,0
207000000,2,5,5,0
208000000,2,5,5,0
209000000,2,5,5,0
210000000,2,5,5,0
211000000,2,5,5,0
212000000,2,5,5,0
213000000,2,5,5,0
214000000,2,5,5,0
215000000,2,5,5,0
216000000,2,5,5,0
217000000,2,5,5,0
218000000,2,5,5,0
219000000,2,5,5,0
220000000,2,5,5,0
221000000,2,5,5,0
222000000,2,5,5,0
223000000,2,5,5,0
224000000,2,5,5,0
225000000,2,5,5,0
226000000,2,5,5,0
227000000,2,5,5,0
228000000,2,5,5,0
229000000,2,5,5,0
230000000,2,5,5,0
231000000,2,5,5,0
232000000,2,5,5,0
233000000,2,5,5,0
234000000,2,5,5,0
235000000,2,5,5,0
236000000,2,5,5,0
237000000,2,5,5,0
238000000,2,5,5,0
239000000,2,5,5,0
240000000,2,5,5,0
241000000,2,5,5,0
242000000,2,5,5,0
243000000,2,5,5,0
244000000,2,5,5,0
245000000,2,5,5,0
246000000,2,5,5,0
247000000,2,5,5,0
248000000,2,5,5,0
249000000,2,5,5,0
250000000,2,5,5,0
251000000,2,5,5,0
252000000,2,5,5,0
253000000,2,5,5,0
254000000,2,5,5,0
255000000,2,5,5,0
256000000,2,5,5,0
257000000,2,5,5,0
258000000,2,5,5,0
259000000,2,5,5,0
260000000,2,5,5,0
261000000,2,5,5,0
262000000,2,5,5,0
263000000,2,5,5,0
264000000,2,5,5,0
265000000,2,5,5,0
266000000,2,5,5,0
267000000,2,5,5,0
268000000,2,5,5,0
269000000,2,5,5,0
270000000,2,5,5,0
271000000,2,5,5,0
272000000,2,5,5,0
273000000,2,5,5,0
274000000,2,5,5,0
275000000,2,5,5,0
276000000,2,5,5,0
277000000,2,5,5,0
278000000,2,5,5,0
279000000,2,5,5,0
280000000,2,5,5,0
281000000,2,5,5,0
282000000,2,5,5,0
283000000,2,5,5,0
284000000,2,5,5,0
285000000,2,5,5,0
286000000,2,5,5,0
287000000,2,5,5,0
288000000,2,5,5,0
289000000,2,5,5,0
290000000,2,5,5,0
291000000,2,5,5,0
292000000,2,5,5,0
293000000,2,5,5,0
294000000,2,5,5,0
295000000,2,5,5,0
296000000,2,5,5,0
297000000,2,5,5,0
298000000,2,5,5,0
299000000,2,5,5,0
300000000,2,5,5,0
301000000,2,5,5,0
302000000,2,5,5,0
303000000,2,5,5,0
304000000,2,5,5,0
305000000,2,5,5,0
306000000,2,5,5,0
307000000,2,5,5,0
308000000,2,5,5,0
309000000,2,5,5,0
310000000,2,5,5,0
311000000,2,5,5,0
312000000,2,5,5,0
313000000,2,5,5,0
314000000,2,5,5,0
315000000,2,5,5,0
316000000,2,5,5,0
317000000,2,5,5,0
318000000,2,5,5,0
319000000,2,5,5,0
320000000,2,5,5,0
321000000,2,5,5,0
322000000,2,5,5,0
323000000,2,5,5,0
324000000,2,5,5,0
325000000,2,5,5,0
326000000,2,5,5,0
327000000,2,5,5,0
328000000,2,5,5,0
329000000,2,5,5,0
330000000,2,5,5,0
331000000,2,5,5,0
332000000,2,5,5,0
333000000,2,5,5,0
334000000,2,5,5,0
335000000,2,5,5,0
336000000,2,5,5,0
337000000,2,5,5,0
338000000,2,5,5,0
339000000,2,5,5,0
340000000,2,5,5,0
341000000,2,5,5,0
342000000,2,5,5,0
343000000,2,5,5,0
344000000,2,5,5,0
345000000,2,5,5,0
346000000,2,5,5,0
347000000,2,5,5,0
348000000,2,5,5,0
349000000,2,5,5,0
350000000,2,5,5,0
351000000,2,5,5,0
352000000,2,5,5,0
353000000,2,5,5,0
354000000,2,5,5,0
355000000,2,5,5,0
356000000,2,5,5,0
357000000,2,5,5,0
358000000,2,5,5,0
359000000,2,5,5,0
360000000,2,5,5,0
361000000,2,5,5,0
362000000,2,5,5,0
363000000,2,5,5,0
364000000,2,5,5,0
365000000,2,5,5,0
366000000,2,5,5,0
367000000,2,5,5,0
368000000,2,5,5,0
369000000,2,5,5,0
370000000,2,5,5,0
371000000,2,5,5,0
372000000,2,5,5,0
373000000,2,5,5,0
374000000,2,5,5,0
375000000,2,5,5,0
376000000,2,5,5,0
377000000,2,5,5,0
378000000,2,5,5,0
379000000,2,5,5,0
380000000,2,5,5,0
381000000,2,5,5,0
382000000,2,5,5,0
383000000,2,5,5,0
384000000,2,5,5,0
385000000,2,5,5,0
386000000,2,5,5,0
387000000,2,5,5,0
388000000,2,5,5,0
389000000,2,5,5,0
390000000,2,5,5,0
391000000,2,5,5,0
392000000,2,5,5,0
393000000,2,5,5,0
394000000,2,5,5,0
395000000,2,5,5,0
396000000,2,5,5,0
397000000,2,5,5,0
398000000,2,5,5,0
399000000,2,5,5,0
400000000,2,5,5,0
401000000,2,5,5,0
402000000,2,5,5,0
403000000,2,5,5,0
404000000,2,5,5,0
405000000,2,5,5,0
406000000,2,5,5,0
407000000,2,5,5,0
408000000,2,5,5,0
409000000,2,5,5,0
410000000,2,5,5,0
411000000,2,5,5,0
412000000,2,5,5,0
413000000,2,5,5,0
414000000,2,5,5,0
415000000,2,5,5,0
416000000,2,5,5,0
417000000,2,5,5,0
418000000,2,5,5,0
419000000,2,5,5,0
420000000,2,5,5,0
421000000,2,5,5,0
422000000,2,5,5,0
423000000,2,5,5,0
424000000,2,5,5,0
425000000,2,5,5,0
426000000,2,5,5,0
427000000,2,5,5,0
428000000,2,5,5,0
429000000,2,5,5,0
430000000,2,5,5,0
431000000,2,5,5,0
432000000,2,5,5,0
433000000,2,5,5,0
434000000,2,5,5,0
435000000,2,5,5,0
436000000,2,5,5,0
437000000,2,5,5,0
438000000,2,5,5,0
439000000,2,5,5,0
440000000,2,5,5,0
441000000,2,5,5,0
442000000,2,5,5,0
443000000,2,5,5,0
444000000,2,5,5,0
445000000,2,5,5,0
446000000,2,5,5,0
447000000,2,5,5,0
448000000,2,5,5,0
449000000,2,5,5,0
450000000,2,5,5,0
451000000,2,5,5,0
452000000,2,5,5,0
453000000,2,5,5,0
454000000,2,5,5,0
455000000,2,5,5,0
456000000,2,5,5,0
457000000,2,5,5,0
458000000,2,5,5,0
459000000,2,5,5,0
460000000,2,5,5,0
461000000,2,5,5,0
462000000,2,5,5,0
463000000,2,5,5,0
464000000,2,5,5,0
465000000,2,5,5,0
466000000,2,5,5,0
467000000,2,5,5,0
468000000,2,5,5,0
469000000,2,5,5,0
470000000,2,5,5,0
471000000,2,5,5,0
472000000,2,5,5,0
473000000,2,5,5,0
474000000,2,5,5,0
475000000,2,5,5,0
476000000,2,5,5,0
477000000,2,5,5,0
478000000,2,5,5,0
479000000,2,5,5,0
480000000,2,5,5,0
481000000,2,5,5,0
482000000,2,5,5,0
483000000,2,5,5,0
484000000,2,5,5,0
485000000,2,5,5,0
486000000,2,5,5,0
487000000,2,5,5,0
488000000,2,5,5,0
489000000,2,5,5,0
490000000,2,5,5,0
491000000,2,5,5,0
492000000,2,5,5,0
493000000,2,5,5,0
494000000,2,5,5,0
495000000,2,5,5,0
496000000,2,5,5,0
497000000,2,5,5,0
498000000,2,5,5,0
499000000,2,5,5,0
500000000,2,5,5,0
501000000,2,5,5,0
502000000,2,5,5,0
503000000,2,5,5,0
504000000,2,5,5,0
505000000,2,5,5,0
506000000,2,5,5,0
507000000,2,5,5,0
508000000,2,5,5,0
509000000,2,5,5,0
510000000,2,5,5,0
511000000,2,5,5,0
512000000,2,5,5,0
513000000,2,5,5,0
514000000,2,5,5,0
515000000,2,5,5,0
516000000,2,5,5,0
517000000,2,5,5,0
518000000,2,5,5,0
519000000,2,5,5,0
520000000,2,5,5,0
521000000,2,5,5,0
522000000,2,5,5,0
523000000,2,5,5,0
524000000,2,5,5,0
525000000,2,5,5,0
526000000,2,5,5,0
527000000,2,5,5,0
528000000,2,5,5,0
529000000,2,5,5,0
530000000,2,5,5,0
531000000,2,5,5,0
532000000,2,5,5,0
533000000,2,5,5,0
534000000,2,5,5,0
535000000,2,5,5,0
536000000,2,5,5,0
537000000,2,5,5,0
538000000,2,5,5,0
539000000,2,5,5,0
540000000,2,5,5,0
541000000,2,5,5,0
542000000,2,5,5,0
543000000,2,5,5,0
544000000,2,5,5,0
545000000,2,5,5,0
546000000,2,5,5,0
547000000,2,5,5,0
548000000,2,5,5,0
549000000,2,5,5,0
550000000,2,5,5,0
551000000,2,5,5,0
552000000,2,5,5,0
553000000,2,5,5,0
554000000,2,5,5,0
555000000,2,5,5,0
556000000,2,5,5,0
557000000,2,5,5,0
558000000,2,5,5,0
559000000,2,5,5,0
560000000,2,5,5,0
561000000,2,5,5,0
562000000,2,5,5,0
563000000,2,5,5,0
564000000,2,5,5,0
565000000,2,5,5,0
566000000,2,5,5,0
567000000,2,5,5,0
568000000,2,5,5,0
569000000,2,5,5,0
570000000,2,5,5,0
571000000,2,5,5,0
572000000,2,5,5,0
573000000,2,5,5,0
574000000,2,5,5,0
575000000,2,5,5,0
576000000,2,5,5,0
577000000,2,5,5,0
578000000,2,5,5,0
579000000,2,5,5,0
580000000,2,5,5,0
581000000,2,5,5,0
582000000,2,5,5,0
583000000,2,5,5,0
584000000,2,5,5,0
585000000,2,5,5,0
586000000,2,5,5,0
587000000,2,5,5,0
588000000,2,5,5,0
589000000,2,5,5,0
590000000,2,5,5,0
591000000,2,5,5,0
592000000,2,5,5,0
593000000,2,5,5,0
594000000,2,5,5,0
595000000,2,5,5,0
596000000,2,5,5,0
597000000,2,5,5,0
598000000,2,5,5,0
599000000,2,5,5,0
600000000,2,5,5,0
601000000,2,5,5,0
602000000,2,5,5,0
603000000,2,5,5,0
604000000,2,5,5,0
605000000,2,5,5,0
606000000,2,5,5,0
607000000,2,5,5,0
608000000,2,5,5,0
609000000,2,5,5,0
610000000,2,5,5,0
611000000,2,5,5,0
612000000,2,5,5,0
613000000,2,5,5,0
614000000,2,5,5,0
615000000,2,5,5,0
616000000,2,5,5,0
617000000,2,5,5,0
618000000,2,5,5,0
619000000,2,5,5,0
620000000,2,5,5,0
621000000,2,5,5,0
622000000,2,5,5,0
623000000,2,5,5,0
624000000,2,5,5,0
625000000,2,5,5,0
626000000,2,5,5,0
627000000,2,5,5,0
628000000,2,5,5,0
629000000,2,5,5,0
630000000,2,5,5,0
631000000,2,5,5,0
632000000,2,5,5,0
633000000,2,5,5,0
634000000,2,5,5,0
635000000,2,5,5,0
636000000,2,5,5,0
637000000,2,5,5,0
638000000,2,5,5,0
639000000,2,5,5,0
640000000,2,5,5,0
641000000,2,5,5,0
642000000,2,5,5,0
643000000,2,5,5,0
644000000,2,5,5,0
645000000,2,5,5,0
646000000,2,5,5,0
647000000,2,5,5,0
648000000,2,5,5,0
649000000,2,5,5,0
650000000,2,5,5,0
651000000,2,5,5,0
652000000,2,5,5,0
653000000,2,5,5,0
654000000,2,5,5,0
655000000,2,5,5,0
656000000,2,5,5,0
657000000,2,5,5,0
658000000,2,5,5,0
659000000,2,5,5,0
660000000,2,5,5,0
661000000,2,5,5,0
662000000,2,5,5,0
663000000,2,5,5,0
664000000,2,5,5,0
665000000,2,5,5,0
666000000,2,5,5,0
667000000,2,5,5,0
668000000,2,5,5,0
669000000,2,5,5,0
670000000,2,5,5,0
671000000,2,5,5,0
672000000,2,5,5,0
673000000,2,5,5,0
674000000,2,5,5,0
675000000,2,5,5,0
676000000,2,5,5,0
677000000,2,5,5,0
678000000,2,5,5,0
679000000,2,5,5,0
680000000,2,5,5,0
681000000,2,5,5,0
682000000,2,5,5,0
683000000,2,5,5,0
684000000,2,5,5,0
685000000,2,5,5,0
686000000,2,5,5,0
687000000,2,5,5,0
688000000,2,5,5,0
689000000,2,5,5,0
690000000,2,5,5,0
691000000,2,5,5,0
692000000,2,5,5,0
693000000,2,5,5,0
694000000,2,5,5,0
695000000,2,5,5,0
696000000,2,5,5,0
697000000,2,5,5,0
698000000,2,5,5,0
699000000,2,5,5,0
700000000,2,5,5,0
701000000,2,5,5,0
702000000,2,5,5,0
703000000,2,5,5,0
704000000,2,5,5,0
705000000,2,5,5,0
706000000,2,5,5,0
707000000,2,5,5,0
708000000,2,5,5,0
709000000,2,5,5,0
710000000,2,5,5,0
711000000,2,5,5,0
712000000,2,5,5,0
713000000,2,5,5,0
714000000,2,5,5,0
715000000,2,5,5,0
716000000,2,5,5,0
717000000,2,5,5,0
718000000,2,5,5,0
719000000,2,5,5,0
720000000,2,5,5,0
721000000,2,5,5,0
722000000,2,5,5,0
723000000,2,5,5,0
724000000,2,5,5,0
725000000,2,5,5,0
726000000,2,5,5,0
727000000,2,5,5,0
728000000,2,5,5,0
729000000,2,5,5,0
730000000,2,5,5,0
731000000,2,5,5,0
732000000,2,5,5,0
733000000,2,5,5,0
734000000,2,5,5,0
735000000,2,5,5,0
736000000,2,5,5,0
737000000,2,5,5,0
738000000,2,5,5,0
739000000,2,5,5,0
740000000,2,5,5,0
741000000,2,5,5,0
742000000,2,5,5,0
743000000,2,5,5,0
744000000,2,5,5,0
745000000,2,5,5,0
746000000,2,5,5,0
747000000,2,5,5,0
748000000,2,5,5,0
749000000,2,5,5,0
750000000,2,5,5,0
751000000,2,5,5,0
752000000,2,5,5,0
753000000,2,5,5,0
754000000,2,5,5,0
755000000,2,5,5,0
756000000,2,5,5,0
757000000,2,5,5,0
758000000,2,5,5,0
759000000,2,5,5,0
760000000,2,5,5,0
761000000,2,5,5,0
762000000,2,5,5,0
763000000,2,5,5,0
764000000,2,5,5,0
765000000,2,5,5,0
766000000,2,5,5,0
767000000,2,5,5,0
768000000,2,5,5,0
769000000,2,5,5,0
770000000,2,5,5,0
771000000,2,5,5,0
772000000,2,5,5,0
773000000,2,5,5,0
774000000,2,5,5,0
775000000,2,5,5,0
776000000,2,5,5,0
777000000,2,5,5,0
778000000,2,5,5,0
779000000,2,5,5,0
780000000,2,5,5,0
781000000,2,5,5,0
782000000,2,5,5,0
783000000,2,5,5,0
784000000,2,5,5,0
785000000,2,5,5,0
786000000,2,5,5,0
787000000,2,5,5,0
788000000,2,5,5,0
789000000,2,5,5,0
790000000,2,5,5,0
791000000,2,5,5,0
792000000,2,5,5,0
793000000,2,5,5,0
794000000,2,5,5,0
795000000,2,5,5,0
796000000,2,5,5,0
797000000,2,5,5,0
798000000,2,5,5,0
799000000,2,5,5,0
800000000,2,5,5,0
801000000,2,5,5,0
802000000,2,5,5,0
803000000,2,5,5,0
804000000,2,5,5,0
805000000,2,5,5,0
806000000,2,5,5,0
807000000,2,5,5,0
808000000,2,5,5,0
809000000,2,5,5,0
810000000,2,5,5,0
811000000,2,5,5,0
812000000,2,5,5,0
813000000,2,5,5,0
814000000,2,5,5,0
815000000,2,5,5,0
816000000,2,5,5,0
817000000,2,5,5,0
818000000,2,5,5,0
819000000,2,5,5,0
820000000,2,5,5,0
821000000,2,5,5,0
822000000,2,5,5,0
823000000,2,5,5,0
824000000,2,5,5,0
825000000,2,5,5,0
826000000,2,5,5,0
827000000,2,5,5,0
828000000,2,5,5,0
829000000,2,5,5,0
830000000,2,5,5,0
831000000,2,5,5,0
832000000,2,5,5,0
833000000,2,5,5,0
834000000,2,5,5,0
835000000,2,5,5,0
836000000,2,5,5,0
837000000,2,5,5,0
838000000,2,5,5,0
839000000,2,5,5,0
840000000,2,5,5,0
841000000,2,5,5,0
842000000,2,5,5,0
843000000,2,5,5,0
844000000,2,5,5,0
845000000,2,5,5,0
846000000,2,5,5,0
847000000,2,5,5,0
848000000,2,5,5,0
849000000,2,5,5,0
850000000,2,5,5,0
851000000,2,5,5,0
852000000,2,5,5,0
853000000,2,5,5,0
854000000,2,5,5,0
855000000,2,5,5,0
856000000,2,5,5,0
857000000,2,5,5,0
858000000,2,5,5,0
859000000,2,5,5,0
860000000,2,5,5,0
861000000,2,5,5,0
862000000,2,5,5,0
863000000,2,5,5,0
864000000,2,5,5,0
865000000,2,5,5,0
866000000,2,5,5,0
867000000,2,5,5,0
868000000,2,5,5,0
869000000,2,5,5,0
870000000,2,5,5,0
871000000,2,5,5,0
872000000,2,5,5,0
873000000,2,5,5,0
874000000,2,5,5,0
875000000,2,5,5,0
876000000,2,5,5,0
877000000,2,5,5,0
878000000,2,5,5,0
879000000,2,5,5,0
880000000,2,5,5,0
881000000,2,5,5,0
882000000,2,5,5,0
883000000,2,5,5,0
884000000,2,5,5,0
885000000,2,5,5,0
886000000,2,5,5,0
887000000,2,5,5,0
888000000,2,5,5,0
889000000,2,5,5,0
890000000,2,5,5,0
891000000,2,5,5,0
892000000,2,5,5,0
893000000,2,5,5,0
894000000,2,5,5,0
895000000,2,5,5,0
896000000,2,5,5,0
897000000,2,5,5,0
898000000,2,5,5,0
899000000,2,5,5,0
900000000,2,5,5,0
901000000,2,5,5,0
902000000,2,5,5,0
903000000,2,5,5,0
904000000,2,5,5,0
905000000,2,5,5,0
906000000,2,5,5,0
907000000,2,5,5,0
908000000,2,5,5,0
909000000,2,5,5,0
910000000,2,5,5,0
911000000,2,5,5,0
912000000,2,5,5,0
913000000,2,5,5,0
914000000,2,5,5,0
915000000,2,5,5,0
916000000,2,5,5,0
917000000,2,5,5,0
918000000,2,5,5,0
919000000,2,5,5,0
920000000,2,5,5,0
921000000,2,5,5,0
922000000,2,5,5,0
923000000,2,5,5,0
924000000,2,5,5,0
925000000,2,5,5,0
926000000,2,5,5,0
927000000,2,5,5,0
928000000,2,5,5,0
929000000,2,5,5,0
930000000,2,5,5,0
931000000,2,5,5,0
932000000,2,5,5,0
933000000,2,5,5,0
934000000,2,5,5,0
935000000,2,5,5,0
936000000,2,5,5,0
937000000,2,5,5,0
938000000,2,5,5,0
939000000,2,5,5,0
940000000,2,5,5,0
941000000,2,5,5,0
942000000,2,5,5,0
943000000,2,5,5,0
944000000,2,5,5,0
945000000,2,5,5,0
946000000,2,5,5,0
947000000,2,5,5,0
948000000,2,5,5,0
949000000,2,5,5,0
950000000,2,5,5,0
951000000,2,5,5,0
952000000,2,5,5,0
953000000,2,5,5,0
954000000,2,5,5,0
955000000,2,5,5,0
956000000,2,5,5,0
957000000,2,5,5,0
958000000,2,5,5,0
959000000,2,5,5,0
960000000,2,5,5,0
961000000,2,5,5,0
962000000,2,5,5,0
963000000,2,5,5,0
964000000,2,5,5,0
965000000,2,5,5,0
966000000,2,5,5,0
967000000,2,5,5,0
968000000,2,5,5,0
969000000,2,5,5,0
970000000,2,5,5,0
971000000,2,5,5,0
972000000,2,5,5,0
973000000,2,5,5,0
974000000,2,5,5,0
975000000,2,5,5,0
976000000,2,5,5,0
977000000,2,5,5,0
978000000,2,5,5,0
979000000,2,5,5,0
980000000,2,5,5,0
981000000,2,5,5,0
982000000,2,5,5,0
983000000,2,5,5,0
984000000,2,5,5,0
985000000,2,5,5,0
986000000,2,5,5,0
987000000,2,5,5,0
988000000,2,5,5,0
989000000,2,5,5,0
990000000,2,5,5,0
991000000,2,5,5,0
992000000,2,5,5,0
993000000,2,5,5,0
994000000,2,5,5,0
995000000,2,5,5,0
996000000,2,5,5,0
997000000,2,5,5,0
998000000,2,5,5,0
999000000,2,5,5,0
1000000,3,1,5,136
2000000,3,1,5,172
3000000,3,1,5,200
4000000,3,1,5,200
5000000,3,1,5,200
6000000,3,1,5,200
7000000,3,1,5,200
8000000,3,1,5,200
9000000,3,1,5,200
10000000,3,1,5,200
11000000,3,1,5,236
12000000,3,1,5,272
13000000,3,1,5,300
14000000,3,1,5,300
15000000,3,1,5,300
16000000,3,1,5,300
17000000,3,1,5,300
18000000,3,1,5,300
19000000,3,1,5,300
20000000,3,1,5,300
21000000,3,1,5,300
22000000,3,1,5,300
23000000,3,1,5,300
24000000,3,1,5,300
25000000,3,1,5,300
26000000,3,1,5,300
27000000,3,1,5,300
28000000,3,1,5,300
29000000,3,1,5,300
30000000,3,1,5,300
31000000,3,1,5,300
32000000,3,1,5,300
33000000,3,1,5,300
34000000,3,1,5,300
35000000,3,1,5,300
36000000,3,1,5,300
37000000,3,1,5,300
38000000,3,1,5,300
39000000,3,1,5,300
40000000,3,1,5,300
41000000,3,1,5,300
42000000,3,1,5,300
43000000,3,1,5,300
44000000,3,1,5,300
45000000,3,1,5,300
46000000,3,1,5,300
47000000,3,1,5,300
48000000,3,1,5,300
49000000,3,1,5,300
50000000,3,1,5,300
51000000,3,1,5,300
52000000,3,1,5,300
53000000,3,1,5,300
54000000,3,1,5,300
55000000,3,1,5,300
56000000,3,1,5,300
57000000,3,1,5,300
58000000,3,1,5,300
59000000,3,1,5,300
60000000,3,1,5,300
61000000,3,1,5,300
62000000,3,1,5,300
63000000,3,1,5,300
64000000,3,1,5,300
65000000,3,1,5,300
66000000,3,1,5,300
67000000,3,1,5,300
68000000,3,1,5,300
69000000,3,1,5,300
70000000,3,1,5,300
71000000,3,1,5,300
72000000,3,1,5,300
73000000,3,1,5,300
74000000,3,1,5,300
75000000,3,1,5,300
76000000,3,1,5,300
77000000,3,1,5,300
78000000,3,1,5,300
79000000,3,1,5,300
80000000,3,1,5,300
81000000,3,1,5,300
82000000,3,1,5,300
83000000,3,1,5,300
84000000,3,1,5,300
85000000,3,1,5,300
86000000,3,1,5,300
87000000,3,1,5,300
88000000,3,1,5,300
89000000,3,1,5,300
90000000,3,1,5,300
91000000,3,1,5,300
92000000,3,1,5,300
93000000,3,1,5,300
94000000,3,1,5,300
95000000,3,1,5,300
96000000,3,1,5,300
97000000,3,1,5,300
98000000,3,1,5,300
99000000,3,1,5,300
100000000,3,1,5,300
101000000,3,1,5,300
102000000,3,1,5,300
103000000,3,1,5,300
104000000,3,1,5,300
105000000,3,1,5,300
106000000,3,1,5,300
107000000,3,1,5,300
108000000,3,1,5,300
109000000,3,1,5,300
110000000,3,1,5,300
111000000,3,1,5,300
112000000,3,1,5,300
113000000,3,1,5,300
114000000,3,1,5,300
115000000,3,1,5,300
116000000,3,1,5,300
117000000,3,1,5,300
118000000,3,1,5,300
119000000,3,1,5,300
120000000,3,1,5,300
121000000,3,1,5,300
122000000,3,1,5,300
123000000,3,1,5,300
124000000,3,1,5,300
125000000,3,1,5,300
126000000,3,1,5,300
127000000,3,1,5,300
128000000,3,1,5,300
129000000,3,1,5,300
130000000,3,1,5,300
131000000,3,1,5,300
132000000,3,1,5,300
133000000,3,1,5,300
134000000,3,1,5,300
135000000,3,1,5,300
136000000,3,1,5,300
137000000,3,1,5,300
138000000,3,1,5,300
139000000,3,1,5,300
140000000,3,1,5,300
141000000,3,1,5,300
142000000,3,1,5,300
143000000,3,1,5,300
144000000,3,1,5,300
145000000,3,1,5,300
146000000,3,1,5,300
147000000,3,1,5,300
148000000,3,1,5,300
149000000,3,1,5,300
150000000,3,1,5,300
151000000,3,1,5,300
152000000,3,1,5,300
153000000,3,1,5,300
154000000,3,1,5,300
155000000,3,1,5,300
156000000,3,1,5,300
157000000,3,1,5,300
158000000,3,1,5,300
159000000,3,1,5,300
160000000,3,1,5,300
161000000,3,1,5,300
162000000,3,1,5,300
163000000,3,1,5,300
164000000,3,1,5,300
165000000,3,1,5,300
166000000,3,1,5,300
167000000,3,1,5,300
168000000,3,1,5,300
169000000,3,1,5,300
170000000,3,1,5,300
171000000,3,1,5,300
172000000,3,1,5,300
173000000,3,1,5,300
174000000,3,1,5,300
175000000,3,1,5,300
176000000,3,1,5,300
177000000,3,1,5,300
178000000,3,1,5,300
179000000,3,1,5,300
180000000,3,1,5,300
181000000,3,1,5,300
182000000,3,1,5,300
183000000,3,1,5,300
184000000,3,1,5,300
185000000,3,1,5,300
186000000,3,1,5,300
187000000,3,1,5,300
188000000,3,1,5,300
189000000,3,1,5,300
190000000,3,1,5,300
191000000,3,1,5,300
192000000,3,1,5,300
193000000,3,1,5,300
194000000,3,1,5,300
195000000,3,1,5,300
196000000,3,1,5,300
197000000,3,1,5,300
198000000,3,1,5,300
199000000,3,1,5,300
200000000,3,1,5,300
201000000,3,1,5,300
202000000,3,1,5,300
203000000,3,1,5,300
204000000,3,1,5,300
205000000,3,1,5,300
206000000,3,1,5,300
207000000,3,1,5,300
208000000,3,1,5,300
209000000,3,1,5,300
210000000,3,1,5,300
211000000,3,1,5,300
212000000,3,1,5,300
213000000,3,1,5,300
214000000,3,1,5,300
215000000,3,1,5,300
216000000,3,1,5,300
217000000,3,1,5,300
218000000,3,1,5,300
219000000,3,1,5,300
220000000,3,1,5,300
221000000,3,1,5,300
222000000,3,1,5,300
223000000,3,1,5,300
224000000,3,1,5,300
225000000,3,1,5,300
226000000,3,1,5,300
227000000,3,1,5,300
228000000,3,1,5,300
229000000,3,1,5,300
230000000,3,1,5,300
231000000,3,1,5,300
232000000,3,1,5,300
233000000,3,1,5,300
234000000,3,1,5,300
235000000,3,1,5,300
236000000,3,1,5,300
237000000,3,1,5,300
238000000,3,1,5,300
239000000,3,1,5,300
240000000,3,1,5,300
241000000,3,1,5,300
242000000,3,1,5,300
243000000,3,1,5,300
244000000,3,1,5,300
245000000,3,1,5,300
246000000,3,1,5,300
247000000,3,1,5,300
248000000,3,1,5,300
249000000,3,1,5,300
250000000,3,1,5,300
251000000,3,1,5,300
252000000,3,1,5,300
253000000,3,1,5,300
254000000,3,1,5,300
255000000,3,1,5,300
256000000,3,1,5,300
257000000,3,1,5,300
258000000,3,1,5,300
259000000,3,1,5,300
260000000,3,1,5,300
261000000,3,1,5,300
262000000,3,1,5,300
263000000,3,1,5,300
264000000,3,1,5,300
265000000,3,1,5,300
266000000,3,1,5,300
267000000,3,1,5,300
268000000,3,1,5,300
269000000,3,1,5,300
270000000,3,1,5,300
271000000,3,1,5,300
272000000,3,1,5,300
273000000,3,1,5,300
274000000,3,1,5,300
275000000,3,1,5,300
276000000,3,1,5,300
277000000,3,1,5,300
278000000,3,1,5,300
279000000,3,1,5,300
280000000,3,1,5,300
281000000,3,1,5,300
282000000,3,1,5,300
283000000,3,1,5,300
284000000,3,1,5,300
285000000,3,1,5,300
286000000,3,1,5,300
287000000,3,1,5,300
288000000,3,1,5,300
289000000,3,1,5,300
290000000,3,1,5,300
291000000,3,1,5,300
292000000,3,1,5,300
293000000,3,1,5,300
294000000,3,1,5,300
295000000,3,1,5,300
296000000,3,1,5,300
297000000,3,1,5,300
298000000,3,1,5,300
299000000,3,1,5,300
300000000,3,1,5,300
301000000,3,1,5,300
302000000,3,1,5,300
303000000,3,1,5,300
304000000,3,1,5,300
305000000,3,1,5,300
306000000,3,1,5,300
307000000,3,1,5,300
308000000,3,1,5,300
309000000,3,1,5,300
310000000,3,1,5,300
311000000,3,1,5,300
312000000,3,1,5,300
313000000,3,1,5,300
314000000,3,1,5,300
315000000,3,1,5,300
316000000,3,1,5,300
317000000,3,1,5,300
318000000,3,1,5,300
319000000,3,1,5,300
320000000,3,1,5,300
321000000,3,1,5,300
322000000,3,1,5,300
323000000,3,1,5,300
324000000,3,1,5,300
325000000,3,1,5,300
326000000,3,1,5,300
327000000,3,1,5,300
328000000,3,1,5,300
329000000,3,1,5,300
330000000,3,1,5,300
331000000,3,1,5,300
332000000,3,1,5,300
333000000,3,1,5,300
334000000,3,1,5,300
335000000,3,1,5,300
336000000,3,1,5,300
337000000,3,1,5,300
338000000,3,1,5,300
339000000,3,1,5,300
340000000,3,1,5,300
341000000,3,1,5,300
342000000,3,1,5,300
343000000,3,1,5,300
344000000,3,1,5,300
345000000,3,1,5,300
346000000,3,1,5,300
347000000,3,1,5,300
348000000,3,1,5,300
349000000,3,1,5,300
350000000,3,1,5,300
351000000,3,1,5,300
352000000,3,1,5,300
353000000,3,1,5,300
354000000,3,1,5,300
355000000,3,1,5,300
356000000,3,1,5,300
357000000,3,1,5,300
358000000,3,1,5,300
359000000,3,1,5,300
360000000,3,1,5,300
361000000,3,1,5,300
362000000,3,1,5,300
363000000,3,1,5,300
364000000,3,1,5,300
365000000,3,1,5,300
366000000,3,1,5,300
367000000,3,1,5,300
368000000,3,1,5,300
369000000,3,1,5,300
370000000,3,1,5,300
371000000,3,1,5,300
372000000,3,1,5,300
373000000,3,1,5,300
374000000,3,1,5,300
375000000,3,1,5,300
376000000,3,1,5,300
377000000,3,1,5,300
378000000,3,1,5,300
379000000,3,1,5,300
380000000,3,1,5,300
381000000,3,1,5,300
382000000,3,1,5,300
383000000,3,1,5,300
384000000,3,1,5,300
385000000,3,1,5,300
386000000,3,1,5,300
387000000,3,1,5,300
388000000,3,1,5,300
389000000,3,1,5,300
390000000,3,1,5,300
391000000,3,1,5,300
392000000,3,1,5,300
393000000,3,1,5,300
394000000,3,1,5,300
395000000,3,1,5,300
396000000,3,1,5,300
397000000,3,1,5,300
398000000,3,1,5,300
399000000,3,1,5,300
400000000,3,1,5,300
401000000,3,1,5,300
402000000,3,1,5,300
403000000,3,1,5,300
404000000,3,1,5,300
405000000,3,1,5,300
406000000,3,1,5,300
407000000,3,1,5,300
408000000,3,1,5,300
409000000,3,1,5,300
410000000,3,1,5,300
411000000,3,1,5,300
412000000,3,1,5,300
413000000,3,1,5,300
414000000,3,1,5,300
415000000,3,1,5,300
416000000,3,1,5,300
417000000,3,1,5,300
418000000,3,1,5,300
419000000,3,1,5,300
420000000,3,1,5,300
421000000,3,1,5,300
422000000,3,1,5,300
423000000,3,1,5,300
424000000,3,1,5,300
425000000,3,1,5,300
426000000,3,1,5,300
427000000,3,1,5,300
428000000,3,1,5,300
429000000,3,1,5,300
430000000,3,1,5,300
431000000,3,1,5,300
432000000,3,1,5,300
433000000,3,1,5,300
434000000,3,1,5,300
435000000,3,1,5,300
436000000,3,1,5,300
437000000,3,1,5,300
438000000,3,1,5,300
439000000,3,1,5,300
440000000,3,1,5,300
441000000,3,1,5,300
442000000,3,1,5,300
443000000,3,1,5,300
444000000,3,1,5,300
445000000,3,1,5,300
446000000,3,1,5,300
447000000,3,1,5,300
448000000,3,1,5,300
449000000,3,1,5,300
450000000,3,1,5,300
451000000,3,1,5,300
452000000,3,1,5,300
453000000,3,1,5,300
454000000,3,1,5,300
455000000,3,1,5,300
456000000,3,1,5,300
457000000,3,1,5,300
458000000,3,1,5,300
459000000,3,1,5,300
460000000,3,1,5,300
461000000,3,1,5,300
462000000,3,1,5,300
463000000,3,1,5,300
464000000,3,1,5,300
465000000,3,1,5,300
466000000,3,1,5,300
467000000,3,1,5,300
468000000,3,1,5,300
469000000,3,1,5,300
470000000,3,1,5,300
471000000,3,1,5,300
472000000,3,1,5,300
473000000,3,1,5,300
474000000,3,1,5,300
475000000,3,1,5,300
476000000,3,1,5,300
477000000,3,1,5,300
478000000,3,1,5,300
479000000,3,1,5,300
480000000,3,1,5,300
481000000,3,1,5,300
482000000,3,1,5,300
483000000,3,1,5,300
484000000,3,1,5,300
485000000,3,1,5,300
486000000,3,1,5,300
487000000,3,1,5,300
488000000,3,1,5,300
489000000,3,1,5,300
490000000,3,1,5,300
491000000,3,1,5,300
492000000,3,1,5,300
493000000,3,1,5,300
494000000,3,1,5,300
495000000,3,1,5,300
496000000,3,1,5,300
497000000,3,1,5,300
498000000,3,1,5,300
499000000,3,1,5,300
500000000,3,1,5,300
501000000,3,1,5,300
502000000,3,1,5,300
503000000,3,1,5,300
504000000,3,1,5,300
505000000,3,1,5,300
506000000,3,1,5,300
507000000,3,1,5,300
508000000,3,1,5,300
509000000,3,1,5,300
510000000,3,1,5,300
511000000,3,1,5,300
512000000,3,1,5,300
513000000,3,1,5,300
514000000,3,1,5,300
515000000,3,1,5,300
516000000,3,1,5,300
517000000,3,1,5,300
518000000,3,1,5,300
519000000,3,1,5,300
520000000,3,1,5,300
521000000,3,1,5,300
522000000,3,1,5,300
523000000,3,1,5,300
524000000,3,1,5,300
525000000,3,1,5,300
526000000,3,1,5,300
527000000,3,1,5,300
528000000,3,1,5,300
529000000,3,1,5,300
530000000,3,1,5,300
531000000,3,1,5,300
532000000,3,1,5,300
533000000,3,1,5,300
534000000,3,1,5,300
535000000,3,1,5,300
536000000,3,1,5,300
537000000,3,1,5,300
538000000,3,1,5,300
539000000,3,1,5,300
540000000,3,1,5,300
541000000,3,1,5,300
542000000,3,1,5,300
543000000,3,1,5,300
544000000,3,1,5,300
545000000,3,1,5,300
546000000,3,1,5,300
547000000,3,1,5,300
548000000,3,1,5,300
549000000,3,1,5,300
550000000,3,1,5,300
551000000,3,1,5,300
552000000,3,1,5,300
553000000,3,1,5,300
554000000,3,1,5,300
555000000,3,1,5,300
556000000,3,1,5,300
557000000,3,1,5,300
558000000,3,1,5,300
559000000,3,1,5,300
560000000,3,1,5,300
561000000,3,1,5,300
562000000,3,1,5,300
563000000,3,1,5,300
564000000,3,1,5,300
565000000,3,1,5,300
566000000,3,1,5,300
567000000,3,1,5,300
568000000,3,1,5,300
569000000,3,1,5,300
570000000,3,1,5,300
571000000,3,1,5,300
572000000,3,1,5,300
573000000,3,1,5,300
574000000,3,1,5,300
575000000,3,1,5,300
576000000,3,1,5,300
577000000,3,1,5,300
578000000,3,1,5,300
579000000,3,1,5,300
580000000,3,1,5,300
581000000,3,1,5,300
582000000,3,1,5,300
583000000,3,1,5,300
584000000,3,1,5,300
585000000,3,1,5,300
586000000,3,1,5,300
587000000,3,1,5,300
588000000,3,1,5,300
589000000,3,1,5,300
590000000,3,1,5,300
591000000,3,1,5,300
592000000,3,1,5,300
593000000,3,1,5,300
594000000,3,1,5,300
595000000,3,1,5,300
596000000,3,1,5,300
597000000,3,1,5,300
598000000,3,1,5,300
599000000,3,1,5,300
600000000,3,1,5,300
601000000,3,1,5,300
602000000,3,1,5,300
603000000,3,1,5,300
604000000,3,1,5,300
605000000,3,1,5,300
606000000,3,1,5,300
607000000,3,1,5,300
608000000,3,1,5,300
609000000,3,1,5,300
610000000,3,1,5,300
611000000,3,1,5,300
612000000,3,1,5,300
613000000,3,1,5,300
614000000,3,1,5,300
615000000,3,1,5,300
616000000,3,1,5,300
617000000,3,1,5,300
618000000,3,1,5,300
619000000,3,1,5,300
620000000,3,1,5,300
621000000,3,1,5,300
622000000,3,1,5,300
623000000,3,1,5,300
624000000,3,1,5,300
625000000,3,1,5,300
626000000,3,1,5,300
627000000,3,1,5,300
628000000,3,1,5,300
629000000,3,1,5,300
630000000,3,1,5,300
631000000,3,1,5,300
632000000,3,1,5,300
633000000,3,1,5,300
634000000,3,1,5,300
635000000,3,1,5,300
636000000,3,1,5,300
637000000,3,1,5,300
638000000,3,1,5,300
639000000,3,1,5,300
640000000,3,1,5,300
641000000,3,1,5,300
642000000,3,1,5,300
643000000,3,1,5,300
644000000,3,1,5,300
645000000,3,1,5,300
646000000,3,1,5,300
647000000,3,1,5,300
648000000,3,1,5,300
649000000,3,1,5,300
650000000,3,1,5,300
651000000,3,1,5,300
652000000,3,1,5,300
653000000,3,1,5,300
654000000,3,1,5,300
655000000,3,1,5,300
656000000,3,1,5,300
657000000,3,1,5,300
658000000,3,1,5,300
659000000,3,1,5,300
660000000,3,1,5,300
661000000,3,1,5,300
662000000,3,1,5,300
663000000,3,1,5,300
664000000,3,1,5,300
665000000,3,1,5,300
666000000,3,1,5,300
667000000,3,1,5,300
668000000,3,1,5,300
669000000,3,1,5,300
670000000,3,1,5,300
671000000,3,1,5,300
672000000,3,1,5,300
673000000,3,1,5,300
674000000,3,1,5,300
675000000,3,1,5,300
676000000,3,1,5,300
677000000,3,1,5,300
678000000,3,1,5,300
679000000,3,1,5,300
680000000,3,1,5,300
681000000,3,1,5,300
682000000,3,1,5,300
683000000,3,1,5,300
684000000,3,1,5,300
685000000,3,1,5,300
686000000,3,1,5,300
687000000,3,1,5,300
688000000,3,1,5,300
689000000,3,1,5,300
690000000,3,1,5,300
691000000,3,1,5,300
692000000,3,1,5,300
693000000,3,1,5,300
694000000,3,1,5,300
695000000,3,1,5,300
696000000,3,1,5,300
697000000,3,1,5,300
698000000,3,1,5,300
699000000,3,1,5,300
700000000,3,1,5,300
701000000,3,1,5,300
702000000,3,1,5,300
703000000,3,1,5,300
704000000,3,1,5,300
705000000,3,1,5,300
706000000,3,1,5,300
707000000,3,1,5,300
708000000,3,1,5,300
709000000,3,1,5,300
710000000,3,1,5,300
711000000,3,1,5,300
712000000,3,1,5,300
713000000,3,1,5,300
714000000,3,1,5,300
715000000,3,1,5,300
716000000,3,1,5,300
717000000,3,1,5,300
718000000,3,1,5,300
719000000,3,1,5,300
720000000,3,1,5,300
721000000,3,1,5,300
722000000,3,1,5,300
723000000,3,1,5,300
724000000,3,1,5,300
725000000,3,1,5,300
726000000,3,1,5,300
727000000,3,1,5,300
728000000,3,1,5,300
729000000,3,1,5,300
730000000,3,1,5,300
731000000,3,1,5,300
732000000,3,1,5,300
733000000,3,1,5,300
734000000,3,1,5,300
735000000,3,1,5,300
736000000,3,1,5,300
737000000,3,1,5,300
738000000,3,1,5,300
739000000,3,1,5,300
740000000,3,1,5,300
741000000,3,1,5,300
742000000,3,1,5,300
743000000,3,1,5,300
744000000,3,1,5,300
745000000,3,1,5,300
746000000,3,1,5,300
747000000,3,1,5,300
748000000,3,1,5,300
749000000,3,1,5,300
750000000,3,1,5,300
751000000,3,1,5,300
752000000,3,1,5,300
753000000,3,1,5,300
754000000,3,1,5,300
755000000,3,1,5,300
756000000,3,1,5,300
757000000,3,1,5,300
758000000,3,1,5,300
759000000,3,1,5,300
760000000,3,1,5,300
761000000,3,1,5,300
762000000,3,1,5,300
763000000,3,1,5,300
764000000,3,1,5,300
765000000,3,1,5,300
766000000,3,1,5,300
767000000,3,1,5,300
768000000,3,1,5,300
769000000,3,1,5,300
770000000,3,1,5,300
771000000,3,1,5,300
772000000,3,1,5,300
773000000,3,1,5,300
774000000,3,1,5,300
775000000,3,1,5,300
776000000,3,1,5,300
777000000,3,1,5,300
778000000,3,1,5,300
779000000,3,1,5,300
780000000,3,1,5,300
781000000,3,1,5,300
782000000,3,1,5,300
783000000,3,1,5,300
784000000,3,1,5,300
785000000,3,1,5,300
786000000,3,1,5,300
787000000,3,1,5,300
788000000,3,1,5,300
789000000,3,1,5,300
790000000,3,1,5,300
791000000,3,1,5,300
792000000,3,1,5,300
793000000,3,1,5,300
794000000,3,1,5,300
795000000,3,1,5,300
796000000,3,1,5,300
797000000,3,1,5,300
798000000,3,1,5,300
799000000,3,1,5,300
800000000,3,1,5,300
801000000,3,1,5,300
802000000,3,1,5,300
803000000,3,1,5,300
804000000,3,1,5,300
805000000,3,1,5,300
806000000,3,1,5,300
807000000,3,1,5,300
808000000,3,1,5,300
809000000,3,1,5,200
810000000,3,1,5,200
811000000,3,1,5,200
812000000,3,1,5,200
813000000,3,1,5,200
814000000,3,1,5,200
815000000,3,1,5,200
816000000,3,1,5,200
817000000,3,1,5,200
818000000,3,1,5,200
819000000,3,1,5,100
820000000,3,1,5,100
821000000,3,1,5,0
822000000,3,1,5,0
823000000,3,1,5,0
824000000,3,1,5,0
825000000,3,1,5,0
826000000,3,1,5,0
827000000,3,1,5,0
828000000,3,1,5,0
829000000,3,1,5,0
830000000,3,1,5,0
831000000,3,1,5,0
832000000,3,1,5,0
833000000,3,1,5,0
834000000,3,1,5,0
835000000,3,1,5,0
836000000,3,1,5,0
837000000,3,1,5,0
838000000,3,1,5,0
839000000,3,1,5,0
840000000,3,1,5,0
841000000,3,1,5,0
842000000,3,1,5,0
843000000,3,1,5,0
844000000,3,1,5,0
845000000,3,1,5,0
846000000,3,1,5,0
847000000,3,1,5,0
848000000,3,1,5,0
849000000,3,1,5,0
850000000,3,1,5,0
851000000,3,1,5,0
852000000,3,1,5,0
853000000,3,1,5,0
854000000,3,1,5,0
855000000,3,1,5,0
856000000,3,1,5,0
857000000,3,1,5,0
858000000,3,1,5,0
859000000,3,1,5,0
860000000,3,1,5,0
861000000,3,1,5,0
862000000,3,1,5,0
863000000,3,1,5,0
864000000,3,1,5,0
865000000,3,1,5,0
866000000,3,1,5,0
867000000,3,1,5,0
868000000,3,1,5,0
869000000,3,1,5,0
870000000,3,1,5,0
871000000,3,1,5,0
872000000,3,1,5,0
873000000,3,1,5,0
874000000,3,1,5,0
875000000,3,1,5,0
876000000,3,1,5,0
877000000,3,1,5,0
878000000,3,1,5,0
879000000,3,1,5,0
880000000,3,1,5,0
881000000,3,1,5,0
882000000,3,1,5,0
883000000,3,1,5,0
884000000,3,1,5,0
885000000,3,1,5,0
886000000,3,1,5,0
887000000,3,1,5,0
888000000,3,1,5,0
889000000,3,1,5,0
890000000,3,1,5,0
891000000,3,1,5,0
892000000,3,1,5,0
893000000,3,1,5,0
894000000,3,1,5,0
895000000,3,1,5,0
896000000,3,1,5,0
897000000,3,1,5,0
898000000,3,1,5,0
899000000,3,1,5,0
900000000,3,1,5,0
901000000,3,1,5,0
902000000,3,1,5,0
903000000,3,1,5,0
904000000,3,1,5,0
905000000,3,1,5,0
906000000,3,1,5,0
907000000,3,1,5,0
908000000,3,1,5,0
909000000,3,1,5,0
910000000,3,1,5,0
911000000,3,1,5,0
912000000,3,1,5,0
913000000,3,1,5,0
914000000,3,1,5,0
915000000,3,1,5,0
916000000,3,1,5,0
917000000,3,1,5,0
918000000,3,1,5,0
919000000,3,1,5,0
920000000,3,1,5,0
921000000,3,1,5,0
922000000,3,1,5,0
923000000,3,1,5,0
924000000,3,1,5,0
925000000,3,1,5,0
926000000,3,1,5,0
927000000,3,1,5,0
928000000,3,1,5,0
929000000,3,1,5,0
930000000,3,1,5,0
931000000,3,1,5,0
932000000,3,1,5,0
933000000,3,1,5,0
934000000,3,1,5,0
935000000,3,1,5,0
936000000,3,1,5,0
937000000,3,1,5,0
938000000,3,1,5,0
939000000,3,1,5,0
940000000,3,1,5,0
941000000,3,1,5,0
942000000,3,1,5,0
943000000,3,1,5,0
944000000,3,1,5,0
945000000,3,1,5,0
946000000,3,1,5,0
947000000,3,1,5,0
948000000,3,1,5,0
949000000,3,1,5,0
950000000,3,1,5,0
951000000,3,1,5,0
952000000,3,1,5,0
953000000,3,1,5,0
954000000,3,1,5,0
955000000,3,1,5,0
956000000,3,1,5,0
957000000,3,1,5,0
958000000,3,1,5,0
959000000,3,1,5,0
960000000,3,1,5,0
961000000,3,1,5,0
962000000,3,1,5,0
963000000,3,1,5,0
964000000,3,1,5,0
965000000,3,1,5,0
966000000,3,1,5,0
967000000,3,1,5,0
968000000,3,1,5,0
969000000,3,1,5,0
970000000,3,1,5,0
971000000,3,1,5,0
972000000,3,1,5,0
973000000,3,1,5,0
974000000,3,1,5,0
975000000,3,1,5,0
976000000,3,1,5,0
977000000,3,1,5,0
978000000,3,1,5,0
979000000,3,1,5,0
980000000,3,1,5,0
981000000,3,1,5,0
982000000,3,1,5,0
983000000,3,1,5,0
984000000,3,1,5,0
985000000,3,1,5,0
986000000,3,1,5,0
987000000,3,1,5,0
988000000,3,1,5,0
989000000,3,1,5,0
990000000,3,1,5,0
991000000,3,1,5,0
992000000,3,1,5,0
993000000,3,1,5,0
994000000,3,1,5,0
995000000,3,1,5,0
996000000,3,1,5,0
997000000,3,1,5,0
998000000,3,1,5,0
999000000,3,1,5,0
1000000,3,2,5,136
2000000,3,2,5,172
3000000,3,2,5,200
4000000,3,2,5,200
5000000,3,2,5,200
6000000,3,2,5,200
7000000,3,2,5,200
8000000,3,2,5,200
9000000,3,2,5,200
10000000,3,2,5,200
11000000,3,2,5,236
12000000,3,2,5,272
13000000,3,2,5,300
14000000,3,2,5,300
15000000,3,2,5,300
16000000,3,2,5,300
17000000,3,2,5,300
18000000,3,2,5,300
19000000,3,2,5,300
20000000,3,2,5,300
21000000,3,2,5,336
22000000,3,2,5,372
23000000,3,2,5,400
24000000,3,2,5,400
25000000,3,2,5,400
26000000,3,2,5,400
27000000,3,2,5,400
28000000,3,2,5,400
29000000,3,2,5,400
30000000,3,2,5,400
31000000,3,2,5,400
32000000,3,2,5,400
33000000,3,2,5,400
34000000,3,2,5,400
35000000,3,2,5,400
36000000,3,2,5,400
37000000,3,2,5,400
38000000,3,2,5,400
39000000,3,2,5,400
40000000,3,2,5,400
41000000,3,2,5,400
42000000,3,2,5,400
43000000,3,2,5,400
44000000,3,2,5,400
45000000,3,2,5,400
46000000,3,2,5,400
47000000,3,2,5,400
48000000,3,2,5,400
49000000,3,2,5,400
50000000,3,2,5,400
51000000,3,2,5,400
52000000,3,2,5,400
53000000,3,2,5,400
54000000,3,2,5,400
55000000,3,2,5,400
56000000,3,2,5,400
57000000,3,2,5,400
58000000,3,2,5,400
59000000,3,2,5,400
60000000,3,2,5,400
61000000,3,2,5,400
62000000,3,2,5,400
63000000,3,2,5,400
64000000,3,2,5,400
65000000,3,2,5,400
66000000,3,2,5,400
67000000,3,2,5,400
68000000,3,2,5,400
69000000,3,2,5,400
70000000,3,2,5,400
71000000,3,2,5,400
72000000,3,2,5,400
73000000,3,2,5,400
74000000,3,2,5,400
75000000,3,2,5,400
76000000,3,2,5,400
77000000,3,2,5,400
78000000,3,2,5,400
79000000,3,2,5,400
80000000,3,2,5,400
81000000,3,2,5,400
82000000,3,2,5,400
83000000,3,2,5,400
84000000,3,2,5,400
85000000,3,2,5,400
86000000,3,2,5,400
87000000,3,2,5,400
88000000,3,2,5,400
89000000,3,2,5,400
90000000,3,2,5,400
91000000,3,2,5,400
92000000,3,2,5,400
93000000,3,2,5,400
94000000,3,2,5,400
95000000,3,2,5,400
96000000,3,2,5,400
97000000,3,2,5,400
98000000,3,2,5,400
99000000,3,2,5,400
100000000,3,2,5,400
101000000,3,2,5,400
102000000,3,2,5,400
103000000,3,2,5,400
104000000,3,2,5,400
105000000,3,2,5,400
106000000,3,2,5,400
107000000,3,2,5,400
108000000,3,2,5,400
109000000,3,2,5,400
110000000,3,2,5,400
111000000,3,2,5,400
112000000,3,2,5,400
113000000,3,2,5,400
114000000,3,2,5,400
115000000,3,2,5,400
116000000,3,2,5,400
117000000,3,2,5,400
118000000,3,2,5,400
119000000,3,2,5,400
120000000,3,2,5,400
121000000,3,2,5,400
122000000,3,2,5,400
123000000,3,2,5,400
124000000,3,2,5,400
125000000,3,2,5,400
126000000,3,2,5,400
127000000,3,2,5,400
128000000,3,2,5,400
129000000,3,2,5,400
130000000,3,2,5,400
131000000,3,2,5,400
132000000,3,2,5,400
133000000,3,2,5,400
134000000,3,2,5,400
135000000,3,2,5,400
136000000,3,2,5,400
137000000,3,2,5,400
138000000,3,2,5,400
139000000,3,2,5,400
140000000,3,2,5,400
141000000,3,2,5,400
142000000,3,2,5,400
143000000,3,2,5,400
144000000,3,2,5,400
145000000,3,2,5,400
146000000,3,2,5,400
147000000,3,2,5,400
148000000,3,2,5,400
149000000,3,2,5,400
150000000,3,2,5,400
151000000,3,2,5,400
152000000,3,2,5,400
153000000,3,2,5,400
154000000,3,2,5,400
155000000,3,2,5,400
156000000,3,2,5,400
157000000,3,2,5,400
158000000,3,2,5,400
159000000,3,2,5,400
160000000,3,2,5,400
161000000,3,2,5,400
162000000,3,2,5,400
163000000,3,2,5,400
164000000,3,2,5,400
165000000,3,2,5,400
166000000,3,2,5,400
167000000,3,2,5,400
168000000,3,2,5,400
169000000,3,2,5,400
170000000,3,2,5,400
171000000,3,2,5,400
172000000,3,2,5,400
173000000,3,2,5,400
174000000,3,2,5,400
175000000,3,2,5,400
176000000,3,2,5,400
177000000,3,2,5,400
178000000,3,2,5,400
179000000,3,2,5,400
180000000,3,2,5,400
181000000,3,2,5,400
182000000,3,2,5,400
183000000,3,2,5,400
184000000,3,2,5,400
185000000,3,2,5,400
186000000,3,2,5,400
187000000,3,2,5,400
188000000,3,2,5,400
189000000,3,2,5,400
190000000,3,2,5,400
191000000,3,2,5,400
192000000,3,2,5,400
193000000,3,2,5,400
194000000,3,2,5,400
195000000,3,2,5,400
196000000,3,2,5,400
197000000,3,2,5,400
198000000,3,2,5,400
199000000,3,2,5,400
200000000,3,2,5,400
201000000,3,2,5,400
202000000,3,2,5,400
203000000,3,2,5,400
204000000,3,2,5,400
205000000,3,2,5,400
206000000,3,2,5,400
207000000,3,2,5,400
208000000,3,2,5,400
209000000,3,2,5,400
210000000,3,2,5,400
211000000,3,2,5,400
212000000,3,2,5,400
213000000,3,2,5,400
214000000,3,2,5,400
215000000,3,2,5,400
216000000,3,2,5,400
217000000,3,2,5,400
218000000,3,2,5,400
219000000,3,2,5,400
220000000,3,2,5,400
221000000,3,2,5,400
222000000,3,2,5,400
223000000,3,2,5,400
224000000,3,2,5,400
225000000,3,2,5,400
226000000,3,2,5,400
227000000,3,2,5,400
228000000,3,2,5,400
229000000,3,2,5,400
230000000,3,2,5,400
231000000,3,2,5,400
232000000,3,2,5,400
233000000,3,2,5,400
234000000,3,2,5,400
235000000,3,2,5,400
236000000,3,2,5,400
237000000,3,2,5,400
238000000,3,2,5,400
239000000,3,2,5,400
240000000,3,2,5,400
241000000,3,2,5,400
242000000,3,2,5,400
243000000,3,2,5,400
244000000,3,2,5,400
245000000,3,2,5,400
246000000,3,2,5,400
247000000,3,2,5,400
248000000,3,2,5,400
249000000,3,2,5,400
250000000,3,2,5,400
251000000,3,2,5,400
252000000,3,2,5,400
253000000,3,2,5,400
254000000,3,2,5,400
255000000,3,2,5,400
256000000,3,2,5,400
257000000,3,2,5,400
258000000,3,2,5,400
259000000,3,2,5,400
260000000,3,2,5,400
261000000,3,2,5,400
262000000,3,2,5,400
263000000,3,2,5,400
264000000,3,2,5,400
265000000,3,2,5,400
266000000,3,2,5,400
267000000,3,2,5,400
268000000,3,2,5,400
269000000,3,2,5,400
270000000,3,2,5,400
271000000,3,2,5,400
272000000,3,2,5,400
273000000,3,2,5,400
274000000,3,2,5,400
275000000,3,2,5,400
276000000,3,2,5,400
277000000,3,2,5,400
278000000,3,2,5,400
279000000,3,2,5,400
280000000,3,2,5,400
281000000,3,2,5,400
282000000,3,2,5,400
283000000,3,2,5,400
284000000,3,2,5,400
285000000,3,2,5,400
286000000,3,2,5,400
287000000,3,2,5,400
288000000,3,2,5,400
289000000,3,2,5,400
290000000,3,2,5,400
291000000,3,2,5,400
292000000,3,2,5,400
293000000,3,2,5,400
294000000,3,2,5,400
295000000,3,2,5,400
296000000,3,2,5,400
297000000,3,2,5,400
298000000,3,2,5,400
299000000,3,2,5,400
300000000,3,2,5,400
301000000,3,2,5,400
302000000,3,2,5,400
303000000,3,2,5,400
304000000,3,2,5,400
305000000,3,2,5,400
306000000,3,2,5,400
307000000,3,2,5,400
308000000,3,2,5,400
309000000,3,2,5,400
310000000,3,2,5,400
311000000,3,2,5,400
312000000,3,2,5,400
313000000,3,2,5,400
314000000,3,2,5,400
315000000,3,2,5,400
316000000,3,2,5,400
317000000,3,2,5,400
318000000,3,2,5,400
319000000,3,2,5,400
320000000,3,2,5,400
321000000,3,2,5,400
322000000,3,2,5,400
323000000,3,2,5,400
324000000,3,2,5,400
325000000,3,2,5,400
326000000,3,2,5,400
327000000,3,2,5,400
328000000,3,2,5,400
329000000,3,2,5,400
330000000,3,2,5,400
331000000,3,2,5,400
332000000,3,2,5,400
333000000,3,2,5,400
334000000,3,2,5,400
335000000,3,2,5,400
336000000,3,2,5,400
337000000,3,2,5,400
338000000,3,2,5,400
339000000,3,2,5,400
340000000,3,2,5,400
341000000,3,2,5,400
342000000,3,2,5,400
343000000,3,2,5,400
344000000,3,2,5,400
345000000,3,2,5,400
346000000,3,2,5,400
347000000,3,2,5,400
348000000,3,2,5,400
349000000,3,2,5,400
350000000,3,2,5,400
351000000,3,2,5,400
352000000,3,2,5,400
353000000,3,2,5,400
354000000,3,2,5,400
355000000,3,2,5,400
356000000,3,2,5,400
357000000,3,2,5,400
358000000,3,2,5,400
359000000,3,2,5,400
360000000,3,2,5,400
361000000,3,2,5,400
362000000,3,2,5,400
363000000,3,2,5,400
364000000,3,2,5,400
365000000,3,2,5,400
366000000,3,2,5,400
367000000,3,2,5,400
368000000,3,2,5,400
369000000,3,2,5,400
370000000,3,2,5,400
371000000,3,2,5,400
372000000,3,2,5,400
373000000,3,2,5,400
374000000,3,2,5,400
375000000,3,2,5,400
376000000,3,2,5,400
377000000,3,2,5,400
378000000,3,2,5,400
379000000,3,2,5,400
380000000,3,2,5,400
381000000,3,2,5,400
382000000,3,2,5,400
383000000,3,2,5,400
384000000,3,2,5,400
385000000,3,2,5,400
386000000,3,2,5,400
387000000,3,2,5,400
388000000,3,2,5,400
389000000,3,2,5,400
390000000,3,2,5,400
391000000,3,2,5,400
392000000,3,2,5,400
393000000,3,2,5,400
394000000,3,2,5,400
395000000,3,2,5,400
396000000,3,2,5,400
397000000,3,2,5,400
398000000,3,2,5,400
399000000,3,2,5,400
400000000,3,2,5,400
401000000,3,2,5,400
402000000,3,2,5,400
403000000,3,2,5,400
404000000,3,2,5,400
405000000,3,2,5,400
406000000,3,2,5,400
407000000,3,2,5,400
408000000,3,2,5,400
409000000,3,2,5,400
410000000,3,2,5,400
411000000,3,2,5,400
412000000,3,2,5,400
413000000,3,2,5,400
414000000,3,2,5,400
415000000,3,2,5,400
416000000,3,2,5,400
417000000,3,2,5,400
418000000,3,2,5,400
419000000,3,2,5,400
420000000,3,2,5,400
421000000,3,2,5,400
422000000,3,2,5,400
423000000,3,2,5,400
424000000,3,2,5,400
425000000,3,2,5,400
426000000,3,2,5,400
427000000,3,2,5,400
428000000,3,2,5,400
429000000,3,2,5,400
430000000,3,2,5,400
431000000,3,2,5,400
432000000,3,2,5,400
433000000,3,2,5,400
434000000,3,2,5,400
435000000,3,2,5,400
436000000,3,2,5,400
437000000,3,2,5,400
438000000,3,2,5,400
439000000,3,2,5,400
440000000,3,2,5,400
441000000,3,2,5,400
442000000,3,2,5,400
443000000,3,2,5,400
444000000,3,2,5,400
445000000,3,2,5,400
446000000,3,2,5,400
447000000,3,2,5,400
448000000,3,2,5,400
449000000,3,2,5,400
450000000,3,2,5,400
451000000,3,2,5,400
452000000,3,2,5,400
453000000,3,2,5,400
454000000,3,2,5,400
455000000,3,2,5,400
456000000,3,2,5,400
457000000,3,2,5,400
458000000,3,2,5,400
459000000,3,2,5,400
460000000,3,2,5,400
461000000,3,2,5,400
462000000,3,2,5,400
463000000,3,2,5,400
464000000,3,2,5,400
465000000,3,2,5,400
466000000,3,2,5,400
467000000,3,2,5,400
468000000,3,2,5,400
469000000,3,2,5,400
470000000,3,2,5,400
471000000,3,2,5,400
472000000,3,2,5,400
473000000,3,2,5,400
474000000,3,2,5,400
475000000,3,2,5,400
476000000,3,2,5,400
477000000,3,2,5,400
478000000,3,2,5,400
479000000,3,2,5,400
480000000,3,2,5,400
481000000,3,2,5,400
482000000,3,2,5,400
483000000,3,2,5,400
484000000,3,2,5,400
485000000,3,2,5,400
486000000,3,2,5,400
487000000,3,2,5,400
488000000,3,2,5,400
489000000,3,2,5,400
490000000,3,2,5,400
491000000,3,2,5,400
492000000,3,2,5,400
493000000,3,2,5,400
494000000,3,2,5,400
495000000,3,2,5,400
496000000,3,2,5,400
497000000,3,2,5,400
498000000,3,2,5,400
499000000,3,2,5,400
500000000,3,2,5,400
501000000,3,2,5,400
502000000,3,2,5,400
503000000,3,2,5,400
504000000,3,2,5,400
505000000,3,2,5,400
506000000,3,2,5,400
507000000,3,2,5,400
508000000,3,2,5,400
509000000,3,2,5,400
510000000,3,2,5,400
511000000,3,2,5,400
512000000,3,2,5,400
513000000,3,2,5,400
514000000,3,2,5,400
515000000,3,2,5,400
516000000,3,2,5,400
517000000,3,2,5,400
518000000,3,2,5,400
519000000,3,2,5,400
520000000,3,2,5,400
521000000,3,2,5,400
522000000,3,2,5,400
523000000,3,2,5,400
524000000,3,2,5,400
525000000,3,2,5,400
526000000,3,2,5,400
527000000,3,2,5,400
528000000,3,2,5,400
529000000,3,2,5,400
530000000,3,2,5,400
531000000,3,2,5,400
532000000,3,2,5,400
533000000,3,2,5,400
534000000,3,2,5,400
535000000,3,2,5,400
536000000,3,2,5,400
537000000,3,2,5,400
538000000,3,2,5,400
539000000,3,2,5,400
540000000,3,2,5,400
541000000,3,2,5,400
542000000,3,2,5,400
543000000,3,2,5,400
544000000,3,2,5,400
545000000,3,2,5,400
546000000,3,2,5,400
547000000,3,2,5,400
548000000,3,2,5,400
549000000,3,2,5,400
550000000,3,2,5,400
551000000,3,2,5,400
552000000,3,2,5,400
553000000,3,2,5,400
554000000,3,2,5,400
555000000,3,2,5,400
556000000,3,2,5,400
557000000,3,2,5,400
558000000,3,2,5,400
559000000,3,2,5,400
560000000,3,2,5,400
561000000,3,2,5,400
562000000,3,2,5,400
563000000,3,2,5,400
564000000,3,2,5,400
565000000,3,2,5,400
566000000,3,2,5,400
567000000,3,2,5,400
568000000,3,2,5,400
569000000,3,2,5,400
570000000,3,2,5,400
571000000,3,2,5,400
572000000,3,2,5,400
573000000,3,2,5,400
574000000,3,2,5,400
575000000,3,2,5,400
576000000,3,2,5,400
577000000,3,2,5,400
578000000,3,2,5,400
579000000,3,2,5,400
580000000,3,2,5,400
581000000,3,2,5,400
582000000,3,2,5,400
583000000,3,2,5,400
584000000,3,2,5,400
585000000,3,2,5,400
586000000,3,2,5,400
587000000,3,2,5,400
588000000,3,2,5,400
589000000,3,2,5,400
590000000,3,2,5,400
591000000,3,2,5,400
592000000,3,2,5,400
593000000,3,2,5,400
594000000,3,2,5,400
595000000,3,2,5,400
596000000,3,2,5,400
597000000,3,2,5,400
598000000,3,2,5,400
599000000,3,2,5,400
600000000,3,2,5,400
601000000,3,2,5,400
602000000,3,2,5,400
603000000,3,2,5,400
604000000,3,2,5,400
605000000,3,2,5,400
606000000,3,2,5,400
607000000,3,2,5,400
608000000,3,2,5,400
609000000,3,2,5,400
610000000,3,2,5,400
611000000,3,2,5,400
612000000,3,2,5,400
613000000,3,2,5,400
614000000,3,2,5,400
615000000,3,2,5,400
616000000,3,2,5,400
617000000,3,2,5,400
618000000,3,2,5,400
619000000,3,2,5,400
620000000,3,2,5,400
621000000,3,2,5,400
622000000,3,2,5,400
623000000,3,2,5,400
624000000,3,2,5,400
625000000,3,2,5,400
626000000,3,2,5,400
627000000,3,2,5,400
628000000,3,2,5,400
629000000,3,2,5,400
630000000,3,2,5,400
631000000,3,2,5,400
632000000,3,2,5,400
633000000,3,2,5,400
634000000,3,2,5,400
635000000,3,2,5,400
636000000,3,2,5,400
637000000,3,2,5,400
638000000,3,2,5,400
639000000,3,2,5,400
640000000,3,2,5,400
641000000,3,2,5,400
642000000,3,2,5,400
643000000,3,2,5,400
644000000,3,2,5,400
645000000,3,2,5,400
646000000,3,2,5,400
647000000,3,2,5,400
648000000,3,2,5,400
649000000,3,2,5,400
650000000,3,2,5,400
651000000,3,2,5,400
652000000,3,2,5,400
653000000,3,2,5,400
654000000,3,2,5,400
655000000,3,2,5,400
656000000,3,2,5,400
657000000,3,2,5,400
658000000,3,2,5,400
659000000,3,2,5,400
660000000,3,2,5,400
661000000,3,2,5,400
662000000,3,2,5,400
663000000,3,2,5,400
664000000,3,2,5,400
665000000,3,2,5,400
666000000,3,2,5,400
667000000,3,2,5,400
668000000,3,2,5,400
669000000,3,2,5,400
670000000,3,2,5,400
671000000,3,2,5,400
672000000,3,2,5,400
673000000,3,2,5,400
674000000,3,2,5,400
675000000,3,2,5,400
676000000,3,2,5,400
677000000,3,2,5,400
678000000,3,2,5,400
679000000,3,2,5,400
680000000,3,2,5,400
681000000,3,2,5,400
682000000,3,2,5,400
683000000,3,2,5,400
684000000,3,2,5,400
685000000,3,2,5,400
686000000,3,2,5,400
687000000,3,2,5,400
688000000,3,2,5,400
689000000,3,2,5,400
690000000,3,2,5,400
691000000,3,2,5,400
692000000,3,2,5,400
693000000,3,2,5,400
694000000,3,2,5,400
695000000,3,2,5,400
696000000,3,2,5,400
697000000,3,2,5,400
698000000,3,2,5,400
699000000,3,2,5,400
700000000,3,2,5,400
701000000,3,2,5,400
702000000,3,2,5,400
703000000,3,2,5,400
704000000,3,2,5,400
705000000,3,2,5,400
706000000,3,2,5,400
707000000,3,2,5,400
708000000,3,2,5,400
709000000,3,2,5,400
710000000,3,2,5,400
711000000,3,2,5,400
712000000,3,2,5,400
713000000,3,2,5,400
714000000,3,2,5,400
715000000,3,2,5,400
716000000,3,2,5,400
717000000,3,2,5,400
718000000,3,2,5,400
719000000,3,2,5,400
720000000,3,2,5,400
721000000,3,2,5,400
722000000,3,2,5,400
723000000,3,2,5,400
724000000,3,2,5,400
725000000,3,2,5,400
726000000,3,2,5,400
727000000,3,2,5,400
728000000,3,2,5,400
729000000,3,2,5,400
730000000,3,2,5,400
731000000,3,2,5,400
732000000,3,2,5,400
733000000,3,2,5,400
734000000,3,2,5,400
735000000,3,2,5,400
736000000,3,2,5,400
737000000,3,2,5,400
738000000,3,2,5,400
739000000,3,2,5,400
740000000,3,2,5,400
741000000,3,2,5,400
742000000,3,2,5,400
743000000,3,2,5,400
744000000,3,2,5,400
745000000,3,2,5,400
746000000,3,2,5,400
747000000,3,2,5,400
748000000,3,2,5,400
749000000,3,2,5,400
750000000,3,2,5,400
751000000,3,2,5,400
752000000,3,2,5,400
753000000,3,2,5,400
754000000,3,2,5,400
755000000,3,2,5,400
756000000,3,2,5,400
757000000,3,2,5,400
758000000,3,2,5,400
759000000,3,2,5,400
760000000,3,2,5,400
761000000,3,2,5,400
762000000,3,2,5,400
763000000,3,2,5,400
764000000,3,2,5,400
765000000,3,2,5,400
766000000,3,2,5,400
767000000,3,2,5,400
768000000,3,2,5,400
769000000,3,2,5,400
770000000,3,2,5,400
771000000,3,2,5,400
772000000,3,2,5,400
773000000,3,2,5,400
774000000,3,2,5,400
775000000,3,2,5,400
776000000,3,2,5,400
777000000,3,2,5,400
778000000,3,2,5,400
779000000,3,2,5,400
780000000,3,2,5,400
781000000,3,2,5,400
782000000,3,2,5,400
783000000,3,2,5,400
784000000,3,2,5,400
785000000,3,2,5,400
786000000,3,2,5,400
787000000,3,2,5,400
788000000,3,2,5,400
789000000,3,2,5,400
790000000,3,2,5,400
791000000,3,2,5,400
792000000,3,2,5,400
793000000,3,2,5,400
794000000,3,2,5,400
795000000,3,2,5,400
796000000,3,2,5,400
797000000,3,2,5,400
798000000,3,2,5,400
799000000,3,2,5,400
800000000,3,2,5,400
801000000,3,2,5,400
802000000,3,2,5,400
803000000,3,2,5,400
804000000,3,2,5,400
805000000,3,2,5,400
806000000,3,2,5,400
807000000,3,2,5,400
808000000,3,2,5,400
809000000,3,2,5,300
810000000,3,2,5,300
811000000,3,2,5,300
812000000,3,2,5,300
813000000,3,2,5,300
814000000,3,2,5,300
815000000,3,2,5,300
816000000,3,2,5,300
817000000,3,2,5,300
818000000,3,2,5,300
819000000,3,2,5,200
820000000,3,2,5,200
821000000,3,2,5,200
822000000,3,2,5,200
823000000,3,2,5,200
824000000,3,2,5,200
825000000,3,2,5,200
826000000,3,2,5,200
827000000,3,2,5,200
828000000,3,2,5,200
829000000,3,2,5,100
830000000,3,2,5,100
831000000,3,2,5,0
832000000,3,2,5,0
833000000,3,2,5,0
834000000,3,2,5,0
835000000,3,2,5,0
836000000,3,2,5,0
837000000,3,2,5,0
838000000,3,2,5,0
839000000,3,2,5,0
840000000,3,2,5,0
841000000,3,2,5,0
842000000,3,2,5,0
843000000,3,2,5,0
844000000,3,2,5,0
845000000,3,2,5,0
846000000,3,2,5,0
847000000,3,2,5,0
848000000,3,2,5,0
849000000,3,2,5,0
850000000,3,2,5,0
851000000,3,2,5,0
852000000,3,2,5,0
853000000,3,2,5,0
854000000,3,2,5,0
855000000,3,2,5,0
856000000,3,2,5,0
857000000,3,2,5,0
858000000,3,2,5,0
859000000,3,2,5,0
860000000,3,2,5,0
861000000,3,2,5,0
862000000,3,2,5,0
863000000,3,2,5,0
864000000,3,2,5,0
865000000,3,2,5,0
866000000,3,2,5,0
867000000,3,2,5,0
868000000,3,2,5,0
869000000,3,2,5,0
870000000,3,2,5,0
871000000,3,2,5,0
872000000,3,2,5,0
873000000,3,2,5,0
874000000,3,2,5,0
875000000,3,2,5,0
876000000,3,2,5,0
877000000,3,2,5,0
878000000,3,2,5,0
879000000,3,2,5,0
880000000,3,2,5,0
881000000,3,2,5,0
882000000,3,2,5,0
883000000,3,2,5,0
884000000,3,2,5,0
885000000,3,2,5,0
886000000,3,2,5,0
887000000,3,2,5,0
888000000,3,2,5,0
889000000,3,2,5,0
890000000,3,2,5,0
891000000,3,2,5,0
892000000,3,2,5,0
893000000,3,2,5,0
894000000,3,2,5,0
895000000,3,2,5,0
896000000,3,2,5,0
897000000,3,2,5,0
898000000,3,2,5,0
899000000,3,2,5,0
900000000,3,2,5,0
901000000,3,2,5,0
902000000,3,2,5,0
903000000,3,2,5,0
904000000,3,2,5,0
905000000,3,2,5,0
906000000,3,2,5,0
907000000,3,2,5,0
908000000,3,2,5,0
909000000,3,2,5,0
910000000,3,2,5,0
911000000,3,2,5,0
912000000,3,2,5,0
913000000,3,2,5,0
914000000,3,2,5,0
915000000,3,2,5,0
916000000,3,2,5,0
917000000,3,2,5,0
918000000,3,2,5,0
919000000,3,2,5,0
920000000,3,2,5,0
921000000,3,2,5,0
922000000,3,2,5,0
923000000,3,2,5,0
924000000,3,2,5,0
925000000,3,2,5,0
926000000,3,2,5,0
927000000,3,2,5,0
928000000,3,2,5,0
929000000,3,2,5,0
930000000,3,2,5,0
931000000,3,2,5,0
932000000,3,2,5,0
933000000,3,2,5,0
934000000,3,2,5,0
935000000,3,2,5,0
936000000,3,2,5,0
937000000,3,2,5,0
938000000,3,2,5,0
939000000,3,2,5,0
940000000,3,2,5,0
941000000,3,2,5,0
942000000,3,2,5,0
943000000,3,2,5,0
944000000,3,2,5,0
945000000,3,2,5,0
946000000,3,2,5,0
947000000,3,2,5,0
948000000,3,2,5,0
949000000,3,2,5,0
950000000,3,2,5,0
951000000,3,2,5,0
952000000,3,2,5,0
953000000,3,2,5,0
954000000,3,2,5,0
955000000,3,2,5,0
956000000,3,2,5,0
957000000,3,2,5,0
958000000,3,2,5,0
959000000,3,2,5,0
960000000,3,2,5,0
961000000,3,2,5,0
962000000,3,2,5,0
963000000,3,2,5,0
964000000,3,2,5,0
965000000,3,2,5,0
966000000,3,2,5,0
967000000,3,2,5,0
968000000,3,2,5,0
969000000,3,2,5,0
970000000,3,2,5,0
971000000,3,2,5,0
972000000,3,2,5,0
973000000,3,2,5,0
974000000,3,2,5,0
975000000,3,2,5,0
976000000,3,2,5,0
977000000,3,2,5,0
978000000,3,2,5,0
979000000,3,2,5,0
980000000,3,2,5,0
981000000,3,2,5,0
982000000,3,2,5,0
983000000,3,2,5,0
984000000,3,2,5,0
985000000,3,2,5,0
986000000,3,2,5,0
987000000,3,2,5,0
988000000,3,2,5,0
989000000,3,2,5,0
990000000,3,2,5,0
991000000,3,2,5,0
992000000,3,2,5,0
993000000,3,2,5,0
994000000,3,2,5,0
995000000,3,2,5,0
996000000,3,2,5,0
997000000,3,2,5,0
998000000,3,2,5,0
999000000,3,2,5,0
1000000,3,3,5,136
2000000,3,3,5,172
3000000,3,3,5,200
4000000,3,3,5,200
5000000,3,3,5,200
6000000,3,3,5,200
7000000,3,3,5,200
8000000,3,3,5,200
9000000,3,3,5,200
10000000,3,3,5,200
11000000,3,3,5,236
12000000,3,3,5,272
13000000,3,3,5,300
14000000,3,3,5,300
15000000,3,3,5,300
16000000,3,3,5,300
17000000,3,3,5,300
18000000,3,3,5,300
19000000,3,3,5,300
20000000,3,3,5,300
21000000,3,3,5,336
22000000,3,3,5,372
23000000,3,3,5,400
24000000,3,3,5,400
25000000,3,3,5,400
26000000,3,3,5,400
27000000,3,3,5,400
28000000,3,3,5,400
29000000,3,3,5,400
30000000,3,3,5,400
31000000,3,3,5,436
32000000,3,3,5,472
33000000,3,3,5,500
34000000,3,3,5,500
35000000,3,3,5,500
36000000,3,3,5,500
37000000,3,3,5,500
38000000,3,3,5,500
39000000,3,3,5,500
40000000,3,3,5,500
41000000,3,3,5,536
42000000,3,3,5,572
43000000,3,3,5,600
44000000,3,3,5,600
45000000,3,3,5,600
46000000,3,3,5,600
47000000,3,3,5,600
48000000,3,3,5,600
49000000,3,3,5,600
50000000,3,3,5,600
51000000,3,3,5,636
52000000,3,3,5,672
53000000,3,3,5,700
54000000,3,3,5,700
55000000,3,3,5,700
56000000,3,3,5,700
57000000,3,3,5,700
58000000,3,3,5,700
59000000,3,3,5,700
60000000,3,3,5,700
61000000,3,3,5,736
62000000,3,3,5,772
63000000,3,3,5,800
64000000,3,3,5,800
65000000,3,3,5,800
66000000,3,3,5,800
67000000,3,3,5,800
68000000,3,3,5,800
69000000,3,3,5,800
70000000,3,3,5,800
71000000,3,3,5,836
72000000,3,3,5,872
73000000,3,3,5,900
74000000,3,3,5,900
75000000,3,3,5,900
76000000,3,3,5,900
77000000,3,3,5,900
78000000,3,3,5,900
79000000,3,3,5,900
80000000,3,3,5,900
81000000,3,3,5,936
82000000,3,3,5,972
83000000,3,3,5,1000
84000000,3,3,5,1000
85000000,3,3,5,1000
86000000,3,3,5,1000
87000000,3,3,5,1000
88000000,3,3,5,1000
89000000,3,3,5,1000
90000000,3,3,5,1000
91000000,3,3,5,1036
92000000,3,3,5,1072
93000000,3,3,5,1100
94000000,3,3,5,1100
95000000,3,3,5,1100
96000000,3,3,5,1100
97000000,3,3,5,1100
98000000,3,3,5,1100
99000000,3,3,5,1100
100000000,3,3,5,1100
101000000,3,3,5,1100
102000000,3,3,5,1100
103000000,3,3,5,1100
104000000,3,3,5,1100
105000000,3,3,5,1100
106000000,3,3,5,1100
107000000,3,3,5,1100
108000000,3,3,5,1100
109000000,3,3,5,1100
110000000,3,3,5,1100
111000000,3,3,5,1100
112000000,3,3,5,1100
113000000,3,3,5,1100
114000000,3,3,5,1100
115000000,3,3,5,1100
116000000,3,3,5,1100
117000000,3,3,5,1100
118000000,3,3,5,1100
119000000,3,3,5,1100
120000000,3,3,5,1100
121000000,3,3,5,1100
122000000,3,3,5,1100
123000000,3,3,5,1100
124000000,3,3,5,1100
125000000,3,3,5,1100
126000000,3,3,5,1100
127000000,3,3,5,1100
128000000,3,3,5,1100
129000000,3,3,5,1100
130000000,3,3,5,1100
131000000,3,3,5,1100
132000000,3,3,5,1100
133000000,3,3,5,1100
134000000,3,3,5,1100
135000000,3,3,5,1100
136000000,3,3,5,1100
137000000,3,3,5,1100
138000000,3,3,5,1100
139000000,3,3,5,1100
140000000,3,3,5,1100
141000000,3,3,5,1100
142000000,3,3,5,1100
143000000,3,3,5,1100
144000000,3,3,5,1100
145000000,3,3,5,1100
146000000,3,3,5,1100
147000000,3,3,5,1100
148000000,3,3,5,1100
149000000,3,3,5,1100
150000000,3,3,5,1100
151000000,3,3,5,1100
152000000,3,3,5,1100
153000000,3,3,5,1100
154000000,3,3,5,1100
155000000,3,3,5,1100
156000000,3,3,5,1100
157000000,3,3,5,1100
158000000,3,3,5,1100
159000000,3,3,5,1100
160000000,3,3,5,1100
161000000,3,3,5,1100
162000000,3,3,5,1100
163000000,3,3,5,1100
164000000,3,3,5,1100
165000000,3,3,5,1100
166000000,3,3,5,1100
167000000,3,3,5,1100
168000000,3,3,5,1100
169000000,3,3,5,1100
170000000,3,3,5,1100
171000000,3,3,5,1100
172000000,3,3,5,1100
173000000,3,3,5,1100
174000000,3,3,5,1100
175000000,3,3,5,1100
176000000,3,3,5,1100
177000000,3,3,5,1100
178000000,3,3,5,1100
179000000,3,3,5,1100
180000000,3,3,5,1100
181000000,3,3,5,1100
182000000,3,3,5,1100
183000000,3,3,5,1100
184000000,3,3,5,1100
185000000,3,3,5,1100
186000000,3,3,5,1100
187000000,3,3,5,1100
188000000,3,3,5,1100
189000000,3,3,5,1100
190000000,3,3,5,1100
191000000,3,3,5,1100
192000000,3,3,5,1100
193000000,3,3,5,1100
194000000,3,3,5,1100
195000000,3,3,5,1100
196000000,3,3,5,1100
197000000,3,3,5,1100
198000000,3,3,5,1100
199000000,3,3,5,1100
200000000,3,3,5,1100
201000000,3,3,5,1100
202000000,3,3,5,1100
203000000,3,3,5,1100
204000000,3,3,5,1100
205000000,3,3,5,1100
206000000,3,3,5,1100
207000000,3,3,5,1100
208000000,3,3,5,1100
209000000,3,3,5,1100
210000000,3,3,5,1100
211000000,3,3,5,1100
212000000,3,3,5,1100
213000000,3,3,5,1100
214000000,3,3,5,1100
215000000,3,3,5,1100
216000000,3,3,5,1100
217000000,3,3,5,1100
218000000,3,3,5,1100
219000000,3,3,5,1100
220000000,3,3,5,1100
221000000,3,3,5,1100
222000000,3,3,5,1100
223000000,3,3,5,1100
224000000,3,3,5,1100
225000000,3,3,5,1100
226000000,3,3,5,1100
227000000,3,3,5,1100
228000000,3,3,5,1100
229000000,3,3,5,1100
230000000,3,3,5,1100
231000000,3,3,5,1100
232000000,3,3,5,1100
233000000,3,3,5,1100
234000000,3,3,5,1100
235000000,3,3,5,1100
236000000,3,3,5,1100
237000000,3,3,5,1100
238000000,3,3,5,1100
239000000,3,3,5,1100
240000000,3,3,5,1100
241000000,3,3,5,1100
242000000,3,3,5,1100
243000000,3,3,5,1100
244000000,3,3,5,1100
245000000,3,3,5,1100
246000000,3,3,5,1100
247000000,3,3,5,1100
248000000,3,3,5,1100
249000000,3,3,5,1100
250000000,3,3,5,1100
251000000,3,3,5,1100
252000000,3,3,5,1100
253000000,3,3,5,1100
254000000,3,3,5,1100
255000000,3,3,5,1100
256000000,3,3,5,1100
257000000,3,3,5,1100
258000000,3,3,5,1100
259000000,3,3,5,1100
260000000,3,3,5,1100
261000000,3,3,5,1100
262000000,3,3,5,1100
263000000,3,3,5,1100
264000000,3,3,5,1100
265000000,3,3,5,1100
266000000,3,3,5,1100
267000000,3,3,5,1100
268000000,3,3,5,1100
269000000,3,3,5,1100
270000000,3,3,5,1100
271000000,3,3,5,1100
272000000,3,3,5,1100
273000000,3,3,5,1100
274000000,3,3,5,1100
275000000,3,3,5,1100
276000000,3,3,5,1100
277000000,3,3,5,1100
278000000,3,3,5,1100
279000000,3,3,5,1100
280000000,3,3,5,1100
281000000,3,3,5,1100
282000000,3,3,5,1100
283000000,3,3,5,1100
284000000,3,3,5,1100
285000000,3,3,5,1100
286000000,3,3,5,1100
287000000,3,3,5,1100
288000000,3,3,5,1100
289000000,3,3,5,1100
290000000,3,3,5,1100
291000000,3,3,5,1100
292000000,3,3,5,1100
293000000,3,3,5,1100
294000000,3,3,5,1100
295000000,3,3,5,1100
296000000,3,3,5,1100
297000000,3,3,5,1100
298000000,3,3,5,1100
299000000,3,3,5,1100
300000000,3,3,5,1100
301000000,3,3,5,1100
302000000,3,3,5,1100
303000000,3,3,5,1100
304000000,3,3,5,1100
305000000,3,3,5,1100
306000000,3,3,5,1100
307000000,3,3,5,1100
308000000,3,3,5,1100
309000000,3,3,5,1100
310000000,3,3,5,1100
311000000,3,3,5,1100
312000000,3,3,5,1100
313000000,3,3,5,1100
314000000,3,3,5,1100
315000000,3,3,5,1100
316000000,3,3,5,1100
317000000,3,3,5,1100
318000000,3,3,5,1100
319000000,3,3,5,1100
320000000,3,3,5,1100
321000000,3,3,5,1100
322000000,3,3,5,1100
323000000,3,3,5,1100
324000000,3,3,5,1100
325000000,3,3,5,1100
326000000,3,3,5,1100
327000000,3,3,5,1100
328000000,3,3,5,1100
329000000,3,3,5,1100
330000000,3,3,5,1100
331000000,3,3,5,1100
332000000,3,3,5,1100
333000000,3,3,5,1100
334000000,3,3,5,1100
335000000,3,3,5,1100
336000000,3,3,5,1100
337000000,3,3,5,1100
338000000,3,3,5,1100
339000000,3,3,5,1100
340000000,3,3,5,1100
341000000,3,3,5,1100
342000000,3,3,5,1100
343000000,3,3,5,1100
344000000,3,3,5,1100
345000000,3,3,5,1100
346000000,3,3,5,1100
347000000,3,3,5,1100
348000000,3,3,5,1100
349000000,3,3,5,1100
350000000,3,3,5,1100
351000000,3,3,5,1100
352000000,3,3,5,1100
353000000,3,3,5,1100
354000000,3,3,5,1100
355000000,3,3,5,1100
356000000,3,3,5,1100
357000000,3,3,5,1100
358000000,3,3,5,1100
359000000,3,3,5,1100
360000000,3,3,5,1100
361000000,3,3,5,1100
362000000,3,3,5,1100
363000000,3,3,5,1100
364000000,3,3,5,1100
365000000,3,3,5,1100
366000000,3,3,5,1100
367000000,3,3,5,1100
368000000,3,3,5,1100
369000000,3,3,5,1100
370000000,3,3,5,1100
371000000,3,3,5,1100
372000000,3,3,5,1100
373000000,3,3,5,1100
374000000,3,3,5,1100
375000000,3,3,5,1100
376000000,3,3,5,1100
377000000,3,3,5,1100
378000000,3,3,5,1100
379000000,3,3,5,1100
380000000,3,3,5,1100
381000000,3,3,5,1100
382000000,3,3,5,1100
383000000,3,3,5,1100
384000000,3,3,5,1100
385000000,3,3,5,1100
386000000,3,3,5,1100
387000000,3,3,5,1100
388000000,3,3,5,1100
389000000,3,3,5,1100
390000000,3,3,5,1100
391000000,3,3,5,1100
392000000,3,3,5,1100
393000000,3,3,5,1100
394000000,3,3,5,1100
395000000,3,3,5,1100
396000000,3,3,5,1100
397000000,3,3,5,1100
398000000,3,3,5,1100
399000000,3,3,5,1100
400000000,3,3,5,1100
401000000,3,3,5,1100
402000000,3,3,5,1100
403000000,3,3,5,1100
404000000,3,3,5,1100
405000000,3,3,5,1100
406000000,3,3,5,1100
407000000,3,3,5,1100
408000000,3,3,5,1100
409000000,3,3,5,1100
410000000,3,3,5,1100
411000000,3,3,5,1100
412000000,3,3,5,1100
413000000,3,3,5,1100
414000000,3,3,5,1100
415000000,3,3,5,1100
416000000,3,3,5,1100
417000000,3,3,5,1100
418000000,3,3,5,1100
419000000,3,3,5,1100
420000000,3,3,5,1100
421000000,3,3,5,1100
422000000,3,3,5,1100
423000000,3,3,5,1100
424000000,3,3,5,1100
425000000,3,3,5,1100
426000000,3,3,5,1100
427000000,3,3,5,1100
428000000,3,3,5,1100
429000000,3,3,5,1100
430000000,3,3,5,1100
431000000,3,3,5,1100
432000000,3,3,5,1100
433000000,3,3,5,1100
434000000,3,3,5,1100
435000000,3,3,5,1100
436000000,3,3,5,1100
437000000,3,3,5,1100
438000000,3,3,5,1100
439000000,3,3,5,1100
440000000,3,3,5,1100
441000000,3,3,5,1100
442000000,3,3,5,1100
443000000,3,3,5,1100
444000000,3,3,5,1100
445000000,3,3,5,1100
446000000,3,3,5,1100
447000000,3,3,5,1100
448000000,3,3,5,1100
449000000,3,3,5,1100
450000000,3,3,5,1100
451000000,3,3,5,1100
452000000,3,3,5,1100
453000000,3,3,5,1100
454000000,3,3,5,1100
455000000,3,3,5,1100
456000000,3,3,5,1100
457000000,3,3,5,1100
458000000,3,3,5,1100
459000000,3,3,5,1100
460000000,3,3,5,1100
461000000,3,3,5,1100
462000000,3,3,5,1100
463000000,3,3,5,1100
464000000,3,3,5,1100
465000000,3,3,5,1100
466000000,3,3,5,1100
467000000,3,3,5,1100
468000000,3,3,5,1100
469000000,3,3,5,1100
470000000,3,3,5,1100
471000000,3,3,5,1100
472000000,3,3,5,1100
473000000,3,3,5,1100
474000000,3,3,5,1100
475000000,3,3,5,1100
476000000,3,3,5,1100
477000000,3,3,5,1100
478000000,3,3,5,1100
479000000,3,3,5,1100
480000000,3,3,5,1100
481000000,3,3,5,1100
482000000,3,3,5,1100
483000000,3,3,5,1100
484000000,3,3,5,1100
485000000,3,3,5,1100
486000000,3,3,5,1100
487000000,3,3,5,1100
488000000,3,3,5,1100
489000000,3,3,5,1100
490000000,3,3,5,1100
491000000,3,3,5,1100
492000000,3,3,5,1100
493000000,3,3,5,1100
494000000,3,3,5,1100
495000000,3,3,5,1100
496000000,3,3,5,1100
497000000,3,3,5,1100
498000000,3,3,5,1100
499000000,3,3,5,1100
500000000,3,3,5,1100
501000000,3,3,5,1100
502000000,3,3,5,1100
503000000,3,3,5,1100
504000000,3,3,5,1100
505000000,3,3,5,1100
506000000,3,3,5,1100
507000000,3,3,5,1100
508000000,3,3,5,1100
509000000,3,3,5,1100
510000000,3,3,5,1100
511000000,3,3,5,1100
512000000,3,3,5,1100
513000000,3,3,5,1100
514000000,3,3,5,1100
515000000,3,3,5,1100
516000000,3,3,5,1100
517000000,3,3,5,1100
518000000,3,3,5,1100
519000000,3,3,5,1100
520000000,3,3,5,1100
521000000,3,3,5,1100
522000000,3,3,5,1100
523000000,3,3,5,1100
524000000,3,3,5,1100
525000000,3,3,5,1100
526000000,3,3,5,1100
527000000,3,3,5,1100
528000000,3,3,5,1100
529000000,3,3,5,1100
530000000,3,3,5,1100
531000000,3,3,5,1100
532000000,3,3,5,1100
533000000,3,3,5,1100
534000000,3,3,5,1100
535000000,3,3,5,1100
536000000,3,3,5,1100
537000000,3,3,5,1100
538000000,3,3,5,1100
539000000,3,3,5,1100
540000000,3,3,5,1100
541000000,3,3,5,1100
542000000,3,3,5,1100
543000000,3,3,5,1100
544000000,3,3,5,1100
545000000,3,3,5,1100
546000000,3,3,5,1100
547000000,3,3,5,1100
548000000,3,3,5,1100
549000000,3,3,5,1100
550000000,3,3,5,1100
551000000,3,3,5,1100
552000000,3,3,5,1100
553000000,3,3,5,1100
554000000,3,3,5,1100
555000000,3,3,5,1100
556000000,3,3,5,1100
557000000,3,3,5,1100
558000000,3,3,5,1100
559000000,3,3,5,1100
560000000,3,3,5,1100
561000000,3,3,5,1100
562000000,3,3,5,1100
563000000,3,3,5,1100
564000000,3,3,5,1100
565000000,3,3,5,1100
566000000,3,3,5,1100
567000000,3,3,5,1100
568000000,3,3,5,1100
569000000,3,3,5,1100
570000000,3,3,5,1100
571000000,3,3,5,1100
572000000,3,3,5,1100
573000000,3,3,5,1100
574000000,3,3,5,1100
575000000,3,3,5,1100
576000000,3,3,5,1100
577000000,3,3,5,1100
578000000,3,3,5,1100
579000000,3,3,5,1100
580000000,3,3,5,1100
581000000,3,3,5,1100
582000000,3,3,5,1100
583000000,3,3,5,1100
584000000,3,3,5,1100
585000000,3,3,5,1100
586000000,3,3,5,1100
587000000,3,3,5,1100
588000000,3,3,5,1100
589000000,3,3,5,1100
590000000,3,3,5,1100
591000000,3,3,5,1100
592000000,3,3,5,1100
593000000,3,3,5,1100
594000000,3,3,5,1100
595000000,3,3,5,1100
596000000,3,3,5,1100
597000000,3,3,5,1100
598000000,3,3,5,1100
599000000,3,3,5,1100
600000000,3,3,5,1100
601000000,3,3,5,1100
602000000,3,3,5,1100
603000000,3,3,5,1100
604000000,3,3,5,1100
605000000,3,3,5,1100
606000000,3,3,5,1100
607000000,3,3,5,1100
608000000,3,3,5,1100
609000000,3,3,5,1100
610000000,3,3,5,1100
611000000,3,3,5,1100
612000000,3,3,5,1100
613000000,3,3,5,1100
614000000,3,3,5,1100
615000000,3,3,5,1100
616000000,3,3,5,1100
617000000,3,3,5,1100
618000000,3,3,5,1100
619000000,3,3,5,1100
620000000,3,3,5,1100
621000000,3,3,5,1100
622000000,3,3,5,1100
623000000,3,3,5,1100
624000000,3,3,5,1100
625000000,3,3,5,1100
626000000,3,3,5,1100
627000000,3,3,5,1100
628000000,3,3,5,1100
629000000,3,3,5,1100
630000000,3,3,5,1100
631000000,3,3,5,1100
632000000,3,3,5,1100
633000000,3,3,5,1100
634000000,3,3,5,1100
635000000,3,3,5,1100
636000000,3,3,5,1100
637000000,3,3,5,1100
638000000,3,3,5,1100
639000000,3,3,5,1100
640000000,3,3,5,1100
641000000,3,3,5,1100
642000000,3,3,5,1100
643000000,3,3,5,1100
644000000,3,3,5,1100
645000000,3,3,5,1100
646000000,3,3,5,1100
647000000,3,3,5,1100
648000000,3,3,5,1100
649000000,3,3,5,1100
650000000,3,3,5,1100
651000000,3,3,5,1100
652000000,3,3,5,1100
653000000,3,3,5,1100
654000000,3,3,5,1100
655000000,3,3,5,1100
656000000,3,3,5,1100
657000000,3,3,5,1100
658000000,3,3,5,1100
659000000,3,3,5,1100
660000000,3,3,5,1100
661000000,3,3,5,1100
662000000,3,3,5,1100
663000000,3,3,5,1100
664000000,3,3,5,1100
665000000,3,3,5,1100
666000000,3,3,5,1100
667000000,3,3,5,1100
668000000,3,3,5,1100
669000000,3,3,5,1100
670000000,3,3,5,1100
671000000,3,3,5,1100
672000000,3,3,5,1100
673000000,3,3,5,1100
674000000,3,3,5,1100
675000000,3,3,5,1100
676000000,3,3,5,1100
677000000,3,3,5,1100
678000000,3,3,5,1100
679000000,3,3,5,1100
680000000,3,3,5,1100
681000000,3,3,5,1100
682000000,3,3,5,1100
683000000,3,3,5,1100
684000000,3,3,5,1100
685000000,3,3,5,1100
686000000,3,3,5,1100
687000000,3,3,5,1100
688000000,3,3,5,1100
689000000,3,3,5,1100
690000000,3,3,5,1100
691000000,3,3,5,1100
692000000,3,3,5,1100
693000000,3,3,5,1100
694000000,3,3,5,1100
695000000,3,3,5,1100
696000000,3,3,5,1100
697000000,3,3,5,1100
698000000,3,3,5,1100
699000000,3,3,5,1100
700000000,3,3,5,1100
701000000,3,3,5,1100
702000000,3,3,5,1100
703000000,3,3,5,1100
704000000,3,3,5,1100
705000000,3,3,5,1100
706000000,3,3,5,1100
707000000,3,3,5,1100
708000000,3,3,5,1100
709000000,3,3,5,1100
710000000,3,3,5,1100
711000000,3,3,5,1100
712000000,3,3,5,1100
713000000,3,3,5,1100
714000000,3,3,5,1100
715000000,3,3,5,1100
716000000,3,3,5,1100
717000000,3,3,5,1100
718000000,3,3,5,1100
719000000,3,3,5,1100
720000000,3,3,5,1100
721000000,3,3,5,1100
722000000,3,3,5,1100
723000000,3,3,5,1100
724000000,3,3,5,1100
725000000,3,3,5,1100
726000000,3,3,5,1100
727000000,3,3,5,1100
728000000,3,3,5,1100
729000000,3,3,5,1100
730000000,3,3,5,1100
731000000,3,3,5,1100
732000000,3,3,5,1100
733000000,3,3,5,1100
734000000,3,3,5,1100
735000000,3,3,5,1100
736000000,3,3,5,1100
737000000,3,3,5,1100
738000000,3,3,5,1100
739000000,3,3,5,1100
740000000,3,3,5,1100
741000000,3,3,5,1100
742000000,3,3,5,1100
743000000,3,3,5,1100
744000000,3,3,5,1100
745000000,3,3,5,1100
746000000,3,3,5,1100
747000000,3,3,5,1100
748000000,3,3,5,1100
749000000,3,3,5,1100
750000000,3,3,5,1100
751000000,3,3,5,1100
752000000,3,3,5,1100
753000000,3,3,5,1100
754000000,3,3,5,1100
755000000,3,3,5,1100
756000000,3,3,5,1100
757000000,3,3,5,1100
758000000,3,3,5,1100
759000000,3,3,5,1100
760000000,3,3,5,1100
761000000,3,3,5,1100
762000000,3,3,5,1100
763000000,3,3,5,1100
764000000,3,3,5,1100
765000000,3,3,5,1100
766000000,3,3,5,1100
767000000,3,3,5,1100
768000000,3,3,5,1100
769000000,3,3,5,1100
770000000,3,3,5,1100
771000000,3,3,5,1100
772000000,3,3,5,1100
773000000,3,3,5,1100
774000000,3,3,5,1100
775000000,3,3,5,1100
776000000,3,3,5,1100
777000000,3,3,5,1100
778000000,3,3,5,1100
779000000,3,3,5,1100
780000000,3,3,5,1100
781000000,3,3,5,1100
782000000,3,3,5,1100
783000000,3,3,5,1100
784000000,3,3,5,1100
785000000,3,3,5,1100
786000000,3,3,5,1100
787000000,3,3,5,1100
788000000,3,3,5,1100
789000000,3,3,5,1100
790000000,3,3,5,1100
791000000,3,3,5,1100
792000000,3,3,5,1100
793000000,3,3,5,1100
794000000,3,3,5,1100
795000000,3,3,5,1100
796000000,3,3,5,1100
797000000,3,3,5,1100
798000000,3,3,5,1100
799000000,3,3,5,1100
800000000,3,3,5,1100
801000000,3,3,5,1100
802000000,3,3,5,1100
803000000,3,3,5,1100
804000000,3,3,5,1100
805000000,3,3,5,1100
806000000,3,3,5,1100
807000000,3,3,5,1100
808000000,3,3,5,1100
809000000,3,3,5,1000
810000000,3,3,5,1000
811000000,3,3,5,1000
812000000,3,3,5,1000
813000000,3,3,5,1000
814000000,3,3,5,1000
815000000,3,3,5,1000
816000000,3,3,5,1000
817000000,3,3,5,1000
818000000,3,3,5,1000
819000000,3,3,5,900
820000000,3,3,5,900
821000000,3,3,5,900
822000000,3,3,5,900
823000000,3,3,5,900
824000000,3,3,5,900
825000000,3,3,5,900
826000000,3,3,5,900
827000000,3,3,5,900
828000000,3,3,5,900
829000000,3,3,5,800
830000000,3,3,5,800
831000000,3,3,5,800
832000000,3,3,5,800
833000000,3,3,5,800
834000000,3,3,5,800
835000000,3,3,5,800
836000000,3,3,5,800
837000000,3,3,5,800
838000000,3,3,5,800
839000000,3,3,5,700
840000000,3,3,5,700
841000000,3,3,5,700
842000000,3,3,5,700
843000000,3,3,5,700
844000000,3,3,5,700
845000000,3,3,5,700
846000000,3,3,5,700
847000000,3,3,5,700
848000000,3,3,5,700
849000000,3,3,5,600
850000000,3,3,5,600
851000000,3,3,5,600
852000000,3,3,5,600
853000000,3,3,5,600
854000000,3,3,5,600
855000000,3,3,5,600
856000000,3,3,5,600
857000000,3,3,5,600
858000000,3,3,5,600
859000000,3,3,5,500
860000000,3,3,5,500
861000000,3,3,5,500
862000000,3,3,5,500
863000000,3,3,5,500
864000000,3,3,5,500
865000000,3,3,5,500
866000000,3,3,5,500
867000000,3,3,5,500
868000000,3,3,5,500
869000000,3,3,5,400
870000000,3,3,5,400
871000000,3,3,5,400
872000000,3,3,5,400
873000000,3,3,5,400
874000000,3,3,5,400
875000000,3,3,5,400
876000000,3,3,5,400
877000000,3,3,5,400
878000000,3,3,5,400
879000000,3,3,5,300
880000000,3,3,5,300
881000000,3,3,5,300
882000000,3,3,5,300
883000000,3,3,5,300
884000000,3,3,5,300
885000000,3,3,5,300
886000000,3,3,5,300
887000000,3,3,5,300
888000000,3,3,5,300
889000000,3,3,5,200
890000000,3,3,5,200
891000000,3,3,5,200
892000000,3,3,5,200
893000000,3,3,5,200
894000000,3,3,5,200
895000000,3,3,5,200
896000000,3,3,5,200
897000000,3,3,5,200
898000000,3,3,5,200
899000000,3,3,5,100
900000000,3,3,5,100
901000000,3,3,5,0
902000000,3,3,5,0
903000000,3,3,5,0
904000000,3,3,5,0
905000000,3,3,5,0
906000000,3,3,5,0
907000000,3,3,5,0
908000000,3,3,5,0
909000000,3,3,5,0
910000000,3,3,5,0
911000000,3,3,5,0
912000000,3,3,5,0
913000000,3,3,5,0
914000000,3,3,5,0
915000000,3,3,5,0
916000000,3,3,5,0
917000000,3,3,5,0
918000000,3,3,5,0
919000000,3,3,5,0
920000000,3,3,5,0
921000000,3,3,5,0
922000000,3,3,5,0
923000000,3,3,5,0
924000000,3,3,5,0
925000000,3,3,5,0
926000000,3,3,5,0
927000000,3,3,5,0
928000000,3,3,5,0
929000000,3,3,5,0
930000000,3,3,5,0
931000000,3,3,5,0
932000000,3,3,5,0
933000000,3,3,5,0
934000000,3,3,5,0
935000000,3,3,5,0
936000000,3,3,5,0
937000000,3,3,5,0
938000000,3,3,5,0
939000000,3,3,5,0
940000000,3,3,5,0
941000000,3,3,5,0
942000000,3,3,5,0
943000000,3,3,5,0
944000000,3,3,5,0
945000000,3,3,5,0
946000000,3,3,5,0
947000000,3,3,5,0
948000000,3,3,5,0
949000000,3,3,5,0
950000000,3,3,5,0
951000000,3,3,5,0
952000000,3,3,5,0
953000000,3,3,5,0
954000000,3,3,5,0
955000000,3,3,5,0
956000000,3,3,5,0
957000000,3,3,5,0
958000000,3,3,5,0
959000000,3,3,5,0
960000000,3,3,5,0
961000000,3,3,5,0
962000000,3,3,5,0
963000000,3,3,5,0
964000000,3,3,5,0
965000000,3,3,5,0
966000000,3,3,5,0
967000000,3,3,5,0
968000000,3,3,5,0
969000000,3,3,5,0
970000000,3,3,5,0
971000000,3,3,5,0
972000000,3,3,5,0
973000000,3,3,5,0
974000000,3,3,5,0
975000000,3,3,5,0
976000000,3,3,5,0
977000000,3,3,5,0
978000000,3,3,5,0
979000000,3,3,5,0
980000000,3,3,5,0
981000000,3,3,5,0
982000000,3,3,5,0
983000000,3,3,5,0
984000000,3,3,5,0
985000000,3,3,5,0
986000000,3,3,5,0
987000000,3,3,5,0
988000000,3,3,5,0
989000000,3,3,5,0
990000000,3,3,5,0
991000000,3,3,5,0
992000000,3,3,5,0
993000000,3,3,5,0
994000000,3,3,5,0
995000000,3,3,5,0
996000000,3,3,5,0
997000000,3,3,5,0
998000000,3,3,5,0
999000000,3,3,5,0
1000000,3,4,5,36
2000000,3,4,5,72
3000000,3,4,5,100
4000000,3,4,5,100
5000000,3,4,5,100
6000000,3,4,5,100
7000000,3,4,5,100
8000000,3,4,5,100
9000000,3,4,5,100
10000000,3,4,5,100
11000000,3,4,5,100
12000000,3,4,5,100
13000000,3,4,5,100
14000000,3,4,5,100
15000000,3,4,5,100
16000000,3,4,5,100
17000000,3,4,5,100
18000000,3,4,5,100
19000000,3,4,5,100
20000000,3,4,5,100
21000000,3,4,5,100
22000000,3,4,5,100
23000000,3,4,5,100
24000000,3,4,5,100
25000000,3,4,5,100
26000000,3,4,5,100
27000000,3,4,5,100
28000000,3,4,5,100
29000000,3,4,5,100
30000000,3,4,5,100
31000000,3,4,5,100
32000000,3,4,5,100
33000000,3,4,5,100
34000000,3,4,5,100
35000000,3,4,5,100
36000000,3,4,5,100
37000000,3,4,5,100
38000000,3,4,5,100
39000000,3,4,5,100
40000000,3,4,5,100
41000000,3,4,5,100
42000000,3,4,5,100
43000000,3,4,5,100
44000000,3,4,5,100
45000000,3,4,5,100
46000000,3,4,5,100
47000000,3,4,5,100
48000000,3,4,5,100
49000000,3,4,5,100
50000000,3,4,5,100
51000000,3,4,5,100
52000000,3,4,5,100
53000000,3,4,5,100
54000000,3,4,5,100
55000000,3,4,5,100
56000000,3,4,5,100
57000000,3,4,5,100
58000000,3,4,5,100
59000000,3,4,5,100
60000000,3,4,5,100
61000000,3,4,5,100
62000000,3,4,5,100
63000000,3,4,5,100
64000000,3,4,5,100
65000000,3,4,5,100
66000000,3,4,5,100
67000000,3,4,5,100
68000000,3,4,5,100
69000000,3,4,5,100
70000000,3,4,5,100
71000000,3,4,5,100
72000000,3,4,5,100
73000000,3,4,5,100
74000000,3,4,5,100
75000000,3,4,5,100
76000000,3,4,5,100
77000000,3,4,5,100
78000000,3,4,5,100
79000000,3,4,5,100
80000000,3,4,5,100
81000000,3,4,5,100
82000000,3,4,5,100
83000000,3,4,5,100
84000000,3,4,5,100
85000000,3,4,5,100
86000000,3,4,5,100
87000000,3,4,5,100
88000000,3,4,5,100
89000000,3,4,5,100
90000000,3,4,5,100
91000000,3,4,5,100
92000000,3,4,5,100
93000000,3,4,5,100
94000000,3,4,5,100
95000000,3,4,5,100
96000000,3,4,5,100
97000000,3,4,5,100
98000000,3,4,5,100
99000000,3,4,5,100
100000000,3,4,5,100
101000000,3,4,5,100
102000000,3,4,5,100
103000000,3,4,5,100
104000000,3,4,5,100
105000000,3,4,5,100
106000000,3,4,5,100
107000000,3,4,5,100
108000000,3,4,5,100
109000000,3,4,5,100
110000000,3,4,5,100
111000000,3,4,5,100
112000000,3,4,5,100
113000000,3,4,5,100
114000000,3,4,5,100
115000000,3,4,5,100
116000000,3,4,5,100
117000000,3,4,5,100
118000000,3,4,5,100
119000000,3,4,5,100
120000000,3,4,5,100
121000000,3,4,5,100
122000000,3,4,5,100
123000000,3,4,5,100
124000000,3,4,5,100
125000000,3,4,5,100
126000000,3,4,5,100
127000000,3,4,5,100
128000000,3,4,5,100
129000000,3,4,5,100
130000000,3,4,5,100
131000000,3,4,5,100
132000000,3,4,5,100
133000000,3,4,5,100
134000000,3,4,5,100
135000000,3,4,5,100
136000000,3,4,5,100
137000000,3,4,5,100
138000000,3,4,5,100
139000000,3,4,5,100
140000000,3,4,5,100
141000000,3,4,5,100
142000000,3,4,5,100
143000000,3,4,5,100
144000000,3,4,5,100
145000000,3,4,5,100
146000000,3,4,5,100
147000000,3,4,5,100
148000000,3,4,5,100
149000000,3,4,5,100
150000000,3,4,5,100
151000000,3,4,5,100
152000000,3,4,5,100
153000000,3,4,5,100
154000000,3,4,5,100
155000000,3,4,5,100
156000000,3,4,5,100
157000000,3,4,5,100
158000000,3,4,5,100
159000000,3,4,5,100
160000000,3,4,5,100
161000000,3,4,5,100
162000000,3,4,5,100
163000000,3,4,5,100
164000000,3,4,5,100
165000000,3,4,5,100
166000000,3,4,5,100
167000000,3,4,5,100
168000000,3,4,5,100
169000000,3,4,5,100
170000000,3,4,5,100
171000000,3,4,5,100
172000000,3,4,5,100
173000000,3,4,5,100
174000000,3,4,5,100
175000000,3,4,5,100
176000000,3,4,5,100
177000000,3,4,5,100
178000000,3,4,5,100
179000000,3,4,5,100
180000000,3,4,5,100
181000000,3,4,5,100
182000000,3,4,5,100
183000000,3,4,5,100
184000000,3,4,5,100
185000000,3,4,5,100
186000000,3,4,5,100
187000000,3,4,5,100
188000000,3,4,5,100
189000000,3,4,5,100
190000000,3,4,5,100
191000000,3,4,5,100
192000000,3,4,5,100
193000000,3,4,5,100
194000000,3,4,5,100
195000000,3,4,5,100
196000000,3,4,5,100
197000000,3,4,5,100
198000000,3,4,5,100
199000000,3,4,5,100
200000000,3,4,5,100
201000000,3,4,5,100
202000000,3,4,5,100
203000000,3,4,5,100
204000000,3,4,5,100
205000000,3,4,5,100
206000000,3,4,5,100
207000000,3,4,5,100
208000000,3,4,5,100
209000000,3,4,5,100
210000000,3,4,5,100
211000000,3,4,5,100
212000000,3,4,5,100
213000000,3,4,5,100
214000000,3,4,5,100
215000000,3,4,5,100
216000000,3,4,5,100
217000000,3,4,5,100
218000000,3,4,5,100
219000000,3,4,5,100
220000000,3,4,5,100
221000000,3,4,5,100
222000000,3,4,5,100
223000000,3,4,5,100
224000000,3,4,5,100
225000000,3,4,5,100
226000000,3,4,5,100
227000000,3,4,5,100
228000000,3,4,5,100
229000000,3,4,5,100
230000000,3,4,5,100
231000000,3,4,5,100
232000000,3,4,5,100
233000000,3,4,5,100
234000000,3,4,5,100
235000000,3,4,5,100
236000000,3,4,5,100
237000000,3,4,5,100
238000000,3,4,5,100
239000000,3,4,5,100
240000000,3,4,5,100
241000000,3,4,5,100
242000000,3,4,5,100
243000000,3,4,5,100
244000000,3,4,5,100
245000000,3,4,5,100
246000000,3,4,5,100
247000000,3,4,5,100
248000000,3,4,5,100
249000000,3,4,5,100
250000000,3,4,5,100
251000000,3,4,5,100
252000000,3,4,5,100
253000000,3,4,5,100
254000000,3,4,5,100
255000000,3,4,5,100
256000000,3,4,5,100
257000000,3,4,5,100
258000000,3,4,5,100
259000000,3,4,5,100
260000000,3,4,5,100
261000000,3,4,5,100
262000000,3,4,5,100
263000000,3,4,5,100
264000000,3,4,5,100
265000000,3,4,5,100
266000000,3,4,5,100
267000000,3,4,5,100
268000000,3,4,5,100
269000000,3,4,5,100
270000000,3,4,5,100
271000000,3,4,5,100
272000000,3,4,5,100
273000000,3,4,5,100
274000000,3,4,5,100
275000000,3,4,5,100
276000000,3,4,5,100
277000000,3,4,5,100
278000000,3,4,5,100
279000000,3,4,5,100
280000000,3,4,5,100
281000000,3,4,5,100
282000000,3,4,5,100
283000000,3,4,5,100
284000000,3,4,5,100
285000000,3,4,5,100
286000000,3,4,5,100
287000000,3,4,5,100
288000000,3,4,5,100
289000000,3,4,5,100
290000000,3,4,5,100
291000000,3,4,5,100
292000000,3,4,5,100
293000000,3,4,5,100
294000000,3,4,5,100
295000000,3,4,5,100
296000000,3,4,5,100
297000000,3,4,5,100
298000000,3,4,5,100
299000000,3,4,5,100
300000000,3,4,5,100
301000000,3,4,5,100
302000000,3,4,5,100
303000000,3,4,5,100
304000000,3,4,5,100
305000000,3,4,5,100
306000000,3,4,5,100
307000000,3,4,5,100
308000000,3,4,5,100
309000000,3,4,5,100
310000000,3,4,5,100
311000000,3,4,5,100
312000000,3,4,5,100
313000000,3,4,5,100
314000000,3,4,5,100
315000000,3,4,5,100
316000000,3,4,5,100
317000000,3,4,5,100
318000000,3,4,5,100
319000000,3,4,5,100
320000000,3,4,5,100
321000000,3,4,5,100
322000000,3,4,5,100
323000000,3,4,5,100
324000000,3,4,5,100
325000000,3,4,5,100
326000000,3,4,5,100
327000000,3,4,5,100
328000000,3,4,5,100
329000000,3,4,5,100
330000000,3,4,5,100
331000000,3,4,5,100
332000000,3,4,5,100
333000000,3,4,5,100
334000000,3,4,5,100
335000000,3,4,5,100
336000000,3,4,5,100
337000000,3,4,5,100
338000000,3,4,5,100
339000000,3,4,5,100
340000000,3,4,5,100
341000000,3,4,5,100
342000000,3,4,5,100
343000000,3,4,5,100
344000000,3,4,5,100
345000000,3,4,5,100
346000000,3,4,5,100
347000000,3,4,5,100
348000000,3,4,5,100
349000000,3,4,5,100
350000000,3,4,5,100
351000000,3,4,5,100
352000000,3,4,5,100
353000000,3,4,5,100
354000000,3,4,5,100
355000000,3,4,5,100
356000000,3,4,5,100
357000000,3,4,5,100
358000000,3,4,5,100
359000000,3,4,5,100
360000000,3,4,5,100
361000000,3,4,5,100
362000000,3,4,5,100
363000000,3,4,5,100
364000000,3,4,5,100
365000000,3,4,5,100
366000000,3,4,5,100
367000000,3,4,5,100
368000000,3,4,5,100
369000000,3,4,5,100
370000000,3,4,5,100
371000000,3,4,5,100
372000000,3,4,5,100
373000000,3,4,5,100
374000000,3,4,5,100
375000000,3,4,5,100
376000000,3,4,5,100
377000000,3,4,5,100
378000000,3,4,5,100
379000000,3,4,5,100
380000000,3,4,5,100
381000000,3,4,5,100
382000000,3,4,5,100
383000000,3,4,5,100
384000000,3,4,5,100
385000000,3,4,5,100
386000000,3,4,5,100
387000000,3,4,5,100
388000000,3,4,5,100
389000000,3,4,5,100
390000000,3,4,5,100
391000000,3,4,5,100
392000000,3,4,5,100
393000000,3,4,5,100
394000000,3,4,5,100
395000000,3,4,5,100
396000000,3,4,5,100
397000000,3,4,5,100
398000000,3,4,5,100
399000000,3,4,5,100
400000000,3,4,5,100
401000000,3,4,5,100
402000000,3,4,5,100
403000000,3,4,5,100
404000000,3,4,5,100
405000000,3,4,5,100
406000000,3,4,5,100
407000000,3,4,5,100
408000000,3,4,5,100
409000000,3,4,5,100
410000000,3,4,5,100
411000000,3,4,5,100
412000000,3,4,5,100
413000000,3,4,5,100
414000000,3,4,5,100
415000000,3,4,5,100
416000000,3,4,5,100
417000000,3,4,5,100
418000000,3,4,5,100
419000000,3,4,5,100
420000000,3,4,5,100
421000000,3,4,5,100
422000000,3,4,5,100
423000000,3,4,5,100
424000000,3,4,5,100
425000000,3,4,5,100
426000000,3,4,5,100
427000000,3,4,5,100
428000000,3,4,5,100
429000000,3,4,5,100
430000000,3,4,5,100
431000000,3,4,5,100
432000000,3,4,5,100
433000000,3,4,5,100
434000000,3,4,5,100
435000000,3,4,5,100
436000000,3,4,5,100
437000000,3,4,5,100
438000000,3,4,5,100
439000000,3,4,5,100
440000000,3,4,5,100
441000000,3,4,5,100
442000000,3,4,5,100
443000000,3,4,5,100
444000000,3,4,5,100
445000000,3,4,5,100
446000000,3,4,5,100
447000000,3,4,5,100
448000000,3,4,5,100
449000000,3,4,5,100
450000000,3,4,5,100
451000000,3,4,5,100
452000000,3,4,5,100
453000000,3,4,5,100
454000000,3,4,5,100
455000000,3,4,5,100
456000000,3,4,5,100
457000000,3,4,5,100
458000000,3,4,5,100
459000000,3,4,5,100
460000000,3,4,5,100
461000000,3,4,5,100
462000000,3,4,5,100
463000000,3,4,5,100
464000000,3,4,5,100
465000000,3,4,5,100
466000000,3,4,5,100
467000000,3,4,5,100
468000000,3,4,5,100
469000000,3,4,5,100
470000000,3,4,5,100
471000000,3,4,5,100
472000000,3,4,5,100
473000000,3,4,5,100
474000000,3,4,5,100
475000000,3,4,5,100
476000000,3,4,5,100
477000000,3,4,5,100
478000000,3,4,5,100
479000000,3,4,5,100
480000000,3,4,5,100
481000000,3,4,5,100
482000000,3,4,5,100
483000000,3,4,5,100
484000000,3,4,5,100
485000000,3,4,5,100
486000000,3,4,5,100
487000000,3,4,5,100
488000000,3,4,5,100
489000000,3,4,5,100
490000000,3,4,5,100
491000000,3,4,5,100
492000000,3,4,5,100
493000000,3,4,5,100
494000000,3,4,5,100
495000000,3,4,5,100
496000000,3,4,5,100
497000000,3,4,5,100
498000000,3,4,5,100
499000000,3,4,5,100
500000000,3,4,5,100
501000000,3,4,5,100
502000000,3,4,5,100
503000000,3,4,5,100
504000000,3,4,5,100
505000000,3,4,5,100
506000000,3,4,5,100
507000000,3,4,5,100
508000000,3,4,5,100
509000000,3,4,5,100
510000000,3,4,5,100
511000000,3,4,5,100
512000000,3,4,5,100
513000000,3,4,5,100
514000000,3,4,5,100
515000000,3,4,5,100
516000000,3,4,5,100
517000000,3,4,5,100
518000000,3,4,5,100
519000000,3,4,5,100
520000000,3,4,5,100
521000000,3,4,5,100
522000000,3,4,5,100
523000000,3,4,5,100
524000000,3,4,5,100
525000000,3,4,5,100
526000000,3,4,5,100
527000000,3,4,5,100
528000000,3,4,5,100
529000000,3,4,5,100
530000000,3,4,5,100
531000000,3,4,5,100
532000000,3,4,5,100
533000000,3,4,5,100
534000000,3,4,5,100
535000000,3,4,5,100
536000000,3,4,5,100
537000000,3,4,5,100
538000000,3,4,5,100
539000000,3,4,5,100
540000000,3,4,5,100
541000000,3,4,5,100
542000000,3,4,5,100
543000000,3,4,5,100
544000000,3,4,5,100
545000000,3,4,5,100
546000000,3,4,5,100
547000000,3,4,5,100
548000000,3,4,5,100
549000000,3,4,5,100
550000000,3,4,5,100
551000000,3,4,5,100
552000000,3,4,5,100
553000000,3,4,5,100
554000000,3,4,5,100
555000000,3,4,5,100
556000000,3,4,5,100
557000000,3,4,5,100
558000000,3,4,5,100
559000000,3,4,5,100
560000000,3,4,5,100
561000000,3,4,5,100
562000000,3,4,5,100
563000000,3,4,5,100
564000000,3,4,5,100
565000000,3,4,5,100
566000000,3,4,5,100
567000000,3,4,5,100
568000000,3,4,5,100
569000000,3,4,5,100
570000000,3,4,5,100
571000000,3,4,5,100
572000000,3,4,5,100
573000000,3,4,5,100
574000000,3,4,5,100
575000000,3,4,5,100
576000000,3,4,5,100
577000000,3,4,5,100
578000000,3,4,5,100
579000000,3,4,5,100
580000000,3,4,5,100
581000000,3,4,5,100
582000000,3,4,5,100
583000000,3,4,5,100
584000000,3,4,5,100
585000000,3,4,5,100
586000000,3,4,5,100
587000000,3,4,5,100
588000000,3,4,5,100
589000000,3,4,5,100
590000000,3,4,5,100
591000000,3,4,5,100
592000000,3,4,5,100
593000000,3,4,5,100
594000000,3,4,5,100
595000000,3,4,5,100
596000000,3,4,5,100
597000000,3,4,5,100
598000000,3,4,5,100
599000000,3,4,5,100
600000000,3,4,5,100
601000000,3,4,5,100
602000000,3,4,5,100
603000000,3,4,5,100
604000000,3,4,5,100
605000000,3,4,5,100
606000000,3,4,5,100
607000000,3,4,5,100
608000000,3,4,5,100
609000000,3,4,5,100
610000000,3,4,5,100
611000000,3,4,5,100
612000000,3,4,5,100
613000000,3,4,5,100
614000000,3,4,5,100
615000000,3,4,5,100
616000000,3,4,5,100
617000000,3,4,5,100
618000000,3,4,5,100
619000000,3,4,5,100
620000000,3,4,5,100
621000000,3,4,5,100
622000000,3,4,5,100
623000000,3,4,5,100
624000000,3,4,5,100
625000000,3,4,5,100
626000000,3,4,5,100
627000000,3,4,5,100
628000000,3,4,5,100
629000000,3,4,5,100
630000000,3,4,5,100
631000000,3,4,5,100
632000000,3,4,5,100
633000000,3,4,5,100
634000000,3,4,5,100
635000000,3,4,5,100
636000000,3,4,5,100
637000000,3,4,5,100
638000000,3,4,5,100
639000000,3,4,5,100
640000000,3,4,5,100
641000000,3,4,5,100
642000000,3,4,5,100
643000000,3,4,5,100
644000000,3,4,5,100
645000000,3,4,5,100
646000000,3,4,5,100
647000000,3,4,5,100
648000000,3,4,5,100
649000000,3,4,5,100
650000000,3,4,5,100
651000000,3,4,5,100
652000000,3,4,5,100
653000000,3,4,5,100
654000000,3,4,5,100
655000000,3,4,5,100
656000000,3,4,5,100
657000000,3,4,5,100
658000000,3,4,5,100
659000000,3,4,5,100
660000000,3,4,5,100
661000000,3,4,5,100
662000000,3,4,5,100
663000000,3,4,5,100
664000000,3,4,5,100
665000000,3,4,5,100
666000000,3,4,5,100
667000000,3,4,5,100
668000000,3,4,5,100
669000000,3,4,5,100
670000000,3,4,5,100
671000000,3,4,5,100
672000000,3,4,5,100
673000000,3,4,5,100
674000000,3,4,5,100
675000000,3,4,5,100
676000000,3,4,5,100
677000000,3,4,5,100
678000000,3,4,5,100
679000000,3,4,5,100
680000000,3,4,5,100
681000000,3,4,5,100
682000000,3,4,5,100
683000000,3,4,5,100
684000000,3,4,5,100
685000000,3,4,5,100
686000000,3,4,5,100
687000000,3,4,5,100
688000000,3,4,5,100
689000000,3,4,5,100
690000000,3,4,5,100
691000000,3,4,5,100
692000000,3,4,5,100
693000000,3,4,5,100
694000000,3,4,5,100
695000000,3,4,5,100
696000000,3,4,5,100
697000000,3,4,5,100
698000000,3,4,5,100
699000000,3,4,5,100
700000000,3,4,5,100
701000000,3,4,5,100
702000000,3,4,5,100
703000000,3,4,5,100
704000000,3,4,5,100
705000000,3,4,5,100
706000000,3,4,5,100
707000000,3,4,5,100
708000000,3,4,5,100
709000000,3,4,5,100
710000000,3,4,5,100
711000000,3,4,5,100
712000000,3,4,5,100
713000000,3,4,5,100
714000000,3,4,5,100
715000000,3,4,5,100
716000000,3,4,5,100
717000000,3,4,5,100
718000000,3,4,5,100
719000000,3,4,5,100
720000000,3,4,5,100
721000000,3,4,5,100
722000000,3,4,5,100
723000000,3,4,5,100
724000000,3,4,5,100
725000000,3,4,5,100
726000000,3,4,5,100
727000000,3,4,5,100
728000000,3,4,5,100
729000000,3,4,5,100
730000000,3,4,5,100
731000000,3,4,5,100
732000000,3,4,5,100
733000000,3,4,5,100
734000000,3,4,5,100
735000000,3,4,5,100
736000000,3,4,5,100
737000000,3,4,5,100
738000000,3,4,5,100
739000000,3,4,5,100
740000000,3,4,5,100
741000000,3,4,5,100
742000000,3,4,5,100
743000000,3,4,5,100
744000000,3,4,5,100
745000000,3,4,5,100
746000000,3,4,5,100
747000000,3,4,5,100
748000000,3,4,5,100
749000000,3,4,5,100
750000000,3,4,5,100
751000000,3,4,5,100
752000000,3,4,5,100
753000000,3,4,5,100
754000000,3,4,5,100
755000000,3,4,5,100
756000000,3,4,5,100
757000000,3,4,5,100
758000000,3,4,5,100
759000000,3,4,5,100
760000000,3,4,5,100
761000000,3,4,5,100
762000000,3,4,5,100
763000000,3,4,5,100
764000000,3,4,5,100
765000000,3,4,5,100
766000000,3,4,5,100
767000000,3,4,5,100
768000000,3,4,5,100
769000000,3,4,5,100
770000000,3,4,5,100
771000000,3,4,5,100
772000000,3,4,5,100
773000000,3,4,5,100
774000000,3,4,5,100
775000000,3,4,5,100
776000000,3,4,5,100
777000000,3,4,5,100
778000000,3,4,5,100
779000000,3,4,5,100
780000000,3,4,5,100
781000000,3,4,5,100
782000000,3,4,5,100
783000000,3,4,5,100
784000000,3,4,5,100
785000000,3,4,5,100
786000000,3,4,5,100
787000000,3,4,5,100
788000000,3,4,5,100
789000000,3,4,5,100
790000000,3,4,5,100
791000000,3,4,5,100
792000000,3,4,5,100
793000000,3,4,5,100
794000000,3,4,5,100
795000000,3,4,5,100
796000000,3,4,5,100
797000000,3,4,5,100
798000000,3,4,5,100
799000000,3,4,5,100
800000000,3,4,5,100
801000000,3,4,5,100
802000000,3,4,5,100
803000000,3,4,5,100
804000000,3,4,5,100
805000000,3,4,5,100
806000000,3,4,5,100
807000000,3,4,5,100
808000000,3,4,5,100
809000000,3,4,5,0
810000000,3,4,5,0
811000000,3,4,5,0
812000000,3,4,5,0
813000000,3,4,5,0
814000000,3,4,5,0
815000000,3,4,5,0
816000000,3,4,5,0
817000000,3,4,5,0
818000000,3,4,5,0
819000000,3,4,5,0
820000000,3,4,5,0
821000000,3,4,5,0
822000000,3,4,5,0
823000000,3,4,5,0
824000000,3,4,5,0
825000000,3,4,5,0
826000000,3,4,5,0
827000000,3,4,5,0
828000000,3,4,5,0
829000000,3,4,5,0
830000000,3,4,5,0
831000000,3,4,5,0
832000000,3,4,5,0
833000000,3,4,5,0
834000000,3,4,5,0
835000000,3,4,5,0
836000000,3,4,5,0
837000000,3,4,5,0
838000000,3,4,5,0
839000000,3,4,5,0
840000000,3,4,5,0
841000000,3,4,5,0
842000000,3,4,5,0
843000000,3,4,5,0
844000000,3,4,5,0
845000000,3,4,5,0
846000000,3,4,5,0
847000000,3,4,5,0
848000000,3,4,5,0
849000000,3,4,5,0
850000000,3,4,5,0
851000000,3,4,5,0
852000000,3,4,5,0
853000000,3,4,5,0
854000000,3,4,5,0
855000000,3,4,5,0
856000000,3,4,5,0
857000000,3,4,5,0
858000000,3,4,5,0
859000000,3,4,5,0
860000000,3,4,5,0
861000000,3,4,5,0
862000000,3,4,5,0
863000000,3,4,5,0
864000000,3,4,5,0
865000000,3,4,5,0
866000000,3,4,5,0
867000000,3,4,5,0
868000000,3,4,5,0
869000000,3,4,5,0
870000000,3,4,5,0
871000000,3,4,5,0
872000000,3,4,5,0
873000000,3,4,5,0
874000000,3,4,5,0
875000000,3,4,5,0
876000000,3,4,5,0
877000000,3,4,5,0
878000000,3,4,5,0
879000000,3,4,5,0
880000000,3,4,5,0
881000000,3,4,5,0
882000000,3,4,5,0
883000000,3,4,5,0
884000000,3,4,5,0
885000000,3,4,5,0
886000000,3,4,5,0
887000000,3,4,5,0
888000000,3,4,5,0
889000000,3,4,5,0
890000000,3,4,5,0
891000000,3,4,5,0
892000000,3,4,5,0
893000000,3,4,5,0
894000000,3,4,5,0
895000000,3,4,5,0
896000000,3,4,5,0
897000000,3,4,5,0
898000000,3,4,5,0
899000000,3,4,5,0
900000000,3,4,5,0
901000000,3,4,5,0
902000000,3,4,5,0
903000000,3,4,5,0
904000000,3,4,5,0
905000000,3,4,5,0
906000000,3,4,5,0
907000000,3,4,5,0
908000000,3,4,5,0
909000000,3,4,5,0
910000000,3,4,5,0
911000000,3,4,5,0
912000000,3,4,5,0
913000000,3,4,5,0
914000000,3,4,5,0
915000000,3,4,5,0
916000000,3,4,5,0
917000000,3,4,5,0
918000000,3,4,5,0
919000000,3,4,5,0
920000000,3,4,5,0
921000000,3,4,5,0
922000000,3,4,5,0
923000000,3,4,5,0
924000000,3,4,5,0
925000000,3,4,5,0
926000000,3,4,5,0
927000000,3,4,5,0
928000000,3,4,5,0
929000000,3,4,5,0
930000000,3,4,5,0
931000000,3,4,5,0
932000000,3,4,5,0
933000000,3,4,5,0
934000000,3,4,5,0
935000000,3,4,5,0
936000000,3,4,5,0
937000000,3,4,5,0
938000000,3,4,5,0
939000000,3,4,5,0
940000000,3,4,5,0
941000000,3,4,5,0
942000000,3,4,5,0
943000000,3,4,5,0
944000000,3,4,5,0
945000000,3,4,5,0
946000000,3,4,5,0
947000000,3,4,5,0
948000000,3,4,5,0
949000000,3,4,5,0
950000000,3,4,5,0
951000000,3,4,5,0
952000000,3,4,5,0
953000000,3,4,5,0
954000000,3,4,5,0
955000000,3,4,5,0
956000000,3,4,5,0
957000000,3,4,5,0
958000000,3,4,5,0
959000000,3,4,5,0
960000000,3,4,5,0
961000000,3,4,5,0
962000000,3,4,5,0
963000000,3,4,5,0
964000000,3,4,5,0
965000000,3,4,5,0
966000000,3,4,5,0
967000000,3,4,5,0
968000000,3,4,5,0
969000000,3,4,5,0
970000000,3,4,5,0
971000000,3,4,5,0
972000000,3,4,5,0
973000000,3,4,5,0
974000000,3,4,5,0
975000000,3,4,5,0
976000000,3,4,5,0
977000000,3,4,5,0
978000000,3,4,5,0
979000000,3,4,5,0
980000000,3,4,5,0
981000000,3,4,5,0
982000000,3,4,5,0
983000000,3,4,5,0
984000000,3,4,5,0
985000000,3,4,5,0
986000000,3,4,5,0
987000000,3,4,5,0
988000000,3,4,5,0
989000000,3,4,5,0
990000000,3,4,5,0
991000000,3,4,5,0
992000000,3,4,5,0
993000000,3,4,5,0
994000000,3,4,5,0
995000000,3,4,5,0
996000000,3,4,5,0
997000000,3,4,5,0
998000000,3,4,5,0
999000000,3,4,5,0
1000000,3,5,5,136
2000000,3,5,5,172
3000000,3,5,5,200
4000000,3,5,5,200
5000000,3,5,5,200
6000000,3,5,5,200
7000000,3,5,5,200
8000000,3,5,5,200
9000000,3,5,5,200
10000000,3,5,5,200
11000000,3,5,5,200
12000000,3,5,5,200
13000000,3,5,5,200
14000000,3,5,5,200
15000000,3,5,5,200
16000000,3,5,5,200
17000000,3,5,5,200
18000000,3,5,5,200
19000000,3,5,5,200
20000000,3,5,5,200
21000000,3,5,5,200
22000000,3,5,5,200
23000000,3,5,5,200
24000000,3,5,5,200
25000000,3,5,5,200
26000000,3,5,5,200
27000000,3,5,5,200
28000000,3,5,5,200
29000000,3,5,5,200
30000000,3,5,5,200
31000000,3,5,5,200
32000000,3,5,5,200
33000000,3,5,5,200
34000000,3,5,5,200
35000000,3,5,5,200
36000000,3,5,5,200
37000000,3,5,5,200
38000000,3,5,5,200
39000000,3,5,5,200
40000000,3,5,5,200
41000000,3,5,5,200
42000000,3,5,5,200
43000000,3,5,5,200
44000000,3,5,5,200
45000000,3,5,5,200
46000000,3,5,5,200
47000000,3,5,5,200
48000000,3,5,5,200
49000000,3,5,5,200
50000000,3,5,5,200
51000000,3,5,5,200
52000000,3,5,5,200
53000000,3,5,5,200
54000000,3,5,5,200
55000000,3,5,5,200
56000000,3,5,5,200
57000000,3,5,5,200
58000000,3,5,5,200
59000000,3,5,5,200
60000000,3,5,5,200
61000000,3,5,5,200
62000000,3,5,5,200
63000000,3,5,5,200
64000000,3,5,5,200
65000000,3,5,5,200
66000000,3,5,5,200
67000000,3,5,5,200
68000000,3,5,5,200
69000000,3,5,5,200
70000000,3,5,5,200
71000000,3,5,5,200
72000000,3,5,5,200
73000000,3,5,5,200
74000000,3,5,5,200
75000000,3,5,5,200
76000000,3,5,5,200
77000000,3,5,5,200
78000000,3,5,5,200
79000000,3,5,5,200
80000000,3,5,5,200
81000000,3,5,5,200
82000000,3,5,5,200
83000000,3,5,5,200
84000000,3,5,5,200
85000000,3,5,5,200
86000000,3,5,5,200
87000000,3,5,5,200
88000000,3,5,5,200
89000000,3,5,5,200
90000000,3,5,5,200
91000000,3,5,5,200
92000000,3,5,5,200
93000000,3,5,5,200
94000000,3,5,5,200
95000000,3,5,5,200
96000000,3,5,5,200
97000000,3,5,5,200
98000000,3,5,5,200
99000000,3,5,5,200
100000000,3,5,5,200
101000000,3,5,5,200
102000000,3,5,5,200
103000000,3,5,5,200
104000000,3,5,5,200
105000000,3,5,5,200
106000000,3,5,5,200
107000000,3,5,5,200
108000000,3,5,5,200
109000000,3,5,5,200
110000000,3,5,5,200
111000000,3,5,5,200
112000000,3,5,5,200
113000000,3,5,5,200
114000000,3,5,5,200
115000000,3,5,5,200
116000000,3,5,5,200
117000000,3,5,5,200
118000000,3,5,5,200
119000000,3,5,5,200
120000000,3,5,5,200
121000000,3,5,5,200
122000000,3,5,5,200
123000000,3,5,5,200
124000000,3,5,5,200
125000000,3,5,5,200
126000000,3,5,5,200
127000000,3,5,5,200
128000000,3,5,5,200
129000000,3,5,5,200
130000000,3,5,5,200
131000000,3,5,5,200
132000000,3,5,5,200
133000000,3,5,5,200
134000000,3,5,5,200
135000000,3,5,5,200
136000000,3,5,5,200
137000000,3,5,5,200
138000000,3,5,5,200
139000000,3,5,5,200
140000000,3,5,5,200
141000000,3,5,5,200
142000000,3,5,5,200
143000000,3,5,5,200
144000000,3,5,5,200
145000000,3,5,5,200
146000000,3,5,5,200
147000000,3,5,5,200
148000000,3,5,5,200
149000000,3,5,5,200
150000000,3,5,5,200
151000000,3,5,5,200
152000000,3,5,5,200
153000000,3,5,5,200
154000000,3,5,5,200
155000000,3,5,5,200
156000000,3,5,5,200
157000000,3,5,5,200
158000000,3,5,5,200
159000000,3,5,5,200
160000000,3,5,5,200
161000000,3,5,5,200
162000000,3,5,5,200
163000000,3,5,5,200
164000000,3,5,5,200
165000000,3,5,5,200
166000000,3,5,5,200
167000000,3,5,5,200
168000000,3,5,5,200
169000000,3,5,5,200
170000000,3,5,5,200
171000000,3,5,5,200
172000000,3,5,5,200
173000000,3,5,5,200
174000000,3,5,5,200
175000000,3,5,5,200
176000000,3,5,5,200
177000000,3,5,5,200
178000000,3,5,5,200
179000000,3,5,5,200
180000000,3,5,5,200
181000000,3,5,5,200
182000000,3,5,5,200
183000000,3,5,5,200
184000000,3,5,5,200
185000000,3,5,5,200
186000000,3,5,5,200
187000000,3,5,5,200
188000000,3,5,5,200
189000000,3,5,5,200
190000000,3,5,5,200
191000000,3,5,5,200
192000000,3,5,5,200
193000000,3,5,5,200
194000000,3,5,5,200
195000000,3,5,5,200
196000000,3,5,5,200
197000000,3,5,5,200
198000000,3,5,5,200
199000000,3,5,5,200
200000000,3,5,5,200
201000000,3,5,5,236
202000000,3,5,5,272
203000000,3,5,5,300
204000000,3,5,5,300
205000000,3,5,5,300
206000000,3,5,5,300
207000000,3,5,5,300
208000000,3,5,5,300
209000000,3,5,5,300
210000000,3,5,5,300
211000000,3,5,5,300
212000000,3,5,5,300
213000000,3,5,5,300
214000000,3,5,5,300
215000000,3,5,5,300
216000000,3,5,5,300
217000000,3,5,5,300
218000000,3,5,5,300
219000000,3,5,5,300
220000000,3,5,5,300
221000000,3,5,5,300
222000000,3,5,5,300
223000000,3,5,5,300
224000000,3,5,5,300
225000000,3,5,5,300
226000000,3,5,5,300
227000000,3,5,5,300
228000000,3,5,5,300
229000000,3,5,5,300
230000000,3,5,5,300
231000000,3,5,5,300
232000000,3,5,5,300
233000000,3,5,5,300
234000000,3,5,5,300
235000000,3,5,5,300
236000000,3,5,5,300
237000000,3,5,5,300
238000000,3,5,5,300
239000000,3,5,5,300
240000000,3,5,5,300
241000000,3,5,5,300
242000000,3,5,5,300
243000000,3,5,5,300
244000000,3,5,5,300
245000000,3,5,5,300
246000000,3,5,5,300
247000000,3,5,5,300
248000000,3,5,5,300
249000000,3,5,5,300
250000000,3,5,5,300
251000000,3,5,5,300
252000000,3,5,5,300
253000000,3,5,5,300
254000000,3,5,5,300
255000000,3,5,5,300
256000000,3,5,5,300
257000000,3,5,5,300
258000000,3,5,5,300
259000000,3,5,5,300
260000000,3,5,5,300
261000000,3,5,5,300
262000000,3,5,5,300
263000000,3,5,5,300
264000000,3,5,5,300
265000000,3,5,5,300
266000000,3,5,5,300
267000000,3,5,5,300
268000000,3,5,5,300
269000000,3,5,5,300
270000000,3,5,5,300
271000000,3,5,5,300
272000000,3,5,5,300
273000000,3,5,5,300
274000000,3,5,5,300
275000000,3,5,5,300
276000000,3,5,5,300
277000000,3,5,5,300
278000000,3,5,5,300
279000000,3,5,5,300
280000000,3,5,5,300
281000000,3,5,5,300
282000000,3,5,5,300
283000000,3,5,5,300
284000000,3,5,5,300
285000000,3,5,5,300
286000000,3,5,5,300
287000000,3,5,5,300
288000000,3,5,5,300
289000000,3,5,5,300
290000000,3,5,5,300
291000000,3,5,5,300
292000000,3,5,5,300
293000000,3,5,5,300
294000000,3,5,5,300
295000000,3,5,5,300
296000000,3,5,5,300
297000000,3,5,5,300
298000000,3,5,5,300
299000000,3,5,5,300
300000000,3,5,5,300
301000000,3,5,5,300
302000000,3,5,5,300
303000000,3,5,5,300
304000000,3,5,5,300
305000000,3,5,5,300
306000000,3,5,5,300
307000000,3,5,5,300
308000000,3,5,5,300
309000000,3,5,5,300
310000000,3,5,5,300
311000000,3,5,5,300
312000000,3,5,5,300
313000000,3,5,5,300
314000000,3,5,5,300
315000000,3,5,5,300
316000000,3,5,5,300
317000000,3,5,5,300
318000000,3,5,5,300
319000000,3,5,5,300
320000000,3,5,5,300
321000000,3,5,5,300
322000000,3,5,5,300
323000000,3,5,5,300
324000000,3,5,5,300
325000000,3,5,5,300
326000000,3,5,5,300
327000000,3,5,5,300
328000000,3,5,5,300
329000000,3,5,5,300
330000000,3,5,5,300
331000000,3,5,5,300
332000000,3,5,5,300
333000000,3,5,5,300
334000000,3,5,5,300
335000000,3,5,5,300
336000000,3,5,5,300
337000000,3,5,5,300
338000000,3,5,5,300
339000000,3,5,5,300
340000000,3,5,5,300
341000000,3,5,5,300
342000000,3,5,5,300
343000000,3,5,5,300
344000000,3,5,5,300
345000000,3,5,5,300
346000000,3,5,5,300
347000000,3,5,5,300
348000000,3,5,5,300
349000000,3,5,5,300
350000000,3,5,5,300
351000000,3,5,5,300
352000000,3,5,5,300
353000000,3,5,5,300
354000000,3,5,5,300
355000000,3,5,5,300
356000000,3,5,5,300
357000000,3,5,5,300
358000000,3,5,5,300
359000000,3,5,5,300
360000000,3,5,5,300
361000000,3,5,5,300
362000000,3,5,5,300
363000000,3,5,5,300
364000000,3,5,5,300
365000000,3,5,5,300
366000000,3,5,5,300
367000000,3,5,5,300
368000000,3,5,5,300
369000000,3,5,5,300
370000000,3,5,5,300
371000000,3,5,5,300
372000000,3,5,5,300
373000000,3,5,5,300
374000000,3,5,5,300
375000000,3,5,5,300
376000000,3,5,5,300
377000000,3,5,5,300
378000000,3,5,5,300
379000000,3,5,5,300
380000000,3,5,5,300
381000000,3,5,5,300
382000000,3,5,5,300
383000000,3,5,5,300
384000000,3,5,5,300
385000000,3,5,5,300
386000000,3,5,5,300
387000000,3,5,5,300
388000000,3,5,5,300
389000000,3,5,5,300
390000000,3,5,5,300
391000000,3,5,5,300
392000000,3,5,5,300
393000000,3,5,5,300
394000000,3,5,5,300
395000000,3,5,5,300
396000000,3,5,5,300
397000000,3,5,5,300
398000000,3,5,5,300
399000000,3,5,5,300
400000000,3,5,5,300
401000000,3,5,5,300
402000000,3,5,5,300
403000000,3,5,5,300
404000000,3,5,5,300
405000000,3,5,5,300
406000000,3,5,5,200
407000000,3,5,5,200
408000000,3,5,5,200
409000000,3,5,5,200
410000000,3,5,5,200
411000000,3,5,5,200
412000000,3,5,5,200
413000000,3,5,5,200
414000000,3,5,5,200
415000000,3,5,5,200
416000000,3,5,5,200
417000000,3,5,5,200
418000000,3,5,5,200
419000000,3,5,5,200
420000000,3,5,5,200
421000000,3,5,5,200
422000000,3,5,5,200
423000000,3,5,5,200
424000000,3,5,5,200
425000000,3,5,5,200
426000000,3,5,5,200
427000000,3,5,5,200
428000000,3,5,5,200
429000000,3,5,5,200
430000000,3,5,5,200
431000000,3,5,5,200
432000000,3,5,5,200
433000000,3,5,5,200
434000000,3,5,5,200
435000000,3,5,5,200
436000000,3,5,5,200
437000000,3,5,5,200
438000000,3,5,5,200
439000000,3,5,5,200
440000000,3,5,5,200
441000000,3,5,5,200
442000000,3,5,5,200
443000000,3,5,5,200
444000000,3,5,5,200
445000000,3,5,5,200
446000000,3,5,5,200
447000000,3,5,5,200
448000000,3,5,5,200
449000000,3,5,5,200
450000000,3,5,5,200
451000000,3,5,5,200
452000000,3,5,5,200
453000000,3,5,5,200
454000000,3,5,5,200
455000000,3,5,5,200
456000000,3,5,5,200
457000000,3,5,5,200
458000000,3,5,5,200
459000000,3,5,5,200
460000000,3,5,5,200
461000000,3,5,5,200
462000000,3,5,5,200
463000000,3,5,5,200
464000000,3,5,5,200
465000000,3,5,5,200
466000000,3,5,5,200
467000000,3,5,5,200
468000000,3,5,5,200
469000000,3,5,5,200
470000000,3,5,5,200
471000000,3,5,5,200
472000000,3,5,5,200
473000000,3,5,5,200
474000000,3,5,5,200
475000000,3,5,5,200
476000000,3,5,5,200
477000000,3,5,5,200
478000000,3,5,5,200
479000000,3,5,5,200
480000000,3,5,5,200
481000000,3,5,5,200
482000000,3,5,5,200
483000000,3,5,5,200
484000000,3,5,5,200
485000000,3,5,5,200
486000000,3,5,5,200
487000000,3,5,5,200
488000000,3,5,5,200
489000000,3,5,5,200
490000000,3,5,5,200
491000000,3,5,5,200
492000000,3,5,5,200
493000000,3,5,5,200
494000000,3,5,5,200
495000000,3,5,5,200
496000000,3,5,5,200
497000000,3,5,5,200
498000000,3,5,5,200
499000000,3,5,5,200
500000000,3,5,5,200
501000000,3,5,5,200
502000000,3,5,5,200
503000000,3,5,5,200
504000000,3,5,5,200
505000000,3,5,5,200
506000000,3,5,5,200
507000000,3,5,5,200
508000000,3,5,5,200
509000000,3,5,5,200
510000000,3,5,5,200
511000000,3,5,5,200
512000000,3,5,5,200
513000000,3,5,5,200
514000000,3,5,5,200
515000000,3,5,5,200
516000000,3,5,5,200
517000000,3,5,5,200
518000000,3,5,5,200
519000000,3,5,5,200
520000000,3,5,5,200
521000000,3,5,5,200
522000000,3,5,5,200
523000000,3,5,5,200
524000000,3,5,5,200
525000000,3,5,5,200
526000000,3,5,5,200
527000000,3,5,5,200
528000000,3,5,5,200
529000000,3,5,5,200
530000000,3,5,5,200
531000000,3,5,5,200
532000000,3,5,5,200
533000000,3,5,5,200
534000000,3,5,5,200
535000000,3,5,5,200
536000000,3,5,5,200
537000000,3,5,5,200
538000000,3,5,5,200
539000000,3,5,5,200
540000000,3,5,5,200
541000000,3,5,5,200
542000000,3,5,5,200
543000000,3,5,5,200
544000000,3,5,5,200
545000000,3,5,5,200
546000000,3,5,5,200
547000000,3,5,5,200
548000000,3,5,5,200
549000000,3,5,5,200
550000000,3,5,5,200
551000000,3,5,5,200
552000000,3,5,5,200
553000000,3,5,5,200
554000000,3,5,5,200
555000000,3,5,5,200
556000000,3,5,5,200
557000000,3,5,5,200
558000000,3,5,5,200
559000000,3,5,5,200
560000000,3,5,5,200
561000000,3,5,5,200
562000000,3,5,5,200
563000000,3,5,5,200
564000000,3,5,5,200
565000000,3,5,5,200
566000000,3,5,5,200
567000000,3,5,5,200
568000000,3,5,5,200
569000000,3,5,5,200
570000000,3,5,5,200
571000000,3,5,5,200
572000000,3,5,5,200
573000000,3,5,5,200
574000000,3,5,5,200
575000000,3,5,5,200
576000000,3,5,5,200
577000000,3,5,5,200
578000000,3,5,5,200
579000000,3,5,5,200
580000000,3,5,5,200
581000000,3,5,5,200
582000000,3,5,5,200
583000000,3,5,5,200
584000000,3,5,5,200
585000000,3,5,5,200
586000000,3,5,5,200
587000000,3,5,5,200
588000000,3,5,5,200
589000000,3,5,5,200
590000000,3,5,5,200
591000000,3,5,5,200
592000000,3,5,5,200
593000000,3,5,5,200
594000000,3,5,5,200
595000000,3,5,5,200
596000000,3,5,5,200
597000000,3,5,5,200
598000000,3,5,5,200
599000000,3,5,5,200
600000000,3,5,5,200
601000000,3,5,5,200
602000000,3,5,5,200
603000000,3,5,5,200
604000000,3,5,5,200
605000000,3,5,5,200
606000000,3,5,5,200
607000000,3,5,5,200
608000000,3,5,5,200
609000000,3,5,5,200
610000000,3,5,5,200
611000000,3,5,5,200
612000000,3,5,5,200
613000000,3,5,5,200
614000000,3,5,5,200
615000000,3,5,5,200
616000000,3,5,5,200
617000000,3,5,5,200
618000000,3,5,5,200
619000000,3,5,5,200
620000000,3,5,5,200
621000000,3,5,5,200
622000000,3,5,5,200
623000000,3,5,5,200
624000000,3,5,5,200
625000000,3,5,5,200
626000000,3,5,5,200
627000000,3,5,5,200
628000000,3,5,5,200
629000000,3,5,5,200
630000000,3,5,5,200
631000000,3,5,5,200
632000000,3,5,5,200
633000000,3,5,5,200
634000000,3,5,5,200
635000000,3,5,5,200
636000000,3,5,5,200
637000000,3,5,5,200
638000000,3,5,5,200
639000000,3,5,5,200
640000000,3,5,5,200
641000000,3,5,5,200
642000000,3,5,5,200
643000000,3,5,5,200
644000000,3,5,5,200
645000000,3,5,5,200
646000000,3,5,5,200
647000000,3,5,5,200
648000000,3,5,5,200
649000000,3,5,5,200
650000000,3,5,5,200
651000000,3,5,5,200
652000000,3,5,5,200
653000000,3,5,5,200
654000000,3,5,5,200
655000000,3,5,5,200
656000000,3,5,5,200
657000000,3,5,5,200
658000000,3,5,5,200
659000000,3,5,5,200
660000000,3,5,5,200
661000000,3,5,5,200
662000000,3,5,5,200
663000000,3,5,5,200
664000000,3,5,5,200
665000000,3,5,5,200
666000000,3,5,5,200
667000000,3,5,5,200
668000000,3,5,5,200
669000000,3,5,5,200
670000000,3,5,5,200
671000000,3,5,5,200
672000000,3,5,5,200
673000000,3,5,5,200
674000000,3,5,5,200
675000000,3,5,5,200
676000000,3,5,5,200
677000000,3,5,5,200
678000000,3,5,5,200
679000000,3,5,5,200
680000000,3,5,5,200
681000000,3,5,5,200
682000000,3,5,5,200
683000000,3,5,5,200
684000000,3,5,5,200
685000000,3,5,5,200
686000000,3,5,5,200
687000000,3,5,5,200
688000000,3,5,5,200
689000000,3,5,5,200
690000000,3,5,5,200
691000000,3,5,5,200
692000000,3,5,5,200
693000000,3,5,5,200
694000000,3,5,5,200
695000000,3,5,5,200
696000000,3,5,5,200
697000000,3,5,5,200
698000000,3,5,5,200
699000000,3,5,5,200
700000000,3,5,5,200
701000000,3,5,5,200
702000000,3,5,5,200
703000000,3,5,5,200
704000000,3,5,5,200
705000000,3,5,5,200
706000000,3,5,5,200
707000000,3,5,5,200
708000000,3,5,5,200
709000000,3,5,5,200
710000000,3,5,5,200
711000000,3,5,5,200
712000000,3,5,5,200
713000000,3,5,5,200
714000000,3,5,5,200
715000000,3,5,5,200
716000000,3,5,5,200
717000000,3,5,5,200
718000000,3,5,5,200
719000000,3,5,5,200
720000000,3,5,5,200
721000000,3,5,5,200
722000000,3,5,5,200
723000000,3,5,5,200
724000000,3,5,5,200
725000000,3,5,5,200
726000000,3,5,5,200
727000000,3,5,5,200
728000000,3,5,5,200
729000000,3,5,5,200
730000000,3,5,5,200
731000000,3,5,5,200
732000000,3,5,5,200
733000000,3,5,5,200
734000000,3,5,5,200
735000000,3,5,5,200
736000000,3,5,5,200
737000000,3,5,5,200
738000000,3,5,5,200
739000000,3,5,5,200
740000000,3,5,5,200
741000000,3,5,5,200
742000000,3,5,5,200
743000000,3,5,5,200
744000000,3,5,5,200
745000000,3,5,5,200
746000000,3,5,5,200
747000000,3,5,5,200
748000000,3,5,5,200
749000000,3,5,5,200
750000000,3,5,5,200
751000000,3,5,5,200
752000000,3,5,5,200
753000000,3,5,5,200
754000000,3,5,5,200
755000000,3,5,5,200
756000000,3,5,5,200
757000000,3,5,5,200
758000000,3,5,5,200
759000000,3,5,5,200
760000000,3,5,5,200
761000000,3,5,5,200
762000000,3,5,5,200
763000000,3,5,5,200
764000000,3,5,5,200
765000000,3,5,5,200
766000000,3,5,5,200
767000000,3,5,5,200
768000000,3,5,5,200
769000000,3,5,5,200
770000000,3,5,5,200
771000000,3,5,5,200
772000000,3,5,5,200
773000000,3,5,5,200
774000000,3,5,5,200
775000000,3,5,5,200
776000000,3,5,5,200
777000000,3,5,5,200
778000000,3,5,5,200
779000000,3,5,5,200
780000000,3,5,5,200
781000000,3,5,5,200
782000000,3,5,5,200
783000000,3,5,5,200
784000000,3,5,5,200
785000000,3,5,5,200
786000000,3,5,5,200
787000000,3,5,5,200
788000000,3,5,5,200
789000000,3,5,5,200
790000000,3,5,5,200
791000000,3,5,5,200
792000000,3,5,5,200
793000000,3,5,5,200
794000000,3,5,5,200
795000000,3,5,5,200
796000000,3,5,5,200
797000000,3,5,5,200
798000000,3,5,5,200
799000000,3,5,5,200
800000000,3,5,5,200
801000000,3,5,5,200
802000000,3,5,5,200
803000000,3,5,5,200
804000000,3,5,5,200
805000000,3,5,5,200
806000000,3,5,5,200
807000000,3,5,5,200
808000000,3,5,5,200
809000000,3,5,5,100
810000000,3,5,5,100
811000000,3,5,5,0
812000000,3,5,5,0
813000000,3,5,5,0
814000000,3,5,5,0
815000000,3,5,5,0
816000000,3,5,5,0
817000000,3,5,5,0
818000000,3,5,5,0
819000000,3,5,5,0
820000000,3,5,5,0
821000000,3,5,5,0
822000000,3,5,5,0
823000000,3,5,5,0
824000000,3,5,5,0
825000000,3,5,5,0
826000000,3,5,5,0
827000000,3,5,5,0
828000000,3,5,5,0
829000000,3,5,5,0
830000000,3,5,5,0
831000000,3,5,5,0
832000000,3,5,5,0
833000000,3,5,5,0
834000000,3,5,5,0
835000000,3,5,5,0
836000000,3,5,5,0
837000000,3,5,5,0
838000000,3,5,5,0
839000000,3,5,5,0
840000000,3,5,5,0
841000000,3,5,5,0
842000000,3,5,5,0
843000000,3,5,5,0
844000000,3,5,5,0
845000000,3,5,5,0
846000000,3,5,5,0
847000000,3,5,5,0
848000000,3,5,5,0
849000000,3,5,5,0
850000000,3,5,5,0
851000000,3,5,5,0
852000000,3,5,5,0
853000000,3,5,5,0
854000000,3,5,5,0
855000000,3,5,5,0
856000000,3,5,5,0
857000000,3,5,5,0
858000000,3,5,5,0
859000000,3,5,5,0
860000000,3,5,5,0
861000000,3,5,5,0
862000000,3,5,5,0
863000000,3,5,5,0
864000000,3,5,5,0
865000000,3,5,5,0
866000000,3,5,5,0
867000000,3,5,5,0
868000000,3,5,5,0
869000000,3,5,5,0
870000000,3,5,5,0
871000000,3,5,5,0
872000000,3,5,5,0
873000000,3,5,5,0
874000000,3,5,5,0
875000000,3,5,5,0
876000000,3,5,5,0
877000000,3,5,5,0
878000000,3,5,5,0
879000000,3,5,5,0
880000000,3,5,5,0
881000000,3,5,5,0
882000000,3,5,5,0
883000000,3,5,5,0
884000000,3,5,5,0
885000000,3,5,5,0
886000000,3,5,5,0
887000000,3,5,5,0
888000000,3,5,5,0
889000000,3,5,5,0
890000000,3,5,5,0
891000000,3,5,5,0
892000000,3,5,5,0
893000000,3,5,5,0
894000000,3,5,5,0
895000000,3,5,5,0
896000000,3,5,5,0
897000000,3,5,5,0
898000000,3,5,5,0
899000000,3,5,5,0
900000000,3,5,5,0
901000000,3,5,5,0
902000000,3,5,5,0
903000000,3,5,5,0
904000000,3,5,5,0
905000000,3,5,5,0
906000000,3,5,5,0
907000000,3,5,5,0
908000000,3,5,5,0
909000000,3,5,5,0
910000000,3,5,5,0
911000000,3,5,5,0
912000000,3,5,5,0
913000000,3,5,5,0
914000000,3,5,5,0
915000000,3,5,5,0
916000000,3,5,5,0
917000000,3,5,5,0
918000000,3,5,5,0
919000000,3,5,5,0
920000000,3,5,5,0
921000000,3,5,5,0
922000000,3,5,5,0
923000000,3,5,5,0
924000000,3,5,5,0
925000000,3,5,5,0
926000000,3,5,5,0
927000000,3,5,5,0
928000000,3,5,5,0
929000000,3,5,5,0
930000000,3,5,5,0
931000000,3,5,5,0
932000000,3,5,5,0
933000000,3,5,5,0
934000000,3,5,5,0
935000000,3,5,5,0
936000000,3,5,5,0
937000000,3,5,5,0
938000000,3,5,5,0
939000000,3,5,5,0
940000000,3,5,5,0
941000000,3,5,5,0
942000000,3,5,5,0
943000000,3,5,5,0
944000000,3,5,5,0
945000000,3,5,5,0
946000000,3,5,5,0
947000000,3,5,5,0
948000000,3,5,5,0
949000000,3,5,5,0
950000000,3,5,5,0
951000000,3,5,5,0
952000000,3,5,5,0
953000000,3,5,5,0
954000000,3,5,5,0
955000000,3,5,5,0
956000000,3,5,5,0
957000000,3,5,5,0
958000000,3,5,5,0
959000000,3,5,5,0
960000000,3,5,5,0
961000000,3,5,5,0
962000000,3,5,5,0
963000000,3,5,5,0
964000000,3,5,5,0
965000000,3,5,5,0
966000000,3,5,5,0
967000000,3,5,5,0
968000000,3,5,5,0
969000000,3,5,5,0
970000000,3,5,5,0
971000000,3,5,5,0
972000000,3,5,5,0
973000000,3,5,5,0
974000000,3,5,5,0
975000000,3,5,5,0
976000000,3,5,5,0
977000000,3,5,5,0
978000000,3,5,5,0
979000000,3,5,5,0
980000000,3,5,5,0
981000000,3,5,5,0
982000000,3,5,5,0
983000000,3,5,5,0
984000000,3,5,5,0
985000000,3,5,5,0
986000000,3,5,5,0
987000000,3,5,5,0
988000000,3,5,5,0
989000000,3,5,5,0
990000000,3,5,5,0
991000000,3,5,5,0
992000000,3,5,5,0
993000000,3,5,5,0
994000000,3,5,5,0
995000000,3,5,5,0
996000000,3,5,5,0
997000000,3,5,5,0
998000000,3,5,5,0
999000000,3,5,5,0
1000000,4,1,5,136
2000000,4,1,5,172
3000000,4,1,5,200
4000000,4,1,5,200
5000000,4,1,5,200
6000000,4,1,5,200
7000000,4,1,5,200
8000000,4,1,5,200
9000000,4,1,5,200
10000000,4,1,5,200
11000000,4,1,5,236
12000000,4,1,5,272
13000000,4,1,5,300
14000000,4,1,5,300
15000000,4,1,5,300
16000000,4,1,5,300
17000000,4,1,5,300
18000000,4,1,5,300
19000000,4,1,5,300
20000000,4,1,5,300
21000000,4,1,5,300
22000000,4,1,5,300
23000000,4,1,5,300
24000000,4,1,5,300
25000000,4,1,5,300
26000000,4,1,5,300
27000000,4,1,5,300
28000000,4,1,5,300
29000000,4,1,5,300
30000000,4,1,5,300
31000000,4,1,5,300
32000000,4,1,5,300
33000000,4,1,5,300
34000000,4,1,5,300
35000000,4,1,5,300
36000000,4,1,5,300
37000000,4,1,5,300
38000000,4,1,5,300
39000000,4,1,5,300
40000000,4,1,5,300
41000000,4,1,5,300
42000000,4,1,5,300
43000000,4,1,5,300
44000000,4,1,5,300
45000000,4,1,5,300
46000000,4,1,5,300
47000000,4,1,5,300
48000000,4,1,5,300
49000000,4,1,5,300
50000000,4,1,5,300
51000000,4,1,5,300
52000000,4,1,5,300
53000000,4,1,5,300
54000000,4,1,5,300
55000000,4,1,5,300
56000000,4,1,5,300
57000000,4,1,5,300
58000000,4,1,5,300
59000000,4,1,5,300
60000000,4,1,5,300
61000000,4,1,5,300
62000000,4,1,5,300
63000000,4,1,5,300
64000000,4,1,5,300
65000000,4,1,5,300
66000000,4,1,5,300
67000000,4,1,5,300
68000000,4,1,5,300
69000000,4,1,5,300
70000000,4,1,5,300
71000000,4,1,5,300
72000000,4,1,5,300
73000000,4,1,5,300
74000000,4,1,5,300
75000000,4,1,5,300
76000000,4,1,5,300
77000000,4,1,5,300
78000000,4,1,5,300
79000000,4,1,5,300
80000000,4,1,5,300
81000000,4,1,5,300
82000000,4,1,5,300
83000000,4,1,5,300
84000000,4,1,5,300
85000000,4,1,5,300
86000000,4,1,5,300
87000000,4,1,5,300
88000000,4,1,5,300
89000000,4,1,5,300
90000000,4,1,5,300
91000000,4,1,5,300
92000000,4,1,5,300
93000000,4,1,5,300
94000000,4,1,5,300
95000000,4,1,5,300
96000000,4,1,5,300
97000000,4,1,5,300
98000000,4,1,5,300
99000000,4,1,5,300
100000000,4,1,5,300
101000000,4,1,5,300
102000000,4,1,5,300
103000000,4,1,5,300
104000000,4,1,5,300
105000000,4,1,5,300
106000000,4,1,5,300
107000000,4,1,5,300
108000000,4,1,5,300
109000000,4,1,5,300
110000000,4,1,5,300
111000000,4,1,5,300
112000000,4,1,5,300
113000000,4,1,5,300
114000000,4,1,5,300
115000000,4,1,5,300
116000000,4,1,5,300
117000000,4,1,5,300
118000000,4,1,5,300
119000000,4,1,5,300
120000000,4,1,5,300
121000000,4,1,5,300
122000000,4,1,5,300
123000000,4,1,5,300
124000000,4,1,5,300
125000000,4,1,5,300
126000000,4,1,5,300
127000000,4,1,5,300
128000000,4,1,5,300
129000000,4,1,5,300
130000000,4,1,5,300
131000000,4,1,5,300
132000000,4,1,5,300
133000000,4,1,5,300
134000000,4,1,5,300
135000000,4,1,5,300
136000000,4,1,5,300
137000000,4,1,5,300
138000000,4,1,5,300
139000000,4,1,5,300
140000000,4,1,5,300
141000000,4,1,5,300
142000000,4,1,5,300
143000000,4,1,5,300
144000000,4,1,5,300
145000000,4,1,5,300
146000000,4,1,5,300
147000000,4,1,5,300
148000000,4,1,5,300
149000000,4,1,5,300
150000000,4,1,5,300
151000000,4,1,5,300
152000000,4,1,5,300
153000000,4,1,5,300
154000000,4,1,5,300
155000000,4,1,5,300
156000000,4,1,5,300
157000000,4,1,5,300
158000000,4,1,5,300
159000000,4,1,5,300
160000000,4,1,5,300
161000000,4,1,5,300
162000000,4,1,5,300
163000000,4,1,5,300
164000000,4,1,5,300
165000000,4,1,5,300
166000000,4,1,5,300
167000000,4,1,5,300
168000000,4,1,5,300
169000000,4,1,5,300
170000000,4,1,5,300
171000000,4,1,5,300
172000000,4,1,5,300
173000000,4,1,5,300
174000000,4,1,5,300
175000000,4,1,5,300
176000000,4,1,5,300
177000000,4,1,5,300
178000000,4,1,5,300
179000000,4,1,5,300
180000000,4,1,5,300
181000000,4,1,5,300
182000000,4,1,5,300
183000000,4,1,5,300
184000000,4,1,5,300
185000000,4,1,5,300
186000000,4,1,5,300
187000000,4,1,5,300
188000000,4,1,5,300
189000000,4,1,5,300
190000000,4,1,5,300
191000000,4,1,5,300
192000000,4,1,5,300
193000000,4,1,5,300
194000000,4,1,5,300
195000000,4,1,5,300
196000000,4,1,5,300
197000000,4,1,5,300
198000000,4,1,5,300
199000000,4,1,5,300
200000000,4,1,5,300
201000000,4,1,5,300
202000000,4,1,5,300
203000000,4,1,5,300
204000000,4,1,5,300
205000000,4,1,5,300
206000000,4,1,5,300
207000000,4,1,5,300
208000000,4,1,5,300
209000000,4,1,5,300
210000000,4,1,5,300
211000000,4,1,5,300
212000000,4,1,5,300
213000000,4,1,5,300
214000000,4,1,5,300
215000000,4,1,5,300
216000000,4,1,5,300
217000000,4,1,5,300
218000000,4,1,5,300
219000000,4,1,5,300
220000000,4,1,5,300
221000000,4,1,5,300
222000000,4,1,5,300
223000000,4,1,5,300
224000000,4,1,5,300
225000000,4,1,5,300
226000000,4,1,5,300
227000000,4,1,5,300
228000000,4,1,5,300
229000000,4,1,5,300
230000000,4,1,5,300
231000000,4,1,5,300
232000000,4,1,5,300
233000000,4,1,5,300
234000000,4,1,5,300
235000000,4,1,5,300
236000000,4,1,5,300
237000000,4,1,5,300
238000000,4,1,5,300
239000000,4,1,5,300
240000000,4,1,5,300
241000000,4,1,5,300
242000000,4,1,5,300
243000000,4,1,5,300
244000000,4,1,5,300
245000000,4,1,5,300
246000000,4,1,5,300
247000000,4,1,5,300
248000000,4,1,5,300
249000000,4,1,5,300
250000000,4,1,5,300
251000000,4,1,5,300
252000000,4,1,5,300
253000000,4,1,5,300
254000000,4,1,5,300
255000000,4,1,5,300
256000000,4,1,5,300
257000000,4,1,5,300
258000000,4,1,5,300
259000000,4,1,5,300
260000000,4,1,5,300
261000000,4,1,5,300
262000000,4,1,5,300
263000000,4,1,5,300
264000000,4,1,5,300
265000000,4,1,5,300
266000000,4,1,5,300
267000000,4,1,5,300
268000000,4,1,5,300
269000000,4,1,5,300
270000000,4,1,5,300
271000000,4,1,5,300
272000000,4,1,5,300
273000000,4,1,5,300
274000000,4,1,5,300
275000000,4,1,5,300
276000000,4,1,5,300
277000000,4,1,5,300
278000000,4,1,5,300
279000000,4,1,5,300
280000000,4,1,5,300
281000000,4,1,5,300
282000000,4,1,5,300
283000000,4,1,5,300
284000000,4,1,5,300
285000000,4,1,5,300
286000000,4,1,5,300
287000000,4,1,5,300
288000000,4,1,5,300
289000000,4,1,5,300
290000000,4,1,5,300
291000000,4,1,5,300
292000000,4,1,5,300
293000000,4,1,5,300
294000000,4,1,5,300
295000000,4,1,5,300
296000000,4,1,5,300
297000000,4,1,5,300
298000000,4,1,5,300
299000000,4,1,5,300
300000000,4,1,5,300
301000000,4,1,5,300
302000000,4,1,5,300
303000000,4,1,5,300
304000000,4,1,5,300
305000000,4,1,5,300
306000000,4,1,5,300
307000000,4,1,5,300
308000000,4,1,5,300
309000000,4,1,5,300
310000000,4,1,5,300
311000000,4,1,5,300
312000000,4,1,5,300
313000000,4,1,5,300
314000000,4,1,5,300
315000000,4,1,5,300
316000000,4,1,5,300
317000000,4,1,5,300
318000000,4,1,5,300
319000000,4,1,5,300
320000000,4,1,5,300
321000000,4,1,5,300
322000000,4,1,5,300
323000000,4,1,5,300
324000000,4,1,5,300
325000000,4,1,5,300
326000000,4,1,5,300
327000000,4,1,5,300
328000000,4,1,5,300
329000000,4,1,5,300
330000000,4,1,5,300
331000000,4,1,5,300
332000000,4,1,5,300
333000000,4,1,5,300
334000000,4,1,5,300
335000000,4,1,5,300
336000000,4,1,5,300
337000000,4,1,5,300
338000000,4,1,5,300
339000000,4,1,5,300
340000000,4,1,5,300
341000000,4,1,5,300
342000000,4,1,5,300
343000000,4,1,5,300
344000000,4,1,5,300
345000000,4,1,5,300
346000000,4,1,5,300
347000000,4,1,5,300
348000000,4,1,5,300
349000000,4,1,5,300
350000000,4,1,5,300
351000000,4,1,5,300
352000000,4,1,5,300
353000000,4,1,5,300
354000000,4,1,5,300
355000000,4,1,5,300
356000000,4,1,5,300
357000000,4,1,5,300
358000000,4,1,5,300
359000000,4,1,5,300
360000000,4,1,5,300
361000000,4,1,5,300
362000000,4,1,5,300
363000000,4,1,5,300
364000000,4,1,5,300
365000000,4,1,5,300
366000000,4,1,5,300
367000000,4,1,5,300
368000000,4,1,5,300
369000000,4,1,5,300
370000000,4,1,5,300
371000000,4,1,5,300
372000000,4,1,5,300
373000000,4,1,5,300
374000000,4,1,5,300
375000000,4,1,5,300
376000000,4,1,5,300
377000000,4,1,5,300
378000000,4,1,5,300
379000000,4,1,5,300
380000000,4,1,5,300
381000000,4,1,5,300
382000000,4,1,5,300
383000000,4,1,5,300
384000000,4,1,5,300
385000000,4,1,5,300
386000000,4,1,5,300
387000000,4,1,5,300
388000000,4,1,5,300
389000000,4,1,5,300
390000000,4,1,5,300
391000000,4,1,5,300
392000000,4,1,5,300
393000000,4,1,5,300
394000000,4,1,5,300
395000000,4,1,5,300
396000000,4,1,5,300
397000000,4,1,5,300
398000000,4,1,5,300
399000000,4,1,5,300
400000000,4,1,5,300
401000000,4,1,5,300
402000000,4,1,5,300
403000000,4,1,5,300
404000000,4,1,5,300
405000000,4,1,5,300
406000000,4,1,5,300
407000000,4,1,5,300
408000000,4,1,5,300
409000000,4,1,5,300
410000000,4,1,5,300
411000000,4,1,5,300
412000000,4,1,5,300
413000000,4,1,5,300
414000000,4,1,5,300
415000000,4,1,5,300
416000000,4,1,5,300
417000000,4,1,5,300
418000000,4,1,5,300
419000000,4,1,5,300
420000000,4,1,5,300
421000000,4,1,5,300
422000000,4,1,5,300
423000000,4,1,5,300
424000000,4,1,5,300
425000000,4,1,5,300
426000000,4,1,5,300
427000000,4,1,5,300
428000000,4,1,5,300
429000000,4,1,5,300
430000000,4,1,5,300
431000000,4,1,5,300
432000000,4,1,5,300
433000000,4,1,5,300
434000000,4,1,5,300
435000000,4,1,5,300
436000000,4,1,5,300
437000000,4,1,5,300
438000000,4,1,5,300
439000000,4,1,5,300
440000000,4,1,5,300
441000000,4,1,5,300
442000000,4,1,5,300
443000000,4,1,5,300
444000000,4,1,5,300
445000000,4,1,5,300
446000000,4,1,5,300
447000000,4,1,5,300
448000000,4,1,5,300
449000000,4,1,5,300
450000000,4,1,5,300
451000000,4,1,5,300
452000000,4,1,5,300
453000000,4,1,5,300
454000000,4,1,5,300
455000000,4,1,5,300
456000000,4,1,5,300
457000000,4,1,5,300
458000000,4,1,5,300
459000000,4,1,5,300
460000000,4,1,5,300
461000000,4,1,5,300
462000000,4,1,5,300
463000000,4,1,5,300
464000000,4,1,5,300
465000000,4,1,5,300
466000000,4,1,5,300
467000000,4,1,5,300
468000000,4,1,5,300
469000000,4,1,5,300
470000000,4,1,5,300
471000000,4,1,5,300
472000000,4,1,5,300
473000000,4,1,5,300
474000000,4,1,5,300
475000000,4,1,5,300
476000000,4,1,5,300
477000000,4,1,5,300
478000000,4,1,5,300
479000000,4,1,5,300
480000000,4,1,5,300
481000000,4,1,5,300
482000000,4,1,5,300
483000000,4,1,5,300
484000000,4,1,5,300
485000000,4,1,5,300
486000000,4,1,5,300
487000000,4,1,5,300
488000000,4,1,5,300
489000000,4,1,5,300
490000000,4,1,5,300
491000000,4,1,5,300
492000000,4,1,5,300
493000000,4,1,5,300
494000000,4,1,5,300
495000000,4,1,5,300
496000000,4,1,5,300
497000000,4,1,5,300
498000000,4,1,5,300
499000000,4,1,5,300
500000000,4,1,5,300
501000000,4,1,5,300
502000000,4,1,5,300
503000000,4,1,5,300
504000000,4,1,5,300
505000000,4,1,5,300
506000000,4,1,5,300
507000000,4,1,5,300
508000000,4,1,5,300
509000000,4,1,5,300
510000000,4,1,5,300
511000000,4,1,5,300
512000000,4,1,5,300
513000000,4,1,5,300
514000000,4,1,5,300
515000000,4,1,5,300
516000000,4,1,5,300
517000000,4,1,5,300
518000000,4,1,5,300
519000000,4,1,5,300
520000000,4,1,5,300
521000000,4,1,5,300
522000000,4,1,5,300
523000000,4,1,5,300
524000000,4,1,5,300
525000000,4,1,5,300
526000000,4,1,5,300
527000000,4,1,5,300
528000000,4,1,5,300
529000000,4,1,5,300
530000000,4,1,5,300
531000000,4,1,5,300
532000000,4,1,5,300
533000000,4,1,5,300
534000000,4,1,5,300
535000000,4,1,5,300
536000000,4,1,5,300
537000000,4,1,5,300
538000000,4,1,5,300
539000000,4,1,5,300
540000000,4,1,5,300
541000000,4,1,5,300
542000000,4,1,5,300
543000000,4,1,5,300
544000000,4,1,5,300
545000000,4,1,5,300
546000000,4,1,5,300
547000000,4,1,5,300
548000000,4,1,5,300
549000000,4,1,5,300
550000000,4,1,5,300
551000000,4,1,5,300
552000000,4,1,5,300
553000000,4,1,5,300
554000000,4,1,5,300
555000000,4,1,5,300
556000000,4,1,5,300
557000000,4,1,5,300
558000000,4,1,5,300
559000000,4,1,5,300
560000000,4,1,5,300
561000000,4,1,5,300
562000000,4,1,5,300
563000000,4,1,5,300
564000000,4,1,5,300
565000000,4,1,5,300
566000000,4,1,5,300
567000000,4,1,5,300
568000000,4,1,5,300
569000000,4,1,5,300
570000000,4,1,5,300
571000000,4,1,5,300
572000000,4,1,5,300
573000000,4,1,5,300
574000000,4,1,5,300
575000000,4,1,5,300
576000000,4,1,5,300
577000000,4,1,5,300
578000000,4,1,5,300
579000000,4,1,5,300
580000000,4,1,5,300
581000000,4,1,5,300
582000000,4,1,5,300
583000000,4,1,5,300
584000000,4,1,5,300
585000000,4,1,5,300
586000000,4,1,5,300
587000000,4,1,5,300
588000000,4,1,5,300
589000000,4,1,5,300
590000000,4,1,5,300
591000000,4,1,5,300
592000000,4,1,5,300
593000000,4,1,5,300
594000000,4,1,5,300
595000000,4,1,5,300
596000000,4,1,5,300
597000000,4,1,5,300
598000000,4,1,5,300
599000000,4,1,5,300
600000000,4,1,5,300
601000000,4,1,5,300
602000000,4,1,5,300
603000000,4,1,5,300
604000000,4,1,5,300
605000000,4,1,5,300
606000000,4,1,5,300
607000000,4,1,5,300
608000000,4,1,5,300
609000000,4,1,5,300
610000000,4,1,5,300
611000000,4,1,5,300
612000000,4,1,5,300
613000000,4,1,5,300
614000000,4,1,5,300
615000000,4,1,5,300
616000000,4,1,5,300
617000000,4,1,5,300
618000000,4,1,5,300
619000000,4,1,5,300
620000000,4,1,5,300
621000000,4,1,5,300
622000000,4,1,5,300
623000000,4,1,5,300
624000000,4,1,5,300
625000000,4,1,5,300
626000000,4,1,5,300
627000000,4,1,5,300
628000000,4,1,5,300
629000000,4,1,5,300
630000000,4,1,5,300
631000000,4,1,5,300
632000000,4,1,5,300
633000000,4,1,5,300
634000000,4,1,5,300
635000000,4,1,5,300
636000000,4,1,5,300
637000000,4,1,5,300
638000000,4,1,5,300
639000000,4,1,5,300
640000000,4,1,5,300
641000000,4,1,5,300
642000000,4,1,5,300
643000000,4,1,5,300
644000000,4,1,5,300
645000000,4,1,5,300
646000000,4,1,5,300
647000000,4,1,5,300
648000000,4,1,5,300
649000000,4,1,5,300
650000000,4,1,5,300
651000000,4,1,5,300
652000000,4,1,5,300
653000000,4,1,5,300
654000000,4,1,5,300
655000000,4,1,5,300
656000000,4,1,5,300
657000000,4,1,5,300
658000000,4,1,5,300
659000000,4,1,5,300
660000000,4,1,5,300
661000000,4,1,5,300
662000000,4,1,5,300
663000000,4,1,5,300
664000000,4,1,5,300
665000000,4,1,5,300
666000000,4,1,5,300
667000000,4,1,5,300
668000000,4,1,5,300
669000000,4,1,5,300
670000000,4,1,5,300
671000000,4,1,5,300
672000000,4,1,5,300
673000000,4,1,5,300
674000000,4,1,5,300
675000000,4,1,5,300
676000000,4,1,5,300
677000000,4,1,5,300
678000000,4,1,5,300
679000000,4,1,5,300
680000000,4,1,5,300
681000000,4,1,5,300
682000000,4,1,5,300
683000000,4,1,5,300
684000000,4,1,5,300
685000000,4,1,5,300
686000000,4,1,5,300
687000000,4,1,5,300
688000000,4,1,5,300
689000000,4,1,5,300
690000000,4,1,5,300
691000000,4,1,5,300
692000000,4,1,5,300
693000000,4,1,5,300
694000000,4,1,5,300
695000000,4,1,5,300
696000000,4,1,5,300
697000000,4,1,5,300
698000000,4,1,5,300
699000000,4,1,5,300
700000000,4,1,5,300
701000000,4,1,5,300
702000000,4,1,5,300
703000000,4,1,5,300
704000000,4,1,5,300
705000000,4,1,5,300
706000000,4,1,5,300
707000000,4,1,5,300
708000000,4,1,5,300
709000000,4,1,5,300
710000000,4,1,5,300
711000000,4,1,5,300
712000000,4,1,5,300
713000000,4,1,5,300
714000000,4,1,5,300
715000000,4,1,5,300
716000000,4,1,5,300
717000000,4,1,5,300
718000000,4,1,5,300
719000000,4,1,5,300
720000000,4,1,5,300
721000000,4,1,5,300
722000000,4,1,5,300
723000000,4,1,5,300
724000000,4,1,5,300
725000000,4,1,5,300
726000000,4,1,5,300
727000000,4,1,5,300
728000000,4,1,5,300
729000000,4,1,5,300
730000000,4,1,5,300
731000000,4,1,5,300
732000000,4,1,5,300
733000000,4,1,5,300
734000000,4,1,5,300
735000000,4,1,5,300
736000000,4,1,5,300
737000000,4,1,5,300
738000000,4,1,5,300
739000000,4,1,5,300
740000000,4,1,5,300
741000000,4,1,5,300
742000000,4,1,5,300
743000000,4,1,5,300
744000000,4,1,5,300
745000000,4,1,5,300
746000000,4,1,5,300
747000000,4,1,5,300
748000000,4,1,5,300
749000000,4,1,5,300
750000000,4,1,5,300
751000000,4,1,5,300
752000000,4,1,5,300
753000000,4,1,5,300
754000000,4,1,5,300
755000000,4,1,5,300
756000000,4,1,5,300
757000000,4,1,5,300
758000000,4,1,5,300
759000000,4,1,5,300
760000000,4,1,5,300
761000000,4,1,5,300
762000000,4,1,5,300
763000000,4,1,5,300
764000000,4,1,5,300
765000000,4,1,5,300
766000000,4,1,5,300
767000000,4,1,5,300
768000000,4,1,5,300
769000000,4,1,5,300
770000000,4,1,5,300
771000000,4,1,5,300
772000000,4,1,5,300
773000000,4,1,5,300
774000000,4,1,5,300
775000000,4,1,5,300
776000000,4,1,5,300
777000000,4,1,5,300
778000000,4,1,5,300
779000000,4,1,5,300
780000000,4,1,5,300
781000000,4,1,5,300
782000000,4,1,5,300
783000000,4,1,5,300
784000000,4,1,5,300
785000000,4,1,5,300
786000000,4,1,5,300
787000000,4,1,5,300
788000000,4,1,5,300
789000000,4,1,5,300
790000000,4,1,5,300
791000000,4,1,5,300
792000000,4,1,5,300
793000000,4,1,5,300
794000000,4,1,5,300
795000000,4,1,5,300
796000000,4,1,5,300
797000000,4,1,5,300
798000000,4,1,5,300
799000000,4,1,5,300
800000000,4,1,5,300
801000000,4,1,5,300
802000000,4,1,5,300
803000000,4,1,5,300
804000000,4,1,5,300
805000000,4,1,5,300
806000000,4,1,5,300
807000000,4,1,5,300
808000000,4,1,5,300
809000000,4,1,5,200
810000000,4,1,5,200
811000000,4,1,5,200
812000000,4,1,5,200
813000000,4,1,5,200
814000000,4,1,5,200
815000000,4,1,5,200
816000000,4,1,5,200
817000000,4,1,5,200
818000000,4,1,5,200
819000000,4,1,5,100
820000000,4,1,5,100
821000000,4,1,5,0
822000000,4,1,5,0
823000000,4,1,5,0
824000000,4,1,5,0
825000000,4,1,5,0
826000000,4,1,5,0
827000000,4,1,5,0
828000000,4,1,5,0
829000000,4,1,5,0
830000000,4,1,5,0
831000000,4,1,5,0
832000000,4,1,5,0
833000000,4,1,5,0
834000000,4,1,5,0
835000000,4,1,5,0
836000000,4,1,5,0
837000000,4,1,5,0
838000000,4,1,5,0
839000000,4,1,5,0
840000000,4,1,5,0
841000000,4,1,5,0
842000000,4,1,5,0
843000000,4,1,5,0
844000000,4,1,5,0
845000000,4,1,5,0
846000000,4,1,5,0
847000000,4,1,5,0
848000000,4,1,5,0
849000000,4,1,5,0
850000000,4,1,5,0
851000000,4,1,5,0
852000000,4,1,5,0
853000000,4,1,5,0
854000000,4,1,5,0
855000000,4,1,5,0
856000000,4,1,5,0
857000000,4,1,5,0
858000000,4,1,5,0
859000000,4,1,5,0
860000000,4,1,5,0
861000000,4,1,5,0
862000000,4,1,5,0
863000000,4,1,5,0
864000000,4,1,5,0
865000000,4,1,5,0
866000000,4,1,5,0
867000000,4,1,5,0
868000000,4,1,5,0
869000000,4,1,5,0
870000000,4,1,5,0
871000000,4,1,5,0
872000000,4,1,5,0
873000000,4,1,5,0
874000000,4,1,5,0
875000000,4,1,5,0
876000000,4,1,5,0
877000000,4,1,5,0
878000000,4,1,5,0
879000000,4,1,5,0
880000000,4,1,5,0
881000000,4,1,5,0
882000000,4,1,5,0
883000000,4,1,5,0
884000000,4,1,5,0
885000000,4,1,5,0
886000000,4,1,5,0
887000000,4,1,5,0
888000000,4,1,5,0
889000000,4,1,5,0
890000000,4,1,5,0
891000000,4,1,5,0
892000000,4,1,5,0
893000000,4,1,5,0
894000000,4,1,5,0
895000000,4,1,5,0
896000000,4,1,5,0
897000000,4,1,5,0
898000000,4,1,5,0
899000000,4,1,5,0
900000000,4,1,5,0
901000000,4,1,5,0
902000000,4,1,5,0
903000000,4,1,5,0
904000000,4,1,5,0
905000000,4,1,5,0
906000000,4,1,5,0
907000000,4,1,5,0
908000000,4,1,5,0
909000000,4,1,5,0
910000000,4,1,5,0
911000000,4,1,5,0
912000000,4,1,5,0
913000000,4,1,5,0
914000000,4,1,5,0
915000000,4,1,5,0
916000000,4,1,5,0
917000000,4,1,5,0
918000000,4,1,5,0
919000000,4,1,5,0
920000000,4,1,5,0
921000000,4,1,5,0
922000000,4,1,5,0
923000000,4,1,5,0
924000000,4,1,5,0
925000000,4,1,5,0
926000000,4,1,5,0
927000000,4,1,5,0
928000000,4,1,5,0
929000000,4,1,5,0
930000000,4,1,5,0
931000000,4,1,5,0
932000000,4,1,5,0
933000000,4,1,5,0
934000000,4,1,5,0
935000000,4,1,5,0
936000000,4,1,5,0
937000000,4,1,5,0
938000000,4,1,5,0
939000000,4,1,5,0
940000000,4,1,5,0
941000000,4,1,5,0
942000000,4,1,5,0
943000000,4,1,5,0
944000000,4,1,5,0
945000000,4,1,5,0
946000000,4,1,5,0
947000000,4,1,5,0
948000000,4,1,5,0
949000000,4,1,5,0
950000000,4,1,5,0
951000000,4,1,5,0
952000000,4,1,5,0
953000000,4,1,5,0
954000000,4,1,5,0
955000000,4,1,5,0
956000000,4,1,5,0
957000000,4,1,5,0
958000000,4,1,5,0
959000000,4,1,5,0
960000000,4,1,5,0
961000000,4,1,5,0
962000000,4,1,5,0
963000000,4,1,5,0
964000000,4,1,5,0
965000000,4,1,5,0
966000000,4,1,5,0
967000000,4,1,5,0
968000000,4,1,5,0
969000000,4,1,5,0
970000000,4,1,5,0
971000000,4,1,5,0
972000000,4,1,5,0
973000000,4,1,5,0
974000000,4,1,5,0
975000000,4,1,5,0
976000000,4,1,5,0
977000000,4,1,5,0
978000000,4,1,5,0
979000000,4,1,5,0
980000000,4,1,5,0
981000000,4,1,5,0
982000000,4,1,5,0
983000000,4,1,5,0
984000000,4,1,5,0
985000000,4,1,5,0
986000000,4,1,5,0
987000000,4,1,5,0
988000000,4,1,5,0
989000000,4,1,5,0
990000000,4,1,5,0
991000000,4,1,5,0
992000000,4,1,5,0
993000000,4,1,5,0
994000000,4,1,5,0
995000000,4,1,5,0
996000000,4,1,5,0
997000000,4,1,5,0
998000000,4,1,5,0
999000000,4,1,5,0
1000000,4,2,5,136
2000000,4,2,5,172
3000000,4,2,5,200
4000000,4,2,5,200
5000000,4,2,5,200
6000000,4,2,5,200
7000000,4,2,5,200
8000000,4,2,5,200
9000000,4,2,5,200
10000000,4,2,5,200
11000000,4,2,5,236
12000000,4,2,5,272
13000000,4,2,5,300
14000000,4,2,5,300
15000000,4,2,5,300
16000000,4,2,5,300
17000000,4,2,5,300
18000000,4,2,5,300
19000000,4,2,5,300
20000000,4,2,5,300
21000000,4,2,5,336
22000000,4,2,5,372
23000000,4,2,5,400
24000000,4,2,5,400
25000000,4,2,5,400
26000000,4,2,5,400
27000000,4,2,5,400
28000000,4,2,5,400
29000000,4,2,5,400
30000000,4,2,5,400
31000000,4,2,5,400
32000000,4,2,5,400
33000000,4,2,5,400
34000000,4,2,5,400
35000000,4,2,5,400
36000000,4,2,5,400
37000000,4,2,5,400
38000000,4,2,5,400
39000000,4,2,5,400
40000000,4,2,5,400
41000000,4,2,5,400
42000000,4,2,5,400
43000000,4,2,5,400
44000000,4,2,5,400
45000000,4,2,5,400
46000000,4,2,5,400
47000000,4,2,5,400
48000000,4,2,5,400
49000000,4,2,5,400
50000000,4,2,5,400
51000000,4,2,5,400
52000000,4,2,5,400
53000000,4,2,5,400
54000000,4,2,5,400
55000000,4,2,5,400
56000000,4,2,5,400
57000000,4,2,5,400
58000000,4,2,5,400
59000000,4,2,5,400
60000000,4,2,5,400
61000000,4,2,5,400
62000000,4,2,5,400
63000000,4,2,5,400
64000000,4,2,5,400
65000000,4,2,5,400
66000000,4,2,5,400
67000000,4,2,5,400
68000000,4,2,5,400
69000000,4,2,5,400
70000000,4,2,5,400
71000000,4,2,5,400
72000000,4,2,5,400
73000000,4,2,5,400
74000000,4,2,5,400
75000000,4,2,5,400
76000000,4,2,5,400
77000000,4,2,5,400
78000000,4,2,5,400
79000000,4,2,5,400
80000000,4,2,5,400
81000000,4,2,5,400
82000000,4,2,5,400
83000000,4,2,5,400
84000000,4,2,5,400
85000000,4,2,5,400
86000000,4,2,5,400
87000000,4,2,5,400
88000000,4,2,5,400
89000000,4,2,5,400
90000000,4,2,5,400
91000000,4,2,5,400
92000000,4,2,5,400
93000000,4,2,5,400
94000000,4,2,5,400
95000000,4,2,5,400
96000000,4,2,5,400
97000000,4,2,5,400
98000000,4,2,5,400
99000000,4,2,5,400
100000000,4,2,5,400
101000000,4,2,5,400
102000000,4,2,5,400
103000000,4,2,5,400
104000000,4,2,5,400
105000000,4,2,5,400
106000000,4,2,5,400
107000000,4,2,5,400
108000000,4,2,5,400
109000000,4,2,5,400
110000000,4,2,5,400
111000000,4,2,5,400
112000000,4,2,5,400
113000000,4,2,5,400
114000000,4,2,5,400
115000000,4,2,5,400
116000000,4,2,5,400
117000000,4,2,5,400
118000000,4,2,5,400
119000000,4,2,5,400
120000000,4,2,5,400
121000000,4,2,5,400
122000000,4,2,5,400
123000000,4,2,5,400
124000000,4,2,5,400
125000000,4,2,5,400
126000000,4,2,5,400
127000000,4,2,5,400
128000000,4,2,5,400
129000000,4,2,5,400
130000000,4,2,5,400
131000000,4,2,5,400
132000000,4,2,5,400
133000000,4,2,5,400
134000000,4,2,5,400
135000000,4,2,5,400
136000000,4,2,5,400
137000000,4,2,5,400
138000000,4,2,5,400
139000000,4,2,5,400
140000000,4,2,5,400
141000000,4,2,5,400
142000000,4,2,5,400
143000000,4,2,5,400
144000000,4,2,5,400
145000000,4,2,5,400
146000000,4,2,5,400
147000000,4,2,5,400
148000000,4,2,5,400
149000000,4,2,5,400
150000000,4,2,5,400
151000000,4,2,5,400
152000000,4,2,5,400
153000000,4,2,5,400
154000000,4,2,5,400
155000000,4,2,5,400
156000000,4,2,5,400
157000000,4,2,5,400
158000000,4,2,5,400
159000000,4,2,5,400
160000000,4,2,5,400
161000000,4,2,5,400
162000000,4,2,5,400
163000000,4,2,5,400
164000000,4,2,5,400
165000000,4,2,5,400
166000000,4,2,5,400
167000000,4,2,5,400
168000000,4,2,5,400
169000000,4,2,5,400
170000000,4,2,5,400
171000000,4,2,5,400
172000000,4,2,5,400
173000000,4,2,5,400
174000000,4,2,5,400
175000000,4,2,5,400
176000000,4,2,5,400
177000000,4,2,5,400
178000000,4,2,5,400
179000000,4,2,5,400
180000000,4,2,5,400
181000000,4,2,5,400
182000000,4,2,5,400
183000000,4,2,5,400
184000000,4,2,5,400
185000000,4,2,5,400
186000000,4,2,5,400
187000000,4,2,5,400
188000000,4,2,5,400
189000000,4,2,5,400
190000000,4,2,5,400
191000000,4,2,5,400
192000000,4,2,5,400
193000000,4,2,5,400
194000000,4,2,5,400
195000000,4,2,5,400
196000000,4,2,5,400
197000000,4,2,5,400
198000000,4,2,5,400
199000000,4,2,5,400
200000000,4,2,5,400
201000000,4,2,5,400
202000000,4,2,5,400
203000000,4,2,5,400
204000000,4,2,5,400
205000000,4,2,5,400
206000000,4,2,5,400
207000000,4,2,5,400
208000000,4,2,5,400
209000000,4,2,5,400
210000000,4,2,5,400
211000000,4,2,5,400
212000000,4,2,5,400
213000000,4,2,5,400
214000000,4,2,5,400
215000000,4,2,5,400
216000000,4,2,5,400
217000000,4,2,5,400
218000000,4,2,5,400
219000000,4,2,5,400
220000000,4,2,5,400
221000000,4,2,5,400
222000000,4,2,5,400
223000000,4,2,5,400
224000000,4,2,5,400
225000000,4,2,5,400
226000000,4,2,5,400
227000000,4,2,5,400
228000000,4,2,5,400
229000000,4,2,5,400
230000000,4,2,5,400
231000000,4,2,5,400
232000000,4,2,5,400
233000000,4,2,5,400
234000000,4,2,5,400
235000000,4,2,5,400
236000000,4,2,5,400
237000000,4,2,5,400
238000000,4,2,5,400
239000000,4,2,5,400
240000000,4,2,5,400
241000000,4,2,5,400
242000000,4,2,5,400
243000000,4,2,5,400
244000000,4,2,5,400
245000000,4,2,5,400
246000000,4,2,5,400
247000000,4,2,5,400
248000000,4,2,5,400
249000000,4,2,5,400
250000000,4,2,5,400
251000000,4,2,5,400
252000000,4,2,5,400
253000000,4,2,5,400
254000000,4,2,5,400
255000000,4,2,5,400
256000000,4,2,5,400
257000000,4,2,5,400
258000000,4,2,5,400
259000000,4,2,5,400
260000000,4,2,5,400
261000000,4,2,5,400
262000000,4,2,5,400
263000000,4,2,5,400
264000000,4,2,5,400
265000000,4,2,5,400
266000000,4,2,5,400
267000000,4,2,5,400
268000000,4,2,5,400
269000000,4,2,5,400
270000000,4,2,5,400
271000000,4,2,5,400
272000000,4,2,5,400
273000000,4,2,5,400
274000000,4,2,5,400
275000000,4,2,5,400
276000000,4,2,5,400
277000000,4,2,5,400
278000000,4,2,5,400
279000000,4,2,5,400
280000000,4,2,5,400
281000000,4,2,5,400
282000000,4,2,5,400
283000000,4,2,5,400
284000000,4,2,5,400
285000000,4,2,5,400
286000000,4,2,5,400
287000000,4,2,5,400
288000000,4,2,5,400
289000000,4,2,5,400
290000000,4,2,5,400
291000000,4,2,5,400
292000000,4,2,5,400
293000000,4,2,5,400
294000000,4,2,5,400
295000000,4,2,5,400
296000000,4,2,5,400
297000000,4,2,5,400
298000000,4,2,5,400
299000000,4,2,5,400
300000000,4,2,5,400
301000000,4,2,5,400
302000000,4,2,5,400
303000000,4,2,5,400
304000000,4,2,5,400
305000000,4,2,5,400
306000000,4,2,5,400
307000000,4,2,5,400
308000000,4,2,5,400
309000000,4,2,5,400
310000000,4,2,5,400
311000000,4,2,5,400
312000000,4,2,5,400
313000000,4,2,5,400
314000000,4,2,5,400
315000000,4,2,5,400
316000000,4,2,5,400
317000000,4,2,5,400
318000000,4,2,5,400
319000000,4,2,5,400
320000000,4,2,5,400
321000000,4,2,5,400
322000000,4,2,5,400
323000000,4,2,5,400
324000000,4,2,5,400
325000000,4,2,5,400
326000000,4,2,5,400
327000000,4,2,5,400
328000000,4,2,5,400
329000000,4,2,5,400
330000000,4,2,5,400
331000000,4,2,5,400
332000000,4,2,5,400
333000000,4,2,5,400
334000000,4,2,5,400
335000000,4,2,5,400
336000000,4,2,5,400
337000000,4,2,5,400
338000000,4,2,5,400
339000000,4,2,5,400
340000000,4,2,5,400
341000000,4,2,5,400
342000000,4,2,5,400
343000000,4,2,5,400
344000000,4,2,5,400
345000000,4,2,5,400
346000000,4,2,5,400
347000000,4,2,5,400
348000000,4,2,5,400
349000000,4,2,5,400
350000000,4,2,5,400
351000000,4,2,5,400
352000000,4,2,5,400
353000000,4,2,5,400
354000000,4,2,5,400
355000000,4,2,5,400
356000000,4,2,5,400
357000000,4,2,5,400
358000000,4,2,5,400
359000000,4,2,5,400
360000000,4,2,5,400
361000000,4,2,5,400
362000000,4,2,5,400
363000000,4,2,5,400
364000000,4,2,5,400
365000000,4,2,5,400
366000000,4,2,5,400
367000000,4,2,5,400
368000000,4,2,5,400
369000000,4,2,5,400
370000000,4,2,5,400
371000000,4,2,5,400
372000000,4,2,5,400
373000000,4,2,5,400
374000000,4,2,5,400
375000000,4,2,5,400
376000000,4,2,5,400
377000000,4,2,5,400
378000000,4,2,5,400
379000000,4,2,5,400
380000000,4,2,5,400
381000000,4,2,5,400
382000000,4,2,5,400
383000000,4,2,5,400
384000000,4,2,5,400
385000000,4,2,5,400
386000000,4,2,5,400
387000000,4,2,5,400
388000000,4,2,5,400
389000000,4,2,5,400
390000000,4,2,5,400
391000000,4,2,5,400
392000000,4,2,5,400
393000000,4,2,5,400
394000000,4,2,5,400
395000000,4,2,5,400
396000000,4,2,5,400
397000000,4,2,5,400
398000000,4,2,5,400
399000000,4,2,5,400
400000000,4,2,5,400
401000000,4,2,5,400
402000000,4,2,5,400
403000000,4,2,5,400
404000000,4,2,5,400
405000000,4,2,5,400
406000000,4,2,5,400
407000000,4,2,5,400
408000000,4,2,5,400
409000000,4,2,5,400
410000000,4,2,5,400
411000000,4,2,5,400
412000000,4,2,5,400
413000000,4,2,5,400
414000000,4,2,5,400
415000000,4,2,5,400
416000000,4,2,5,400
417000000,4,2,5,400
418000000,4,2,5,400
419000000,4,2,5,400
420000000,4,2,5,400
421000000,4,2,5,400
422000000,4,2,5,400
423000000,4,2,5,400
424000000,4,2,5,400
425000000,4,2,5,400
426000000,4,2,5,400
427000000,4,2,5,400
428000000,4,2,5,400
429000000,4,2,5,400
430000000,4,2,5,400
431000000,4,2,5,400
432000000,4,2,5,400
433000000,4,2,5,400
434000000,4,2,5,400
435000000,4,2,5,400
436000000,4,2,5,400
437000000,4,2,5,400
438000000,4,2,5,400
439000000,4,2,5,400
440000000,4,2,5,400
441000000,4,2,5,400
442000000,4,2,5,400
443000000,4,2,5,400
444000000,4,2,5,400
445000000,4,2,5,400
446000000,4,2,5,400
447000000,4,2,5,400
448000000,4,2,5,400
449000000,4,2,5,400
450000000,4,2,5,400
451000000,4,2,5,400
452000000,4,2,5,400
453000000,4,2,5,400
454000000,4,2,5,400
455000000,4,2,5,400
456000000,4,2,5,400
457000000,4,2,5,400
458000000,4,2,5,400
459000000,4,2,5,400
460000000,4,2,5,400
461000000,4,2,5,400
462000000,4,2,5,400
463000000,4,2,5,400
464000000,4,2,5,400
465000000,4,2,5,400
466000000,4,2,5,400
467000000,4,2,5,400
468000000,4,2,5,400
469000000,4,2,5,400
470000000,4,2,5,400
471000000,4,2,5,400
472000000,4,2,5,400
473000000,4,2,5,400
474000000,4,2,5,400
475000000,4,2,5,400
476000000,4,2,5,400
477000000,4,2,5,400
478000000,4,2,5,400
479000000,4,2,5,400
480000000,4,2,5,400
481000000,4,2,5,400
482000000,4,2,5,400
483000000,4,2,5,400
484000000,4,2,5,400
485000000,4,2,5,400
486000000,4,2,5,400
487000000,4,2,5,400
488000000,4,2,5,400
489000000,4,2,5,400
490000000,4,2,5,400
491000000,4,2,5,400
492000000,4,2,5,400
493000000,4,2,5,400
494000000,4,2,5,400
495000000,4,2,5,400
496000000,4,2,5,400
497000000,4,2,5,400
498000000,4,2,5,400
499000000,4,2,5,400
500000000,4,2,5,400
501000000,4,2,5,400
502000000,4,2,5,400
503000000,4,2,5,400
504000000,4,2,5,400
505000000,4,2,5,400
506000000,4,2,5,400
507000000,4,2,5,400
508000000,4,2,5,400
509000000,4,2,5,400
510000000,4,2,5,400
511000000,4,2,5,400
512000000,4,2,5,400
513000000,4,2,5,400
514000000,4,2,5,400
515000000,4,2,5,400
516000000,4,2,5,400
517000000,4,2,5,400
518000000,4,2,5,400
519000000,4,2,5,400
520000000,4,2,5,400
521000000,4,2,5,400
522000000,4,2,5,400
523000000,4,2,5,400
524000000,4,2,5,400
525000000,4,2,5,400
526000000,4,2,5,400
527000000,4,2,5,400
528000000,4,2,5,400
529000000,4,2,5,400
530000000,4,2,5,400
531000000,4,2,5,400
532000000,4,2,5,400
533000000,4,2,5,400
534000000,4,2,5,400
535000000,4,2,5,400
536000000,4,2,5,400
537000000,4,2,5,400
538000000,4,2,5,400
539000000,4,2,5,400
540000000,4,2,5,400
541000000,4,2,5,400
542000000,4,2,5,400
543000000,4,2,5,400
544000000,4,2,5,400
545000000,4,2,5,400
546000000,4,2,5,400
547000000,4,2,5,400
548000000,4,2,5,400
549000000,4,2,5,400
550000000,4,2,5,400
551000000,4,2,5,400
552000000,4,2,5,400
553000000,4,2,5,400
554000000,4,2,5,400
555000000,4,2,5,400
556000000,4,2,5,400
557000000,4,2,5,400
558000000,4,2,5,400
559000000,4,2,5,400
560000000,4,2,5,400
561000000,4,2,5,400
562000000,4,2,5,400
563000000,4,2,5,400
564000000,4,2,5,400
565000000,4,2,5,400
566000000,4,2,5,400
567000000,4,2,5,400
568000000,4,2,5,400
569000000,4,2,5,400
570000000,4,2,5,400
571000000,4,2,5,400
572000000,4,2,5,400
573000000,4,2,5,400
574000000,4,2,5,400
575000000,4,2,5,400
576000000,4,2,5,400
577000000,4,2,5,400
578000000,4,2,5,400
579000000,4,2,5,400
580000000,4,2,5,400
581000000,4,2,5,400
582000000,4,2,5,400
583000000,4,2,5,400
584000000,4,2,5,400
585000000,4,2,5,400
586000000,4,2,5,400
587000000,4,2,5,400
588000000,4,2,5,400
589000000,4,2,5,400
590000000,4,2,5,400
591000000,4,2,5,400
592000000,4,2,5,400
593000000,4,2,5,400
594000000,4,2,5,400
595000000,4,2,5,400
596000000,4,2,5,400
597000000,4,2,5,400
598000000,4,2,5,400
599000000,4,2,5,400
600000000,4,2,5,400
601000000,4,2,5,400
602000000,4,2,5,400
603000000,4,2,5,400
604000000,4,2,5,400
605000000,4,2,5,400
606000000,4,2,5,400
607000000,4,2,5,400
608000000,4,2,5,400
609000000,4,2,5,400
610000000,4,2,5,400
611000000,4,2,5,400
612000000,4,2,5,400
613000000,4,2,5,400
614000000,4,2,5,400
615000000,4,2,5,400
616000000,4,2,5,400
617000000,4,2,5,400
618000000,4,2,5,400
619000000,4,2,5,400
620000000,4,2,5,400
621000000,4,2,5,400
622000000,4,2,5,400
623000000,4,2,5,400
624000000,4,2,5,400
625000000,4,2,5,400
626000000,4,2,5,400
627000000,4,2,5,400
628000000,4,2,5,400
629000000,4,2,5,400
630000000,4,2,5,400
631000000,4,2,5,400
632000000,4,2,5,400
633000000,4,2,5,400
634000000,4,2,5,400
635000000,4,2,5,400
636000000,4,2,5,400
637000000,4,2,5,400
638000000,4,2,5,400
639000000,4,2,5,400
640000000,4,2,5,400
641000000,4,2,5,400
642000000,4,2,5,400
643000000,4,2,5,400
644000000,4,2,5,400
645000000,4,2,5,400
646000000,4,2,5,400
647000000,4,2,5,400
648000000,4,2,5,400
649000000,4,2,5,400
650000000,4,2,5,400
651000000,4,2,5,400
652000000,4,2,5,400
653000000,4,2,5,400
654000000,4,2,5,400
655000000,4,2,5,400
656000000,4,2,5,400
657000000,4,2,5,400
658000000,4,2,5,400
659000000,4,2,5,400
660000000,4,2,5,400
661000000,4,2,5,400
662000000,4,2,5,400
663000000,4,2,5,400
664000000,4,2,5,400
665000000,4,2,5,400
666000000,4,2,5,400
667000000,4,2,5,400
668000000,4,2,5,400
669000000,4,2,5,400
670000000,4,2,5,400
671000000,4,2,5,400
672000000,4,2,5,400
673000000,4,2,5,400
674000000,4,2,5,400
675000000,4,2,5,400
676000000,4,2,5,400
677000000,4,2,5,400
678000000,4,2,5,400
679000000,4,2,5,400
680000000,4,2,5,400
681000000,4,2,5,400
682000000,4,2,5,400
683000000,4,2,5,400
684000000,4,2,5,400
685000000,4,2,5,400
686000000,4,2,5,400
687000000,4,2,5,400
688000000,4,2,5,400
689000000,4,2,5,400
690000000,4,2,5,400
691000000,4,2,5,400
692000000,4,2,5,400
693000000,4,2,5,400
694000000,4,2,5,400
695000000,4,2,5,400
696000000,4,2,5,400
697000000,4,2,5,400
698000000,4,2,5,400
699000000,4,2,5,400
700000000,4,2,5,400
701000000,4,2,5,400
702000000,4,2,5,400
703000000,4,2,5,400
704000000,4,2,5,400
705000000,4,2,5,400
706000000,4,2,5,400
707000000,4,2,5,400
708000000,4,2,5,400
709000000,4,2,5,400
710000000,4,2,5,400
711000000,4,2,5,400
712000000,4,2,5,400
713000000,4,2,5,400
714000000,4,2,5,400
715000000,4,2,5,400
716000000,4,2,5,400
717000000,4,2,5,400
718000000,4,2,5,400
719000000,4,2,5,400
720000000,4,2,5,400
721000000,4,2,5,400
722000000,4,2,5,400
723000000,4,2,5,400
724000000,4,2,5,400
725000000,4,2,5,400
726000000,4,2,5,400
727000000,4,2,5,400
728000000,4,2,5,400
729000000,4,2,5,400
730000000,4,2,5,400
731000000,4,2,5,400
732000000,4,2,5,400
733000000,4,2,5,400
734000000,4,2,5,400
735000000,4,2,5,400
736000000,4,2,5,400
737000000,4,2,5,400
738000000,4,2,5,400
739000000,4,2,5,400
740000000,4,2,5,400
741000000,4,2,5,400
742000000,4,2,5,400
743000000,4,2,5,400
744000000,4,2,5,400
745000000,4,2,5,400
746000000,4,2,5,400
747000000,4,2,5,400
748000000,4,2,5,400
749000000,4,2,5,400
750000000,4,2,5,400
751000000,4,2,5,400
752000000,4,2,5,400
753000000,4,2,5,400
754000000,4,2,5,400
755000000,4,2,5,400
756000000,4,2,5,400
757000000,4,2,5,400
758000000,4,2,5,400
759000000,4,2,5,400
760000000,4,2,5,400
761000000,4,2,5,400
762000000,4,2,5,400
763000000,4,2,5,400
764000000,4,2,5,400
765000000,4,2,5,400
766000000,4,2,5,400
767000000,4,2,5,400
768000000,4,2,5,400
769000000,4,2,5,400
770000000,4,2,5,400
771000000,4,2,5,400
772000000,4,2,5,400
773000000,4,2,5,400
774000000,4,2,5,400
775000000,4,2,5,400
776000000,4,2,5,400
777000000,4,2,5,400
778000000,4,2,5,400
779000000,4,2,5,400
780000000,4,2,5,400
781000000,4,2,5,400
782000000,4,2,5,400
783000000,4,2,5,400
784000000,4,2,5,400
785000000,4,2,5,400
786000000,4,2,5,400
787000000,4,2,5,400
788000000,4,2,5,400
789000000,4,2,5,400
790000000,4,2,5,400
791000000,4,2,5,400
792000000,4,2,5,400
793000000,4,2,5,400
794000000,4,2,5,400
795000000,4,2,5,400
796000000,4,2,5,400
797000000,4,2,5,400
798000000,4,2,5,400
799000000,4,2,5,400
800000000,4,2,5,400
801000000,4,2,5,400
802000000,4,2,5,400
803000000,4,2,5,400
804000000,4,2,5,400
805000000,4,2,5,400
806000000,4,2,5,400
807000000,4,2,5,400
808000000,4,2,5,400
809000000,4,2,5,300
810000000,4,2,5,300
811000000,4,2,5,300
812000000,4,2,5,300
813000000,4,2,5,300
814000000,4,2,5,300
815000000,4,2,5,300
816000000,4,2,5,300
817000000,4,2,5,300
818000000,4,2,5,300
819000000,4,2,5,200
820000000,4,2,5,200
821000000,4,2,5,200
822000000,4,2,5,200
823000000,4,2,5,200
824000000,4,2,5,200
825000000,4,2,5,200
826000000,4,2,5,200
827000000,4,2,5,200
828000000,4,2,5,200
829000000,4,2,5,100
830000000,4,2,5,100
831000000,4,2,5,0
832000000,4,2,5,0
833000000,4,2,5,0
834000000,4,2,5,0
835000000,4,2,5,0
836000000,4,2,5,0
837000000,4,2,5,0
838000000,4,2,5,0
839000000,4,2,5,0
840000000,4,2,5,0
841000000,4,2,5,0
842000000,4,2,5,0
843000000,4,2,5,0
844000000,4,2,5,0
845000000,4,2,5,0
846000000,4,2,5,0
847000000,4,2,5,0
848000000,4,2,5,0
849000000,4,2,5,0
850000000,4,2,5,0
851000000,4,2,5,0
852000000,4,2,5,0
853000000,4,2,5,0
854000000,4,2,5,0
855000000,4,2,5,0
856000000,4,2,5,0
857000000,4,2,5,0
858000000,4,2,5,0
859000000,4,2,5,0
860000000,4,2,5,0
861000000,4,2,5,0
862000000,4,2,5,0
863000000,4,2,5,0
864000000,4,2,5,0
865000000,4,2,5,0
866000000,4,2,5,0
867000000,4,2,5,0
868000000,4,2,5,0
869000000,4,2,5,0
870000000,4,2,5,0
871000000,4,2,5,0
872000000,4,2,5,0
873000000,4,2,5,0
874000000,4,2,5,0
875000000,4,2,5,0
876000000,4,2,5,0
877000000,4,2,5,0
878000000,4,2,5,0
879000000,4,2,5,0
880000000,4,2,5,0
881000000,4,2,5,0
882000000,4,2,5,0
883000000,4,2,5,0
884000000,4,2,5,0
885000000,4,2,5,0
886000000,4,2,5,0
887000000,4,2,5,0
888000000,4,2,5,0
889000000,4,2,5,0
890000000,4,2,5,0
891000000,4,2,5,0
892000000,4,2,5,0
893000000,4,2,5,0
894000000,4,2,5,0
895000000,4,2,5,0
896000000,4,2,5,0
897000000,4,2,5,0
898000000,4,2,5,0
899000000,4,2,5,0
900000000,4,2,5,0
901000000,4,2,5,0
902000000,4,2,5,0
903000000,4,2,5,0
904000000,4,2,5,0
905000000,4,2,5,0
906000000,4,2,5,0
907000000,4,2,5,0
908000000,4,2,5,0
909000000,4,2,5,0
910000000,4,2,5,0
911000000,4,2,5,0
912000000,4,2,5,0
913000000,4,2,5,0
914000000,4,2,5,0
915000000,4,2,5,0
916000000,4,2,5,0
917000000,4,2,5,0
918000000,4,2,5,0
919000000,4,2,5,0
920000000,4,2,5,0
921000000,4,2,5,0
922000000,4,2,5,0
923000000,4,2,5,0
924000000,4,2,5,0
925000000,4,2,5,0
926000000,4,2,5,0
927000000,4,2,5,0
928000000,4,2,5,0
929000000,4,2,5,0
930000000,4,2,5,0
931000000,4,2,5,0
932000000,4,2,5,0
933000000,4,2,5,0
934000000,4,2,5,0
935000000,4,2,5,0
936000000,4,2,5,0
937000000,4,2,5,0
938000000,4,2,5,0
939000000,4,2,5,0
940000000,4,2,5,0
941000000,4,2,5,0
942000000,4,2,5,0
943000000,4,2,5,0
944000000,4,2,5,0
945000000,4,2,5,0
946000000,4,2,5,0
947000000,4,2,5,0
948000000,4,2,5,0
949000000,4,2,5,0
950000000,4,2,5,0
951000000,4,2,5,0
952000000,4,2,5,0
953000000,4,2,5,0
954000000,4,2,5,0
955000000,4,2,5,0
956000000,4,2,5,0
957000000,4,2,5,0
958000000,4,2,5,0
959000000,4,2,5,0
960000000,4,2,5,0
961000000,4,2,5,0
962000000,4,2,5,0
963000000,4,2,5,0
964000000,4,2,5,0
965000000,4,2,5,0
966000000,4,2,5,0
967000000,4,2,5,0
968000000,4,2,5,0
969000000,4,2,5,0
970000000,4,2,5,0
971000000,4,2,5,0
972000000,4,2,5,0
973000000,4,2,5,0
974000000,4,2,5,0
975000000,4,2,5,0
976000000,4,2,5,0
977000000,4,2,5,0
978000000,4,2,5,0
979000000,4,2,5,0
980000000,4,2,5,0
981000000,4,2,5,0
982000000,4,2,5,0
983000000,4,2,5,0
984000000,4,2,5,0
985000000,4,2,5,0
986000000,4,2,5,0
987000000,4,2,5,0
988000000,4,2,5,0
989000000,4,2,5,0
990000000,4,2,5,0
991000000,4,2,5,0
992000000,4,2,5,0
993000000,4,2,5,0
994000000,4,2,5,0
995000000,4,2,5,0
996000000,4,2,5,0
997000000,4,2,5,0
998000000,4,2,5,0
999000000,4,2,5,0
1000000,4,3,5,136
2000000,4,3,5,172
3000000,4,3,5,200
4000000,4,3,5,200
5000000,4,3,5,200
6000000,4,3,5,200
7000000,4,3,5,200
8000000,4,3,5,200
9000000,4,3,5,200
10000000,4,3,5,200
11000000,4,3,5,236
12000000,4,3,5,272
13000000,4,3,5,300
14000000,4,3,5,300
15000000,4,3,5,300
16000000,4,3,5,300
17000000,4,3,5,300
18000000,4,3,5,300
19000000,4,3,5,300
20000000,4,3,5,300
21000000,4,3,5,336
22000000,4,3,5,372
23000000,4,3,5,400
24000000,4,3,5,400
25000000,4,3,5,400
26000000,4,3,5,400
27000000,4,3,5,400
28000000,4,3,5,400
29000000,4,3,5,400
30000000,4,3,5,400
31000000,4,3,5,436
32000000,4,3,5,472
33000000,4,3,5,500
34000000,4,3,5,500
35000000,4,3,5,500
36000000,4,3,5,500
37000000,4,3,5,500
38000000,4,3,5,500
39000000,4,3,5,500
40000000,4,3,5,500
41000000,4,3,5,536
42000000,4,3,5,572
43000000,4,3,5,600
44000000,4,3,5,600
45000000,4,3,5,600
46000000,4,3,5,600
47000000,4,3,5,600
48000000,4,3,5,600
49000000,4,3,5,600
50000000,4,3,5,600
51000000,4,3,5,636
52000000,4,3,5,672
53000000,4,3,5,700
54000000,4,3,5,700
55000000,4,3,5,700
56000000,4,3,5,700
57000000,4,3,5,700
58000000,4,3,5,700
59000000,4,3,5,700
60000000,4,3,5,700
61000000,4,3,5,736
62000000,4,3,5,772
63000000,4,3,5,800
64000000,4,3,5,800
65000000,4,3,5,800
66000000,4,3,5,800
67000000,4,3,5,800
68000000,4,3,5,800
69000000,4,3,5,800
70000000,4,3,5,800
71000000,4,3,5,836
72000000,4,3,5,872
73000000,4,3,5,900
74000000,4,3,5,900
75000000,4,3,5,900
76000000,4,3,5,900
77000000,4,3,5,900
78000000,4,3,5,900
79000000,4,3,5,900
80000000,4,3,5,900
81000000,4,3,5,936
82000000,4,3,5,972
83000000,4,3,5,1000
84000000,4,3,5,1000
85000000,4,3,5,1000
86000000,4,3,5,1000
87000000,4,3,5,1000
88000000,4,3,5,1000
89000000,4,3,5,1000
90000000,4,3,5,1000
91000000,4,3,5,1036
92000000,4,3,5,1072
93000000,4,3,5,1100
94000000,4,3,5,1100
95000000,4,3,5,1100
96000000,4,3,5,1100
97000000,4,3,5,1100
98000000,4,3,5,1100
99000000,4,3,5,1100
100000000,4,3,5,1100
101000000,4,3,5,1100
102000000,4,3,5,1100
103000000,4,3,5,1100
104000000,4,3,5,1100
105000000,4,3,5,1100
106000000,4,3,5,1100
107000000,4,3,5,1100
108000000,4,3,5,1100
109000000,4,3,5,1100
110000000,4,3,5,1100
111000000,4,3,5,1100
112000000,4,3,5,1100
113000000,4,3,5,1100
114000000,4,3,5,1100
115000000,4,3,5,1100
116000000,4,3,5,1100
117000000,4,3,5,1100
118000000,4,3,5,1100
119000000,4,3,5,1100
120000000,4,3,5,1100
121000000,4,3,5,1100
122000000,4,3,5,1100
123000000,4,3,5,1100
124000000,4,3,5,1100
125000000,4,3,5,1100
126000000,4,3,5,1100
127000000,4,3,5,1100
128000000,4,3,5,1100
129000000,4,3,5,1100
130000000,4,3,5,1100
131000000,4,3,5,1100
132000000,4,3,5,1100
133000000,4,3,5,1100
134000000,4,3,5,1100
135000000,4,3,5,1100
136000000,4,3,5,1100
137000000,4,3,5,1100
138000000,4,3,5,1100
139000000,4,3,5,1100
140000000,4,3,5,1100
141000000,4,3,5,1100
142000000,4,3,5,1100
143000000,4,3,5,1100
144000000,4,3,5,1100
145000000,4,3,5,1100
146000000,4,3,5,1100
147000000,4,3,5,1100
148000000,4,3,5,1100
149000000,4,3,5,1100
150000000,4,3,5,1100
151000000,4,3,5,1100
152000000,4,3,5,1100
153000000,4,3,5,1100
154000000,4,3,5,1100
155000000,4,3,5,1100
156000000,4,3,5,1100
157000000,4,3,5,1100
158000000,4,3,5,1100
159000000,4,3,5,1100
160000000,4,3,5,1100
161000000,4,3,5,1100
162000000,4,3,5,1100
163000000,4,3,5,1100
164000000,4,3,5,1100
165000000,4,3,5,1100
166000000,4,3,5,1100
167000000,4,3,5,1100
168000000,4,3,5,1100
169000000,4,3,5,1100
170000000,4,3,5,1100
171000000,4,3,5,1100
172000000,4,3,5,1100
173000000,4,3,5,1100
174000000,4,3,5,1100
175000000,4,3,5,1100
176000000,4,3,5,1100
177000000,4,3,5,1100
178000000,4,3,5,1100
179000000,4,3,5,1100
180000000,4,3,5,1100
181000000,4,3,5,1100
182000000,4,3,5,1100
183000000,4,3,5,1100
184000000,4,3,5,1100
185000000,4,3,5,1100
186000000,4,3,5,1100
187000000,4,3,5,1100
188000000,4,3,5,1100
189000000,4,3,5,1100
190000000,4,3,5,1100
191000000,4,3,5,1100
192000000,4,3,5,1100
193000000,4,3,5,1100
194000000,4,3,5,1100
195000000,4,3,5,1100
196000000,4,3,5,1100
197000000,4,3,5,1100
198000000,4,3,5,1100
199000000,4,3,5,1100
200000000,4,3,5,1100
201000000,4,3,5,1100
202000000,4,3,5,1100
203000000,4,3,5,1100
204000000,4,3,5,1100
205000000,4,3,5,1100
206000000,4,3,5,1100
207000000,4,3,5,1100
208000000,4,3,5,1100
209000000,4,3,5,1100
210000000,4,3,5,1100
211000000,4,3,5,1100
212000000,4,3,5,1100
213000000,4,3,5,1100
214000000,4,3,5,1100
215000000,4,3,5,1100
216000000,4,3,5,1100
217000000,4,3,5,1100
218000000,4,3,5,1100
219000000,4,3,5,1100
220000000,4,3,5,1100
221000000,4,3,5,1100
222000000,4,3,5,1100
223000000,4,3,5,1100
224000000,4,3,5,1100
225000000,4,3,5,1100
226000000,4,3,5,1100
227000000,4,3,5,1100
228000000,4,3,5,1100
229000000,4,3,5,1100
230000000,4,3,5,1100
231000000,4,3,5,1100
232000000,4,3,5,1100
233000000,4,3,5,1100
234000000,4,3,5,1100
235000000,4,3,5,1100
236000000,4,3,5,1100
237000000,4,3,5,1100
238000000,4,3,5,1100
239000000,4,3,5,1100
240000000,4,3,5,1100
241000000,4,3,5,1100
242000000,4,3,5,1100
243000000,4,3,5,1100
244000000,4,3,5,1100
245000000,4,3,5,1100
246000000,4,3,5,1100
247000000,4,3,5,1100
248000000,4,3,5,1100
249000000,4,3,5,1100
250000000,4,3,5,1100
251000000,4,3,5,1100
252000000,4,3,5,1100
253000000,4,3,5,1100
254000000,4,3,5,1100
255000000,4,3,5,1100
256000000,4,3,5,1100
257000000,4,3,5,1100
258000000,4,3,5,1100
259000000,4,3,5,1100
260000000,4,3,5,1100
261000000,4,3,5,1100
262000000,4,3,5,1100
263000000,4,3,5,1100
264000000,4,3,5,1100
265000000,4,3,5,1100
266000000,4,3,5,1100
267000000,4,3,5,1100
268000000,4,3,5,1100
269000000,4,3,5,1100
270000000,4,3,5,1100
271000000,4,3,5,1100
272000000,4,3,5,1100
273000000,4,3,5,1100
274000000,4,3,5,1100
275000000,4,3,5,1100
276000000,4,3,5,1100
277000000,4,3,5,1100
278000000,4,3,5,1100
279000000,4,3,5,1100
280000000,4,3,5,1100
281000000,4,3,5,1100
282000000,4,3,5,1100
283000000,4,3,5,1100
284000000,4,3,5,1100
285000000,4,3,5,1100
286000000,4,3,5,1100
287000000,4,3,5,1100
288000000,4,3,5,1100
289000000,4,3,5,1100
290000000,4,3,5,1100
291000000,4,3,5,1100
292000000,4,3,5,1100
293000000,4,3,5,1100
294000000,4,3,5,1100
295000000,4,3,5,1100
296000000,4,3,5,1100
297000000,4,3,5,1100
298000000,4,3,5,1100
299000000,4,3,5,1100
300000000,4,3,5,1100
301000000,4,3,5,1100
302000000,4,3,5,1100
303000000,4,3,5,1100
304000000,4,3,5,1100
305000000,4,3,5,1100
306000000,4,3,5,1100
307000000,4,3,5,1100
308000000,4,3,5,1100
309000000,4,3,5,1100
310000000,4,3,5,1100
311000000,4,3,5,1100
312000000,4,3,5,1100
313000000,4,3,5,1100
314000000,4,3,5,1100
315000000,4,3,5,1100
316000000,4,3,5,1100
317000000,4,3,5,1100
318000000,4,3,5,1100
319000000,4,3,5,1100
320000000,4,3,5,1100
321000000,4,3,5,1100
322000000,4,3,5,1100
323000000,4,3,5,1100
324000000,4,3,5,1100
325000000,4,3,5,1100
326000000,4,3,5,1100
327000000,4,3,5,1100
328000000,4,3,5,1100
329000000,4,3,5,1100
330000000,4,3,5,1100
331000000,4,3,5,1100
332000000,4,3,5,1100
333000000,4,3,5,1100
334000000,4,3,5,1100
335000000,4,3,5,1100
336000000,4,3,5,1100
337000000,4,3,5,1100
338000000,4,3,5,1100
339000000,4,3,5,1100
340000000,4,3,5,1100
341000000,4,3,5,1100
342000000,4,3,5,1100
343000000,4,3,5,1100
344000000,4,3,5,1100
345000000,4,3,5,1100
346000000,4,3,5,1100
347000000,4,3,5,1100
348000000,4,3,5,1100
349000000,4,3,5,1100
350000000,4,3,5,1100
351000000,4,3,5,1100
352000000,4,3,5,1100
353000000,4,3,5,1100
354000000,4,3,5,1100
355000000,4,3,5,1100
356000000,4,3,5,1100
357000000,4,3,5,1100
358000000,4,3,5,1100
359000000,4,3,5,1100
360000000,4,3,5,1100
361000000,4,3,5,1100
362000000,4,3,5,1100
363000000,4,3,5,1100
364000000,4,3,5,1100
365000000,4,3,5,1100
366000000,4,3,5,1100
367000000,4,3,5,1100
368000000,4,3,5,1100
369000000,4,3,5,1100
370000000,4,3,5,1100
371000000,4,3,5,1100
372000000,4,3,5,1100
373000000,4,3,5,1100
374000000,4,3,5,1100
375000000,4,3,5,1100
376000000,4,3,5,1100
377000000,4,3,5,1100
378000000,4,3,5,1100
379000000,4,3,5,1100
380000000,4,3,5,1100
381000000,4,3,5,1100
382000000,4,3,5,1100
383000000,4,3,5,1100
384000000,4,3,5,1100
385000000,4,3,5,1100
386000000,4,3,5,1100
387000000,4,3,5,1100
388000000,4,3,5,1100
389000000,4,3,5,1100
390000000,4,3,5,1100
391000000,4,3,5,1100
392000000,4,3,5,1100
393000000,4,3,5,1100
394000000,4,3,5,1100
395000000,4,3,5,1100
396000000,4,3,5,1100
397000000,4,3,5,1100
398000000,4,3,5,1100
399000000,4,3,5,1100
400000000,4,3,5,1100
401000000,4,3,5,1100
402000000,4,3,5,1100
403000000,4,3,5,1100
404000000,4,3,5,1100
405000000,4,3,5,1100
406000000,4,3,5,1100
407000000,4,3,5,1100
408000000,4,3,5,1100
409000000,4,3,5,1100
410000000,4,3,5,1100
411000000,4,3,5,1100
412000000,4,3,5,1100
413000000,4,3,5,1100
414000000,4,3,5,1100
415000000,4,3,5,1100
416000000,4,3,5,1100
417000000,4,3,5,1100
418000000,4,3,5,1100
419000000,4,3,5,1100
420000000,4,3,5,1100
421000000,4,3,5,1100
422000000,4,3,5,1100
423000000,4,3,5,1100
424000000,4,3,5,1100
425000000,4,3,5,1100
426000000,4,3,5,1100
427000000,4,3,5,1100
428000000,4,3,5,1100
429000000,4,3,5,1100
430000000,4,3,5,1100
431000000,4,3,5,1100
432000000,4,3,5,1100
433000000,4,3,5,1100
434000000,4,3,5,1100
435000000,4,3,5,1100
436000000,4,3,5,1100
437000000,4,3,5,1100
438000000,4,3,5,1100
439000000,4,3,5,1100
440000000,4,3,5,1100
441000000,4,3,5,1100
442000000,4,3,5,1100
443000000,4,3,5,1100
444000000,4,3,5,1100
445000000,4,3,5,1100
446000000,4,3,5,1100
447000000,4,3,5,1100
448000000,4,3,5,1100
449000000,4,3,5,1100
450000000,4,3,5,1100
451000000,4,3,5,1100
452000000,4,3,5,1100
453000000,4,3,5,1100
454000000,4,3,5,1100
455000000,4,3,5,1100
456000000,4,3,5,1100
457000000,4,3,5,1100
458000000,4,3,5,1100
459000000,4,3,5,1100
460000000,4,3,5,1100
461000000,4,3,5,1100
462000000,4,3,5,1100
463000000,4,3,5,1100
464000000,4,3,5,1100
465000000,4,3,5,1100
466000000,4,3,5,1100
467000000,4,3,5,1100
468000000,4,3,5,1100
469000000,4,3,5,1100
470000000,4,3,5,1100
471000000,4,3,5,1100
472000000,4,3,5,1100
473000000,4,3,5,1100
474000000,4,3,5,1100
475000000,4,3,5,1100
476000000,4,3,5,1100
477000000,4,3,5,1100
478000000,4,3,5,1100
479000000,4,3,5,1100
480000000,4,3,5,1100
481000000,4,3,5,1100
482000000,4,3,5,1100
483000000,4,3,5,1100
484000000,4,3,5,1100
485000000,4,3,5,1100
486000000,4,3,5,1100
487000000,4,3,5,1100
488000000,4,3,5,1100
489000000,4,3,5,1100
490000000,4,3,5,1100
491000000,4,3,5,1100
492000000,4,3,5,1100
493000000,4,3,5,1100
494000000,4,3,5,1100
495000000,4,3,5,1100
496000000,4,3,5,1100
497000000,4,3,5,1100
498000000,4,3,5,1100
499000000,4,3,5,1100
500000000,4,3,5,1100
501000000,4,3,5,1100
502000000,4,3,5,1100
503000000,4,3,5,1100
504000000,4,3,5,1100
505000000,4,3,5,1100
506000000,4,3,5,1100
507000000,4,3,5,1100
508000000,4,3,5,1100
509000000,4,3,5,1100
510000000,4,3,5,1100
511000000,4,3,5,1100
512000000,4,3,5,1100
513000000,4,3,5,1100
514000000,4,3,5,1100
515000000,4,3,5,1100
516000000,4,3,5,1100
517000000,4,3,5,1100
518000000,4,3,5,1100
519000000,4,3,5,1100
520000000,4,3,5,1100
521000000,4,3,5,1100
522000000,4,3,5,1100
523000000,4,3,5,1100
524000000,4,3,5,1100
525000000,4,3,5,1100
526000000,4,3,5,1100
527000000,4,3,5,1100
528000000,4,3,5,1100
529000000,4,3,5,1100
530000000,4,3,5,1100
531000000,4,3,5,1100
532000000,4,3,5,1100
533000000,4,3,5,1100
534000000,4,3,5,1100
535000000,4,3,5,1100
536000000,4,3,5,1100
537000000,4,3,5,1100
538000000,4,3,5,1100
539000000,4,3,5,1100
540000000,4,3,5,1100
541000000,4,3,5,1100
542000000,4,3,5,1100
543000000,4,3,5,1100
544000000,4,3,5,1100
545000000,4,3,5,1100
546000000,4,3,5,1100
547000000,4,3,5,1100
548000000,4,3,5,1100
549000000,4,3,5,1100
550000000,4,3,5,1100
551000000,4,3,5,1100
552000000,4,3,5,1100
553000000,4,3,5,1100
554000000,4,3,5,1100
555000000,4,3,5,1100
556000000,4,3,5,1100
557000000,4,3,5,1100
558000000,4,3,5,1100
559000000,4,3,5,1100
560000000,4,3,5,1100
561000000,4,3,5,1100
562000000,4,3,5,1100
563000000,4,3,5,1100
564000000,4,3,5,1100
565000000,4,3,5,1100
566000000,4,3,5,1100
567000000,4,3,5,1100
568000000,4,3,5,1100
569000000,4,3,5,1100
570000000,4,3,5,1100
571000000,4,3,5,1100
572000000,4,3,5,1100
573000000,4,3,5,1100
574000000,4,3,5,1100
575000000,4,3,5,1100
576000000,4,3,5,1100
577000000,4,3,5,1100
578000000,4,3,5,1100
579000000,4,3,5,1100
580000000,4,3,5,1100
581000000,4,3,5,1100
582000000,4,3,5,1100
583000000,4,3,5,1100
584000000,4,3,5,1100
585000000,4,3,5,1100
586000000,4,3,5,1100
587000000,4,3,5,1100
588000000,4,3,5,1100
589000000,4,3,5,1100
590000000,4,3,5,1100
591000000,4,3,5,1100
592000000,4,3,5,1100
593000000,4,3,5,1100
594000000,4,3,5,1100
595000000,4,3,5,1100
596000000,4,3,5,1100
597000000,4,3,5,1100
598000000,4,3,5,1100
599000000,4,3,5,1100
600000000,4,3,5,1100
601000000,4,3,5,1100
602000000,4,3,5,1100
603000000,4,3,5,1100
604000000,4,3,5,1100
605000000,4,3,5,1100
606000000,4,3,5,1100
607000000,4,3,5,1100
608000000,4,3,5,1100
609000000,4,3,5,1100
610000000,4,3,5,1100
611000000,4,3,5,1100
612000000,4,3,5,1100
613000000,4,3,5,1100
614000000,4,3,5,1100
615000000,4,3,5,1100
616000000,4,3,5,1100
617000000,4,3,5,1100
618000000,4,3,5,1100
619000000,4,3,5,1100
620000000,4,3,5,1100
621000000,4,3,5,1100
622000000,4,3,5,1100
623000000,4,3,5,1100
624000000,4,3,5,1100
625000000,4,3,5,1100
626000000,4,3,5,1100
627000000,4,3,5,1100
628000000,4,3,5,1100
629000000,4,3,5,1100
630000000,4,3,5,1100
631000000,4,3,5,1100
632000000,4,3,5,1100
633000000,4,3,5,1100
634000000,4,3,5,1100
635000000,4,3,5,1100
636000000,4,3,5,1100
637000000,4,3,5,1100
638000000,4,3,5,1100
639000000,4,3,5,1100
640000000,4,3,5,1100
641000000,4,3,5,1100
642000000,4,3,5,1100
643000000,4,3,5,1100
644000000,4,3,5,1100
645000000,4,3,5,1100
646000000,4,3,5,1100
647000000,4,3,5,1100
648000000,4,3,5,1100
649000000,4,3,5,1100
650000000,4,3,5,1100
651000000,4,3,5,1100
652000000,4,3,5,1100
653000000,4,3,5,1100
654000000,4,3,5,1100
655000000,4,3,5,1100
656000000,4,3,5,1100
657000000,4,3,5,1100
658000000,4,3,5,1100
659000000,4,3,5,1100
660000000,4,3,5,1100
661000000,4,3,5,1100
662000000,4,3,5,1100
663000000,4,3,5,1100
664000000,4,3,5,1100
665000000,4,3,5,1100
666000000,4,3,5,1100
667000000,4,3,5,1100
668000000,4,3,5,1100
669000000,4,3,5,1100
670000000,4,3,5,1100
671000000,4,3,5,1100
672000000,4,3,5,1100
673000000,4,3,5,1100
674000000,4,3,5,1100
675000000,4,3,5,1100
676000000,4,3,5,1100
677000000,4,3,5,1100
678000000,4,3,5,1100
679000000,4,3,5,1100
680000000,4,3,5,1100
681000000,4,3,5,1100
682000000,4,3,5,1100
683000000,4,3,5,1100
684000000,4,3,5,1100
685000000,4,3,5,1100
686000000,4,3,5,1100
687000000,4,3,5,1100
688000000,4,3,5,1100
689000000,4,3,5,1100
690000000,4,3,5,1100
691000000,4,3,5,1100
692000000,4,3,5,1100
693000000,4,3,5,1100
694000000,4,3,5,1100
695000000,4,3,5,1100
696000000,4,3,5,1100
697000000,4,3,5,1100
698000000,4,3,5,1100
699000000,4,3,5,1100
700000000,4,3,5,1100
701000000,4,3,5,1100
702000000,4,3,5,1100
703000000,4,3,5,1100
704000000,4,3,5,1100
705000000,4,3,5,1100
706000000,4,3,5,1100
707000000,4,3,5,1100
708000000,4,3,5,1100
709000000,4,3,5,1100
710000000,4,3,5,1100
711000000,4,3,5,1100
712000000,4,3,5,1100
713000000,4,3,5,1100
714000000,4,3,5,1100
715000000,4,3,5,1100
716000000,4,3,5,1100
717000000,4,3,5,1100
718000000,4,3,5,1100
719000000,4,3,5,1100
720000000,4,3,5,1100
721000000,4,3,5,1100
722000000,4,3,5,1100
723000000,4,3,5,1100
724000000,4,3,5,1100
725000000,4,3,5,1100
726000000,4,3,5,1100
727000000,4,3,5,1100
728000000,4,3,5,1100
729000000,4,3,5,1100
730000000,4,3,5,1100
731000000,4,3,5,1100
732000000,4,3,5,1100
733000000,4,3,5,1100
734000000,4,3,5,1100
735000000,4,3,5,1100
736000000,4,3,5,1100
737000000,4,3,5,1100
738000000,4,3,5,1100
739000000,4,3,5,1100
740000000,4,3,5,1100
741000000,4,3,5,1100
742000000,4,3,5,1100
743000000,4,3,5,1100
744000000,4,3,5,1100
745000000,4,3,5,1100
746000000,4,3,5,1100
747000000,4,3,5,1100
748000000,4,3,5,1100
749000000,4,3,5,1100
750000000,4,3,5,1100
751000000,4,3,5,1100
752000000,4,3,5,1100
753000000,4,3,5,1100
754000000,4,3,5,1100
755000000,4,3,5,1100
756000000,4,3,5,1100
757000000,4,3,5,1100
758000000,4,3,5,1100
759000000,4,3,5,1100
760000000,4,3,5,1100
761000000,4,3,5,1100
762000000,4,3,5,1100
763000000,4,3,5,1100
764000000,4,3,5,1100
765000000,4,3,5,1100
766000000,4,3,5,1100
767000000,4,3,5,1100
768000000,4,3,5,1100
769000000,4,3,5,1100
770000000,4,3,5,1100
771000000,4,3,5,1100
772000000,4,3,5,1100
773000000,4,3,5,1100
774000000,4,3,5,1100
775000000,4,3,5,1100
776000000,4,3,5,1100
777000000,4,3,5,1100
778000000,4,3,5,1100
779000000,4,3,5,1100
780000000,4,3,5,1100
781000000,4,3,5,1100
782000000,4,3,5,1100
783000000,4,3,5,1100
784000000,4,3,5,1100
785000000,4,3,5,1100
786000000,4,3,5,1100
787000000,4,3,5,1100
788000000,4,3,5,1100
789000000,4,3,5,1100
790000000,4,3,5,1100
791000000,4,3,5,1100
792000000,4,3,5,1100
793000000,4,3,5,1100
794000000,4,3,5,1100
795000000,4,3,5,1100
796000000,4,3,5,1100
797000000,4,3,5,1100
798000000,4,3,5,1100
799000000,4,3,5,1100
800000000,4,3,5,1100
801000000,4,3,5,1100
802000000,4,3,5,1100
803000000,4,3,5,1100
804000000,4,3,5,1100
805000000,4,3,5,1100
806000000,4,3,5,1100
807000000,4,3,5,1100
808000000,4,3,5,1100
809000000,4,3,5,1000
810000000,4,3,5,1000
811000000,4,3,5,1000
812000000,4,3,5,1000
813000000,4,3,5,1000
814000000,4,3,5,1000
815000000,4,3,5,1000
816000000,4,3,5,1000
817000000,4,3,5,1000
818000000,4,3,5,1000
819000000,4,3,5,900
820000000,4,3,5,900
821000000,4,3,5,900
822000000,4,3,5,900
823000000,4,3,5,900
824000000,4,3,5,900
825000000,4,3,5,900
826000000,4,3,5,900
827000000,4,3,5,900
828000000,4,3,5,900
829000000,4,3,5,800
830000000,4,3,5,800
831000000,4,3,5,800
832000000,4,3,5,800
833000000,4,3,5,800
834000000,4,3,5,800
835000000,4,3,5,800
836000000,4,3,5,800
837000000,4,3,5,800
838000000,4,3,5,800
839000000,4,3,5,700
840000000,4,3,5,700
841000000,4,3,5,700
842000000,4,3,5,700
843000000,4,3,5,700
844000000,4,3,5,700
845000000,4,3,5,700
846000000,4,3,5,700
847000000,4,3,5,700
848000000,4,3,5,700
849000000,4,3,5,600
850000000,4,3,5,600
851000000,4,3,5,600
852000000,4,3,5,600
853000000,4,3,5,600
854000000,4,3,5,600
855000000,4,3,5,600
856000000,4,3,5,600
857000000,4,3,5,600
858000000,4,3,5,600
859000000,4,3,5,500
860000000,4,3,5,500
861000000,4,3,5,500
862000000,4,3,5,500
863000000,4,3,5,500
864000000,4,3,5,500
865000000,4,3,5,500
866000000,4,3,5,500
867000000,4,3,5,500
868000000,4,3,5,500
869000000,4,3,5,400
870000000,4,3,5,400
871000000,4,3,5,400
872000000,4,3,5,400
873000000,4,3,5,400
874000000,4,3,5,400
875000000,4,3,5,400
876000000,4,3,5,400
877000000,4,3,5,400
878000000,4,3,5,400
879000000,4,3,5,300
880000000,4,3,5,300
881000000,4,3,5,300
882000000,4,3,5,300
883000000,4,3,5,300
884000000,4,3,5,300
885000000,4,3,5,300
886000000,4,3,5,300
887000000,4,3,5,300
888000000,4,3,5,300
889000000,4,3,5,200
890000000,4,3,5,200
891000000,4,3,5,200
892000000,4,3,5,200
893000000,4,3,5,200
894000000,4,3,5,200
895000000,4,3,5,200
896000000,4,3,5,200
897000000,4,3,5,200
898000000,4,3,5,200
899000000,4,3,5,100
900000000,4,3,5,100
901000000,4,3,5,0
902000000,4,3,5,0
903000000,4,3,5,0
904000000,4,3,5,0
905000000,4,3,5,0
906000000,4,3,5,0
907000000,4,3,5,0
908000000,4,3,5,0
909000000,4,3,5,0
910000000,4,3,5,0
911000000,4,3,5,0
912000000,4,3,5,0
913000000,4,3,5,0
914000000,4,3,5,0
915000000,4,3,5,0
916000000,4,3,5,0
917000000,4,3,5,0
918000000,4,3,5,0
919000000,4,3,5,0
920000000,4,3,5,0
921000000,4,3,5,0
922000000,4,3,5,0
923000000,4,3,5,0
924000000,4,3,5,0
925000000,4,3,5,0
926000000,4,3,5,0
927000000,4,3,5,0
928000000,4,3,5,0
929000000,4,3,5,0
930000000,4,3,5,0
931000000,4,3,5,0
932000000,4,3,5,0
933000000,4,3,5,0
934000000,4,3,5,0
935000000,4,3,5,0
936000000,4,3,5,0
937000000,4,3,5,0
938000000,4,3,5,0
939000000,4,3,5,0
940000000,4,3,5,0
941000000,4,3,5,0
942000000,4,3,5,0
943000000,4,3,5,0
944000000,4,3,5,0
945000000,4,3,5,0
946000000,4,3,5,0
947000000,4,3,5,0
948000000,4,3,5,0
949000000,4,3,5,0
950000000,4,3,5,0
951000000,4,3,5,0
952000000,4,3,5,0
953000000,4,3,5,0
954000000,4,3,5,0
955000000,4,3,5,0
956000000,4,3,5,0
957000000,4,3,5,0
958000000,4,3,5,0
959000000,4,3,5,0
960000000,4,3,5,0
961000000,4,3,5,0
962000000,4,3,5,0
963000000,4,3,5,0
964000000,4,3,5,0
965000000,4,3,5,0
966000000,4,3,5,0
967000000,4,3,5,0
968000000,4,3,5,0
969000000,4,3,5,0
970000000,4,3,5,0
971000000,4,3,5,0
972000000,4,3,5,0
973000000,4,3,5,0
974000000,4,3,5,0
975000000,4,3,5,0
976000000,4,3,5,0
977000000,4,3,5,0
978000000,4,3,5,0
979000000,4,3,5,0
980000000,4,3,5,0
981000000,4,3,5,0
982000000,4,3,5,0
983000000,4,3,5,0
984000000,4,3,5,0
985000000,4,3,5,0
986000000,4,3,5,0
987000000,4,3,5,0
988000000,4,3,5,0
989000000,4,3,5,0
990000000,4,3,5,0
991000000,4,3,5,0
992000000,4,3,5,0
993000000,4,3,5,0
994000000,4,3,5,0
995000000,4,3,5,0
996000000,4,3,5,0
997000000,4,3,5,0
998000000,4,3,5,0
999000000,4,3,5,0
1000000,4,4,5,36
2000000,4,4,5,72
3000000,4,4,5,100
4000000,4,4,5,100
5000000,4,4,5,100
6000000,4,4,5,100
7000000,4,4,5,100
8000000,4,4,5,100
9000000,4,4,5,100
10000000,4,4,5,100
11000000,4,4,5,100
12000000,4,4,5,100
13000000,4,4,5,100
14000000,4,4,5,100
15000000,4,4,5,100
16000000,4,4,5,100
17000000,4,4,5,100
18000000,4,4,5,100
19000000,4,4,5,100
20000000,4,4,5,100
21000000,4,4,5,100
22000000,4,4,5,100
23000000,4,4,5,100
24000000,4,4,5,100
25000000,4,4,5,100
26000000,4,4,5,100
27000000,4,4,5,100
28000000,4,4,5,100
29000000,4,4,5,100
30000000,4,4,5,100
31000000,4,4,5,100
32000000,4,4,5,100
33000000,4,4,5,100
34000000,4,4,5,100
35000000,4,4,5,100
36000000,4,4,5,100
37000000,4,4,5,100
38000000,4,4,5,100
39000000,4,4,5,100
40000000,4,4,5,100
41000000,4,4,5,100
42000000,4,4,5,100
43000000,4,4,5,100
44000000,4,4,5,100
45000000,4,4,5,100
46000000,4,4,5,100
47000000,4,4,5,100
48000000,4,4,5,100
49000000,4,4,5,100
50000000,4,4,5,100
51000000,4,4,5,100
52000000,4,4,5,100
53000000,4,4,5,100
54000000,4,4,5,100
55000000,4,4,5,100
56000000,4,4,5,100
57000000,4,4,5,100
58000000,4,4,5,100
59000000,4,4,5,100
60000000,4,4,5,100
61000000,4,4,5,100
62000000,4,4,5,100
63000000,4,4,5,100
64000000,4,4,5,100
65000000,4,4,5,100
66000000,4,4,5,100
67000000,4,4,5,100
68000000,4,4,5,100
69000000,4,4,5,100
70000000,4,4,5,100
71000000,4,4,5,100
72000000,4,4,5,100
73000000,4,4,5,100
74000000,4,4,5,100
75000000,4,4,5,100
76000000,4,4,5,100
77000000,4,4,5,100
78000000,4,4,5,100
79000000,4,4,5,100
80000000,4,4,5,100
81000000,4,4,5,100
82000000,4,4,5,100
83000000,4,4,5,100
84000000,4,4,5,100
85000000,4,4,5,100
86000000,4,4,5,100
87000000,4,4,5,100
88000000,4,4,5,100
89000000,4,4,5,100
90000000,4,4,5,100
91000000,4,4,5,100
92000000,4,4,5,100
93000000,4,4,5,100
94000000,4,4,5,100
95000000,4,4,5,100
96000000,4,4,5,100
97000000,4,4,5,100
98000000,4,4,5,100
99000000,4,4,5,100
100000000,4,4,5,100
101000000,4,4,5,100
102000000,4,4,5,100
103000000,4,4,5,100
104000000,4,4,5,100
105000000,4,4,5,100
106000000,4,4,5,100
107000000,4,4,5,100
108000000,4,4,5,100
109000000,4,4,5,100
110000000,4,4,5,100
111000000,4,4,5,100
112000000,4,4,5,100
113000000,4,4,5,100
114000000,4,4,5,100
115000000,4,4,5,100
116000000,4,4,5,100
117000000,4,4,5,100
118000000,4,4,5,100
119000000,4,4,5,100
120000000,4,4,5,100
121000000,4,4,5,100
122000000,4,4,5,100
123000000,4,4,5,100
124000000,4,4,5,100
125000000,4,4,5,100
126000000,4,4,5,100
127000000,4,4,5,100
128000000,4,4,5,100
129000000,4,4,5,100
130000000,4,4,5,100
131000000,4,4,5,100
132000000,4,4,5,100
133000000,4,4,5,100
134000000,4,4,5,100
135000000,4,4,5,100
136000000,4,4,5,100
137000000,4,4,5,100
138000000,4,4,5,100
139000000,4,4,5,100
140000000,4,4,5,100
141000000,4,4,5,100
142000000,4,4,5,100
143000000,4,4,5,100
144000000,4,4,5,100
145000000,4,4,5,100
146000000,4,4,5,100
147000000,4,4,5,100
148000000,4,4,5,100
149000000,4,4,5,100
150000000,4,4,5,100
151000000,4,4,5,100
152000000,4,4,5,100
153000000,4,4,5,100
154000000,4,4,5,100
155000000,4,4,5,100
156000000,4,4,5,100
157000000,4,4,5,100
158000000,4,4,5,100
159000000,4,4,5,100
160000000,4,4,5,100
161000000,4,4,5,100
162000000,4,4,5,100
163000000,4,4,5,100
164000000,4,4,5,100
165000000,4,4,5,100
166000000,4,4,5,100
167000000,4,4,5,100
168000000,4,4,5,100
169000000,4,4,5,100
170000000,4,4,5,100
171000000,4,4,5,100
172000000,4,4,5,100
173000000,4,4,5,100
174000000,4,4,5,100
175000000,4,4,5,100
176000000,4,4,5,100
177000000,4,4,5,100
178000000,4,4,5,100
179000000,4,4,5,100
180000000,4,4,5,100
181000000,4,4,5,100
182000000,4,4,5,100
183000000,4,4,5,100
184000000,4,4,5,100
185000000,4,4,5,100
186000000,4,4,5,100
187000000,4,4,5,100
188000000,4,4,5,100
189000000,4,4,5,100
190000000,4,4,5,100
191000000,4,4,5,100
192000000,4,4,5,100
193000000,4,4,5,100
194000000,4,4,5,100
195000000,4,4,5,100
196000000,4,4,5,100
197000000,4,4,5,100
198000000,4,4,5,100
199000000,4,4,5,100
200000000,4,4,5,100
201000000,4,4,5,100
202000000,4,4,5,100
203000000,4,4,5,100
204000000,4,4,5,100
205000000,4,4,5,100
206000000,4,4,5,100
207000000,4,4,5,100
208000000,4,4,5,100
209000000,4,4,5,100
210000000,4,4,5,100
211000000,4,4,5,100
212000000,4,4,5,100
213000000,4,4,5,100
214000000,4,4,5,100
215000000,4,4,5,100
216000000,4,4,5,100
217000000,4,4,5,100
218000000,4,4,5,100
219000000,4,4,5,100
220000000,4,4,5,100
221000000,4,4,5,100
222000000,4,4,5,100
223000000,4,4,5,100
224000000,4,4,5,100
225000000,4,4,5,100
226000000,4,4,5,100
227000000,4,4,5,100
228000000,4,4,5,100
229000000,4,4,5,100
230000000,4,4,5,100
231000000,4,4,5,100
232000000,4,4,5,100
233000000,4,4,5,100
234000000,4,4,5,100
235000000,4,4,5,100
236000000,4,4,5,100
237000000,4,4,5,100
238000000,4,4,5,100
239000000,4,4,5,100
240000000,4,4,5,100
241000000,4,4,5,100
242000000,4,4,5,100
243000000,4,4,5,100
244000000,4,4,5,100
245000000,4,4,5,100
246000000,4,4,5,100
247000000,4,4,5,100
248000000,4,4,5,100
249000000,4,4,5,100
250000000,4,4,5,100
251000000,4,4,5,100
252000000,4,4,5,100
253000000,4,4,5,100
254000000,4,4,5,100
255000000,4,4,5,100
256000000,4,4,5,100
257000000,4,4,5,100
258000000,4,4,5,100
259000000,4,4,5,100
260000000,4,4,5,100
261000000,4,4,5,100
262000000,4,4,5,100
263000000,4,4,5,100
264000000,4,4,5,100
265000000,4,4,5,100
266000000,4,4,5,100
267000000,4,4,5,100
268000000,4,4,5,100
269000000,4,4,5,100
270000000,4,4,5,100
271000000,4,4,5,100
272000000,4,4,5,100
273000000,4,4,5,100
274000000,4,4,5,100
275000000,4,4,5,100
276000000,4,4,5,100
277000000,4,4,5,100
278000000,4,4,5,100
279000000,4,4,5,100
280000000,4,4,5,100
281000000,4,4,5,100
282000000,4,4,5,100
283000000,4,4,5,100
284000000,4,4,5,100
285000000,4,4,5,100
286000000,4,4,5,100
287000000,4,4,5,100
288000000,4,4,5,100
289000000,4,4,5,100
290000000,4,4,5,100
291000000,4,4,5,100
292000000,4,4,5,100
293000000,4,4,5,100
294000000,4,4,5,100
295000000,4,4,5,100
296000000,4,4,5,100
297000000,4,4,5,100
298000000,4,4,5,100
299000000,4,4,5,100
300000000,4,4,5,100
301000000,4,4,5,100
302000000,4,4,5,100
303000000,4,4,5,100
304000000,4,4,5,100
305000000,4,4,5,100
306000000,4,4,5,100
307000000,4,4,5,100
308000000,4,4,5,100
309000000,4,4,5,100
310000000,4,4,5,100
311000000,4,4,5,100
312000000,4,4,5,100
313000000,4,4,5,100
314000000,4,4,5,100
315000000,4,4,5,100
316000000,4,4,5,100
317000000,4,4,5,100
318000000,4,4,5,100
319000000,4,4,5,100
320000000,4,4,5,100
321000000,4,4,5,100
322000000,4,4,5,100
323000000,4,4,5,100
324000000,4,4,5,100
325000000,4,4,5,100
326000000,4,4,5,100
327000000,4,4,5,100
328000000,4,4,5,100
329000000,4,4,5,100
330000000,4,4,5,100
331000000,4,4,5,100
332000000,4,4,5,100
333000000,4,4,5,100
334000000,4,4,5,100
335000000,4,4,5,100
336000000,4,4,5,100
337000000,4,4,5,100
338000000,4,4,5,100
339000000,4,4,5,100
340000000,4,4,5,100
341000000,4,4,5,100
342000000,4,4,5,100
343000000,4,4,5,100
344000000,4,4,5,100
345000000,4,4,5,100
346000000,4,4,5,100
347000000,4,4,5,100
348000000,4,4,5,100
349000000,4,4,5,100
350000000,4,4,5,100
351000000,4,4,5,100
352000000,4,4,5,100
353000000,4,4,5,100
354000000,4,4,5,100
355000000,4,4,5,100
356000000,4,4,5,100
357000000,4,4,5,100
358000000,4,4,5,100
359000000,4,4,5,100
360000000,4,4,5,100
361000000,4,4,5,100
362000000,4,4,5,100
363000000,4,4,5,100
364000000,4,4,5,100
365000000,4,4,5,100
366000000,4,4,5,100
367000000,4,4,5,100
368000000,4,4,5,100
369000000,4,4,5,100
370000000,4,4,5,100
371000000,4,4,5,100
372000000,4,4,5,100
373000000,4,4,5,100
374000000,4,4,5,100
375000000,4,4,5,100
376000000,4,4,5,100
377000000,4,4,5,100
378000000,4,4,5,100
379000000,4,4,5,100
380000000,4,4,5,100
381000000,4,4,5,100
382000000,4,4,5,100
383000000,4,4,5,100
384000000,4,4,5,100
385000000,4,4,5,100
386000000,4,4,5,100
387000000,4,4,5,100
388000000,4,4,5,100
389000000,4,4,5,100
390000000,4,4,5,100
391000000,4,4,5,100
392000000,4,4,5,100
393000000,4,4,5,100
394000000,4,4,5,100
395000000,4,4,5,100
396000000,4,4,5,100
397000000,4,4,5,100
398000000,4,4,5,100
399000000,4,4,5,100
400000000,4,4,5,100
401000000,4,4,5,100
402000000,4,4,5,100
403000000,4,4,5,100
404000000,4,4,5,100
405000000,4,4,5,100
406000000,4,4,5,100
407000000,4,4,5,100
408000000,4,4,5,100
409000000,4,4,5,100
410000000,4,4,5,100
411000000,4,4,5,100
412000000,4,4,5,100
413000000,4,4,5,100
414000000,4,4,5,100
415000000,4,4,5,100
416000000,4,4,5,100
417000000,4,4,5,100
418000000,4,4,5,100
419000000,4,4,5,100
420000000,4,4,5,100
421000000,4,4,5,100
422000000,4,4,5,100
423000000,4,4,5,100
424000000,4,4,5,100
425000000,4,4,5,100
426000000,4,4,5,100
427000000,4,4,5,100
428000000,4,4,5,100
429000000,4,4,5,100
430000000,4,4,5,100
431000000,4,4,5,100
432000000,4,4,5,100
433000000,4,4,5,100
434000000,4,4,5,100
435000000,4,4,5,100
436000000,4,4,5,100
437000000,4,4,5,100
438000000,4,4,5,100
439000000,4,4,5,100
440000000,4,4,5,100
441000000,4,4,5,100
442000000,4,4,5,100
443000000,4,4,5,100
444000000,4,4,5,100
445000000,4,4,5,100
446000000,4,4,5,100
447000000,4,4,5,100
448000000,4,4,5,100
449000000,4,4,5,100
450000000,4,4,5,100
451000000,4,4,5,100
452000000,4,4,5,100
453000000,4,4,5,100
454000000,4,4,5,100
455000000,4,4,5,100
456000000,4,4,5,100
457000000,4,4,5,100
458000000,4,4,5,100
459000000,4,4,5,100
460000000,4,4,5,100
461000000,4,4,5,100
462000000,4,4,5,100
463000000,4,4,5,100
464000000,4,4,5,100
465000000,4,4,5,100
466000000,4,4,5,100
467000000,4,4,5,100
468000000,4,4,5,100
469000000,4,4,5,100
470000000,4,4,5,100
471000000,4,4,5,100
472000000,4,4,5,100
473000000,4,4,5,100
474000000,4,4,5,100
475000000,4,4,5,100
476000000,4,4,5,100
477000000,4,4,5,100
478000000,4,4,5,100
479000000,4,4,5,100
480000000,4,4,5,100
481000000,4,4,5,100
482000000,4,4,5,100
483000000,4,4,5,100
484000000,4,4,5,100
485000000,4,4,5,100
486000000,4,4,5,100
487000000,4,4,5,100
488000000,4,4,5,100
489000000,4,4,5,100
490000000,4,4,5,100
491000000,4,4,5,100
492000000,4,4,5,100
493000000,4,4,5,100
494000000,4,4,5,100
495000000,4,4,5,100
496000000,4,4,5,100
497000000,4,4,5,100
498000000,4,4,5,100
499000000,4,4,5,100
500000000,4,4,5,100
501000000,4,4,5,100
502000000,4,4,5,100
503000000,4,4,5,100
504000000,4,4,5,100
505000000,4,4,5,100
506000000,4,4,5,100
507000000,4,4,5,100
508000000,4,4,5,100
509000000,4,4,5,100
510000000,4,4,5,100
511000000,4,4,5,100
512000000,4,4,5,100
513000000,4,4,5,100
514000000,4,4,5,100
515000000,4,4,5,100
516000000,4,4,5,100
517000000,4,4,5,100
518000000,4,4,5,100
519000000,4,4,5,100
520000000,4,4,5,100
521000000,4,4,5,100
522000000,4,4,5,100
523000000,4,4,5,100
524000000,4,4,5,100
525000000,4,4,5,100
526000000,4,4,5,100
527000000,4,4,5,100
528000000,4,4,5,100
529000000,4,4,5,100
530000000,4,4,5,100
531000000,4,4,5,100
532000000,4,4,5,100
533000000,4,4,5,100
534000000,4,4,5,100
535000000,4,4,5,100
536000000,4,4,5,100
537000000,4,4,5,100
538000000,4,4,5,100
539000000,4,4,5,100
540000000,4,4,5,100
541000000,4,4,5,100
542000000,4,4,5,100
543000000,4,4,5,100
544000000,4,4,5,100
545000000,4,4,5,100
546000000,4,4,5,100
547000000,4,4,5,100
548000000,4,4,5,100
549000000,4,4,5,100
550000000,4,4,5,100
551000000,4,4,5,100
552000000,4,4,5,100
553000000,4,4,5,100
554000000,4,4,5,100
555000000,4,4,5,100
556000000,4,4,5,100
557000000,4,4,5,100
558000000,4,4,5,100
559000000,4,4,5,100
560000000,4,4,5,100
561000000,4,4,5,100
562000000,4,4,5,100
563000000,4,4,5,100
564000000,4,4,5,100
565000000,4,4,5,100
566000000,4,4,5,100
567000000,4,4,5,100
568000000,4,4,5,100
569000000,4,4,5,100
570000000,4,4,5,100
571000000,4,4,5,100
572000000,4,4,5,100
573000000,4,4,5,100
574000000,4,4,5,100
575000000,4,4,5,100
576000000,4,4,5,100
577000000,4,4,5,100
578000000,4,4,5,100
579000000,4,4,5,100
580000000,4,4,5,100
581000000,4,4,5,100
582000000,4,4,5,100
583000000,4,4,5,100
584000000,4,4,5,100
585000000,4,4,5,100
586000000,4,4,5,100
587000000,4,4,5,100
588000000,4,4,5,100
589000000,4,4,5,100
590000000,4,4,5,100
591000000,4,4,5,100
592000000,4,4,5,100
593000000,4,4,5,100
594000000,4,4,5,100
595000000,4,4,5,100
596000000,4,4,5,100
597000000,4,4,5,100
598000000,4,4,5,100
599000000,4,4,5,100
600000000,4,4,5,100
601000000,4,4,5,100
602000000,4,4,5,100
603000000,4,4,5,100
604000000,4,4,5,100
605000000,4,4,5,100
606000000,4,4,5,100
607000000,4,4,5,100
608000000,4,4,5,100
609000000,4,4,5,100
610000000,4,4,5,100
611000000,4,4,5,100
612000000,4,4,5,100
613000000,4,4,5,100
614000000,4,4,5,100
615000000,4,4,5,100
616000000,4,4,5,100
617000000,4,4,5,100
618000000,4,4,5,100
619000000,4,4,5,100
620000000,4,4,5,100
621000000,4,4,5,100
622000000,4,4,5,100
623000000,4,4,5,100
624000000,4,4,5,100
625000000,4,4,5,100
626000000,4,4,5,100
627000000,4,4,5,100
628000000,4,4,5,100
629000000,4,4,5,100
630000000,4,4,5,100
631000000,4,4,5,100
632000000,4,4,5,100
633000000,4,4,5,100
634000000,4,4,5,100
635000000,4,4,5,100
636000000,4,4,5,100
637000000,4,4,5,100
638000000,4,4,5,100
639000000,4,4,5,100
640000000,4,4,5,100
641000000,4,4,5,100
642000000,4,4,5,100
643000000,4,4,5,100
644000000,4,4,5,100
645000000,4,4,5,100
646000000,4,4,5,100
647000000,4,4,5,100
648000000,4,4,5,100
649000000,4,4,5,100
650000000,4,4,5,100
651000000,4,4,5,100
652000000,4,4,5,100
653000000,4,4,5,100
654000000,4,4,5,100
655000000,4,4,5,100
656000000,4,4,5,100
657000000,4,4,5,100
658000000,4,4,5,100
659000000,4,4,5,100
660000000,4,4,5,100
661000000,4,4,5,100
662000000,4,4,5,100
663000000,4,4,5,100
664000000,4,4,5,100
665000000,4,4,5,100
666000000,4,4,5,100
667000000,4,4,5,100
668000000,4,4,5,100
669000000,4,4,5,100
670000000,4,4,5,100
671000000,4,4,5,100
672000000,4,4,5,100
673000000,4,4,5,100
674000000,4,4,5,100
675000000,4,4,5,100
676000000,4,4,5,100
677000000,4,4,5,100
678000000,4,4,5,100
679000000,4,4,5,100
680000000,4,4,5,100
681000000,4,4,5,100
682000000,4,4,5,100
683000000,4,4,5,100
684000000,4,4,5,100
685000000,4,4,5,100
686000000,4,4,5,100
687000000,4,4,5,100
688000000,4,4,5,100
689000000,4,4,5,100
690000000,4,4,5,100
691000000,4,4,5,100
692000000,4,4,5,100
693000000,4,4,5,100
694000000,4,4,5,100
695000000,4,4,5,100
696000000,4,4,5,100
697000000,4,4,5,100
698000000,4,4,5,100
699000000,4,4,5,100
700000000,4,4,5,100
701000000,4,4,5,100
702000000,4,4,5,100
703000000,4,4,5,100
704000000,4,4,5,100
705000000,4,4,5,100
706000000,4,4,5,100
707000000,4,4,5,100
708000000,4,4,5,100
709000000,4,4,5,100
710000000,4,4,5,100
711000000,4,4,5,100
712000000,4,4,5,100
713000000,4,4,5,100
714000000,4,4,5,100
715000000,4,4,5,100
716000000,4,4,5,100
717000000,4,4,5,100
718000000,4,4,5,100
719000000,4,4,5,100
720000000,4,4,5,100
721000000,4,4,5,100
722000000,4,4,5,100
723000000,4,4,5,100
724000000,4,4,5,100
725000000,4,4,5,100
726000000,4,4,5,100
727000000,4,4,5,100
728000000,4,4,5,100
729000000,4,4,5,100
730000000,4,4,5,100
731000000,4,4,5,100
732000000,4,4,5,100
733000000,4,4,5,100
734000000,4,4,5,100
735000000,4,4,5,100
736000000,4,4,5,100
737000000,4,4,5,100
738000000,4,4,5,100
739000000,4,4,5,100
740000000,4,4,5,100
741000000,4,4,5,100
742000000,4,4,5,100
743000000,4,4,5,100
744000000,4,4,5,100
745000000,4,4,5,100
746000000,4,4,5,100
747000000,4,4,5,100
748000000,4,4,5,100
749000000,4,4,5,100
750000000,4,4,5,100
751000000,4,4,5,100
752000000,4,4,5,100
753000000,4,4,5,100
754000000,4,4,5,100
755000000,4,4,5,100
756000000,4,4,5,100
757000000,4,4,5,100
758000000,4,4,5,100
759000000,4,4,5,100
760000000,4,4,5,100
761000000,4,4,5,100
762000000,4,4,5,100
763000000,4,4,5,100
764000000,4,4,5,100
765000000,4,4,5,100
766000000,4,4,5,100
767000000,4,4,5,100
768000000,4,4,5,100
769000000,4,4,5,100
770000000,4,4,5,100
771000000,4,4,5,100
772000000,4,4,5,100
773000000,4,4,5,100
774000000,4,4,5,100
775000000,4,4,5,100
776000000,4,4,5,100
777000000,4,4,5,100
778000000,4,4,5,100
779000000,4,4,5,100
780000000,4,4,5,100
781000000,4,4,5,100
782000000,4,4,5,100
783000000,4,4,5,100
784000000,4,4,5,100
785000000,4,4,5,100
786000000,4,4,5,100
787000000,4,4,5,100
788000000,4,4,5,100
789000000,4,4,5,100
790000000,4,4,5,100
791000000,4,4,5,100
792000000,4,4,5,100
793000000,4,4,5,100
794000000,4,4,5,100
795000000,4,4,5,100
796000000,4,4,5,100
797000000,4,4,5,100
798000000,4,4,5,100
799000000,4,4,5,100
800000000,4,4,5,100
801000000,4,4,5,100
802000000,4,4,5,100
803000000,4,4,5,100
804000000,4,4,5,100
805000000,4,4,5,100
806000000,4,4,5,100
807000000,4,4,5,100
808000000,4,4,5,100
809000000,4,4,5,0
810000000,4,4,5,0
811000000,4,4,5,0
812000000,4,4,5,0
813000000,4,4,5,0
814000000,4,4,5,0
815000000,4,4,5,0
816000000,4,4,5,0
817000000,4,4,5,0
818000000,4,4,5,0
819000000,4,4,5,0
820000000,4,4,5,0
821000000,4,4,5,0
822000000,4,4,5,0
823000000,4,4,5,0
824000000,4,4,5,0
825000000,4,4,5,0
826000000,4,4,5,0
827000000,4,4,5,0
828000000,4,4,5,0
829000000,4,4,5,0
830000000,4,4,5,0
831000000,4,4,5,0
832000000,4,4,5,0
833000000,4,4,5,0
834000000,4,4,5,0
835000000,4,4,5,0
836000000,4,4,5,0
837000000,4,4,5,0
838000000,4,4,5,0
839000000,4,4,5,0
840000000,4,4,5,0
841000000,4,4,5,0
842000000,4,4,5,0
843000000,4,4,5,0
844000000,4,4,5,0
845000000,4,4,5,0
846000000,4,4,5,0
847000000,4,4,5,0
848000000,4,4,5,0
849000000,4,4,5,0
850000000,4,4,5,0
851000000,4,4,5,0
852000000,4,4,5,0
853000000,4,4,5,0
854000000,4,4,5,0
855000000,4,4,5,0
856000000,4,4,5,0
857000000,4,4,5,0
858000000,4,4,5,0
859000000,4,4,5,0
860000000,4,4,5,0
861000000,4,4,5,0
862000000,4,4,5,0
863000000,4,4,5,0
864000000,4,4,5,0
865000000,4,4,5,0
866000000,4,4,5,0
867000000,4,4,5,0
868000000,4,4,5,0
869000000,4,4,5,0
870000000,4,4,5,0
871000000,4,4,5,0
872000000,4,4,5,0
873000000,4,4,5,0
874000000,4,4,5,0
875000000,4,4,5,0
876000000,4,4,5,0
877000000,4,4,5,0
878000000,4,4,5,0
879000000,4,4,5,0
880000000,4,4,5,0
881000000,4,4,5,0
882000000,4,4,5,0
883000000,4,4,5,0
884000000,4,4,5,0
885000000,4,4,5,0
886000000,4,4,5,0
887000000,4,4,5,0
888000000,4,4,5,0
889000000,4,4,5,0
890000000,4,4,5,0
891000000,4,4,5,0
892000000,4,4,5,0
893000000,4,4,5,0
894000000,4,4,5,0
895000000,4,4,5,0
896000000,4,4,5,0
897000000,4,4,5,0
898000000,4,4,5,0
899000000,4,4,5,0
900000000,4,4,5,0
901000000,4,4,5,0
902000000,4,4,5,0
903000000,4,4,5,0
904000000,4,4,5,0
905000000,4,4,5,0
906000000,4,4,5,0
907000000,4,4,5,0
908000000,4,4,5,0
909000000,4,4,5,0
910000000,4,4,5,0
911000000,4,4,5,0
912000000,4,4,5,0
913000000,4,4,5,0
914000000,4,4,5,0
915000000,4,4,5,0
916000000,4,4,5,0
917000000,4,4,5,0
918000000,4,4,5,0
919000000,4,4,5,0
920000000,4,4,5,0
921000000,4,4,5,0
922000000,4,4,5,0
923000000,4,4,5,0
924000000,4,4,5,0
925000000,4,4,5,0
926000000,4,4,5,0
927000000,4,4,5,0
928000000,4,4,5,0
929000000,4,4,5,0
930000000,4,4,5,0
931000000,4,4,5,0
932000000,4,4,5,0
933000000,4,4,5,0
934000000,4,4,5,0
935000000,4,4,5,0
936000000,4,4,5,0
937000000,4,4,5,0
938000000,4,4,5,0
939000000,4,4,5,0
940000000,4,4,5,0
941000000,4,4,5,0
942000000,4,4,5,0
943000000,4,4,5,0
944000000,4,4,5,0
945000000,4,4,5,0
946000000,4,4,5,0
947000000,4,4,5,0
948000000,4,4,5,0
949000000,4,4,5,0
950000000,4,4,5,0
951000000,4,4,5,0
952000000,4,4,5,0
953000000,4,4,5,0
954000000,4,4,5,0
955000000,4,4,5,0
956000000,4,4,5,0
957000000,4,4,5,0
958000000,4,4,5,0
959000000,4,4,5,0
960000000,4,4,5,0
961000000,4,4,5,0
962000000,4,4,5,0
963000000,4,4,5,0
964000000,4,4,5,0
965000000,4,4,5,0
966000000,4,4,5,0
967000000,4,4,5,0
968000000,4,4,5,0
969000000,4,4,5,0
970000000,4,4,5,0
971000000,4,4,5,0
972000000,4,4,5,0
973000000,4,4,5,0
974000000,4,4,5,0
975000000,4,4,5,0
976000000,4,4,5,0
977000000,4,4,5,0
978000000,4,4,5,0
979000000,4,4,5,0
980000000,4,4,5,0
981000000,4,4,5,0
982000000,4,4,5,0
983000000,4,4,5,0
984000000,4,4,5,0
985000000,4,4,5,0
986000000,4,4,5,0
987000000,4,4,5,0
988000000,4,4,5,0
989000000,4,4,5,0
990000000,4,4,5,0
991000000,4,4,5,0
992000000,4,4,5,0
993000000,4,4,5,0
994000000,4,4,5,0
995000000,4,4,5,0
996000000,4,4,5,0
997000000,4,4,5,0
998000000,4,4,5,0
999000000,4,4,5,0
1000000,4,5,5,136
2000000,4,5,5,172
3000000,4,5,5,200
4000000,4,5,5,200
5000000,4,5,5,200
6000000,4,5,5,200
7000000,4,5,5,200
8000000,4,5,5,200
9000000,4,5,5,200
10000000,4,5,5,200
11000000,4,5,5,200
12000000,4,5,5,200
13000000,4,5,5,200
14000000,4,5,5,200
15000000,4,5,5,200
16000000,4,5,5,200
17000000,4,5,5,200
18000000,4,5,5,200
19000000,4,5,5,200
20000000,4,5,5,200
21000000,4,5,5,200
22000000,4,5,5,200
23000000,4,5,5,200
24000000,4,5,5,200
25000000,4,5,5,200
26000000,4,5,5,200
27000000,4,5,5,200
28000000,4,5,5,200
29000000,4,5,5,200
30000000,4,5,5,200
31000000,4,5,5,200
32000000,4,5,5,200
33000000,4,5,5,200
34000000,4,5,5,200
35000000,4,5,5,200
36000000,4,5,5,200
37000000,4,5,5,200
38000000,4,5,5,200
39000000,4,5,5,200
40000000,4,5,5,200
41000000,4,5,5,200
42000000,4,5,5,200
43000000,4,5,5,200
44000000,4,5,5,200
45000000,4,5,5,200
46000000,4,5,5,200
47000000,4,5,5,200
48000000,4,5,5,200
49000000,4,5,5,200
50000000,4,5,5,200
51000000,4,5,5,200
52000000,4,5,5,200
53000000,4,5,5,200
54000000,4,5,5,200
55000000,4,5,5,200
56000000,4,5,5,200
57000000,4,5,5,200
58000000,4,5,5,200
59000000,4,5,5,200
60000000,4,5,5,200
61000000,4,5,5,200
62000000,4,5,5,200
63000000,4,5,5,200
64000000,4,5,5,200
65000000,4,5,5,200
66000000,4,5,5,200
67000000,4,5,5,200
68000000,4,5,5,200
69000000,4,5,5,200
70000000,4,5,5,200
71000000,4,5,5,200
72000000,4,5,5,200
73000000,4,5,5,200
74000000,4,5,5,200
75000000,4,5,5,200
76000000,4,5,5,200
77000000,4,5,5,200
78000000,4,5,5,200
79000000,4,5,5,200
80000000,4,5,5,200
81000000,4,5,5,200
82000000,4,5,5,200
83000000,4,5,5,200
84000000,4,5,5,200
85000000,4,5,5,200
86000000,4,5,5,200
87000000,4,5,5,200
88000000,4,5,5,200
89000000,4,5,5,200
90000000,4,5,5,200
91000000,4,5,5,200
92000000,4,5,5,200
93000000,4,5,5,200
94000000,4,5,5,200
95000000,4,5,5,200
96000000,4,5,5,200
97000000,4,5,5,200
98000000,4,5,5,200
99000000,4,5,5,200
100000000,4,5,5,200
101000000,4,5,5,200
102000000,4,5,5,200
103000000,4,5,5,200
104000000,4,5,5,200
105000000,4,5,5,200
106000000,4,5,5,200
107000000,4,5,5,200
108000000,4,5,5,200
109000000,4,5,5,200
110000000,4,5,5,200
111000000,4,5,5,200
112000000,4,5,5,200
113000000,4,5,5,200
114000000,4,5,5,200
115000000,4,5,5,200
116000000,4,5,5,200
117000000,4,5,5,200
118000000,4,5,5,200
119000000,4,5,5,200
120000000,4,5,5,200
121000000,4,5,5,200
122000000,4,5,5,200
123000000,4,5,5,200
124000000,4,5,5,200
125000000,4,5,5,200
126000000,4,5,5,200
127000000,4,5,5,200
128000000,4,5,5,200
129000000,4,5,5,200
130000000,4,5,5,200
131000000,4,5,5,200
132000000,4,5,5,200
133000000,4,5,5,200
134000000,4,5,5,200
135000000,4,5,5,200
136000000,4,5,5,200
137000000,4,5,5,200
138000000,4,5,5,200
139000000,4,5,5,200
140000000,4,5,5,200
141000000,4,5,5,200
142000000,4,5,5,200
143000000,4,5,5,200
144000000,4,5,5,200
145000000,4,5,5,200
146000000,4,5,5,200
147000000,4,5,5,200
148000000,4,5,5,200
149000000,4,5,5,200
150000000,4,5,5,200
151000000,4,5,5,200
152000000,4,5,5,200
153000000,4,5,5,200
154000000,4,5,5,200
155000000,4,5,5,200
156000000,4,5,5,200
157000000,4,5,5,200
158000000,4,5,5,200
159000000,4,5,5,200
160000000,4,5,5,200
161000000,4,5,5,200
162000000,4,5,5,200
163000000,4,5,5,200
164000000,4,5,5,200
165000000,4,5,5,200
166000000,4,5,5,200
167000000,4,5,5,200
168000000,4,5,5,200
169000000,4,5,5,200
170000000,4,5,5,200
171000000,4,5,5,200
172000000,4,5,5,200
173000000,4,5,5,200
174000000,4,5,5,200
175000000,4,5,5,200
176000000,4,5,5,200
177000000,4,5,5,200
178000000,4,5,5,200
179000000,4,5,5,200
180000000,4,5,5,200
181000000,4,5,5,200
182000000,4,5,5,200
183000000,4,5,5,200
184000000,4,5,5,200
185000000,4,5,5,200
186000000,4,5,5,200
187000000,4,5,5,200
188000000,4,5,5,200
189000000,4,5,5,200
190000000,4,5,5,200
191000000,4,5,5,200
192000000,4,5,5,200
193000000,4,5,5,200
194000000,4,5,5,200
195000000,4,5,5,200
196000000,4,5,5,200
197000000,4,5,5,200
198000000,4,5,5,200
199000000,4,5,5,200
200000000,4,5,5,200
201000000,4,5,5,236
202000000,4,5,5,272
203000000,4,5,5,300
204000000,4,5,5,300
205000000,4,5,5,300
206000000,4,5,5,300
207000000,4,5,5,300
208000000,4,5,5,300
209000000,4,5,5,300
210000000,4,5,5,300
211000000,4,5,5,300
212000000,4,5,5,300
213000000,4,5,5,300
214000000,4,5,5,300
215000000,4,5,5,300
216000000,4,5,5,300
217000000,4,5,5,300
218000000,4,5,5,300
219000000,4,5,5,300
220000000,4,5,5,300
221000000,4,5,5,300
222000000,4,5,5,300
223000000,4,5,5,300
224000000,4,5,5,300
225000000,4,5,5,300
226000000,4,5,5,300
227000000,4,5,5,300
228000000,4,5,5,300
229000000,4,5,5,300
230000000,4,5,5,300
231000000,4,5,5,300
232000000,4,5,5,300
233000000,4,5,5,300
234000000,4,5,5,300
235000000,4,5,5,300
236000000,4,5,5,300
237000000,4,5,5,300
238000000,4,5,5,300
239000000,4,5,5,300
240000000,4,5,5,300
241000000,4,5,5,300
242000000,4,5,5,300
243000000,4,5,5,300
244000000,4,5,5,300
245000000,4,5,5,300
246000000,4,5,5,300
247000000,4,5,5,300
248000000,4,5,5,300
249000000,4,5,5,300
250000000,4,5,5,300
251000000,4,5,5,300
252000000,4,5,5,300
253000000,4,5,5,300
254000000,4,5,5,300
255000000,4,5,5,300
256000000,4,5,5,300
257000000,4,5,5,300
258000000,4,5,5,300
259000000,4,5,5,300
260000000,4,5,5,300
261000000,4,5,5,300
262000000,4,5,5,300
263000000,4,5,5,300
264000000,4,5,5,300
265000000,4,5,5,300
266000000,4,5,5,300
267000000,4,5,5,300
268000000,4,5,5,300
269000000,4,5,5,300
270000000,4,5,5,300
271000000,4,5,5,300
272000000,4,5,5,300
273000000,4,5,5,300
274000000,4,5,5,300
275000000,4,5,5,300
276000000,4,5,5,300
277000000,4,5,5,300
278000000,4,5,5,300
279000000,4,5,5,300
280000000,4,5,5,300
281000000,4,5,5,300
282000000,4,5,5,300
283000000,4,5,5,300
284000000,4,5,5,300
285000000,4,5,5,300
286000000,4,5,5,300
287000000,4,5,5,300
288000000,4,5,5,300
289000000,4,5,5,300
290000000,4,5,5,300
291000000,4,5,5,300
292000000,4,5,5,300
293000000,4,5,5,300
294000000,4,5,5,300
295000000,4,5,5,300
296000000,4,5,5,300
297000000,4,5,5,300
298000000,4,5,5,300
299000000,4,5,5,300
300000000,4,5,5,300
301000000,4,5,5,300
302000000,4,5,5,300
303000000,4,5,5,300
304000000,4,5,5,300
305000000,4,5,5,300
306000000,4,5,5,300
307000000,4,5,5,300
308000000,4,5,5,300
309000000,4,5,5,300
310000000,4,5,5,300
311000000,4,5,5,300
312000000,4,5,5,300
313000000,4,5,5,300
314000000,4,5,5,300
315000000,4,5,5,300
316000000,4,5,5,300
317000000,4,5,5,300
318000000,4,5,5,300
319000000,4,5,5,300
320000000,4,5,5,300
321000000,4,5,5,300
322000000,4,5,5,300
323000000,4,5,5,300
324000000,4,5,5,300
325000000,4,5,5,300
326000000,4,5,5,300
327000000,4,5,5,300
328000000,4,5,5,300
329000000,4,5,5,300
330000000,4,5,5,300
331000000,4,5,5,300
332000000,4,5,5,300
333000000,4,5,5,300
334000000,4,5,5,300
335000000,4,5,5,300
336000000,4,5,5,300
337000000,4,5,5,300
338000000,4,5,5,300
339000000,4,5,5,300
340000000,4,5,5,300
341000000,4,5,5,300
342000000,4,5,5,300
343000000,4,5,5,300
344000000,4,5,5,300
345000000,4,5,5,300
346000000,4,5,5,300
347000000,4,5,5,300
348000000,4,5,5,300
349000000,4,5,5,300
350000000,4,5,5,300
351000000,4,5,5,300
352000000,4,5,5,300
353000000,4,5,5,300
354000000,4,5,5,300
355000000,4,5,5,300
356000000,4,5,5,300
357000000,4,5,5,300
358000000,4,5,5,300
359000000,4,5,5,300
360000000,4,5,5,300
361000000,4,5,5,300
362000000,4,5,5,300
363000000,4,5,5,300
364000000,4,5,5,300
365000000,4,5,5,300
366000000,4,5,5,300
367000000,4,5,5,300
368000000,4,5,5,300
369000000,4,5,5,300
370000000,4,5,5,300
371000000,4,5,5,300
372000000,4,5,5,300
373000000,4,5,5,300
374000000,4,5,5,300
375000000,4,5,5,300
376000000,4,5,5,300
377000000,4,5,5,300
378000000,4,5,5,300
379000000,4,5,5,300
380000000,4,5,5,300
381000000,4,5,5,300
382000000,4,5,5,300
383000000,4,5,5,300
384000000,4,5,5,300
385000000,4,5,5,300
386000000,4,5,5,300
387000000,4,5,5,300
388000000,4,5,5,300
389000000,4,5,5,300
390000000,4,5,5,300
391000000,4,5,5,300
392000000,4,5,5,300
393000000,4,5,5,300
394000000,4,5,5,300
395000000,4,5,5,300
396000000,4,5,5,300
397000000,4,5,5,300
398000000,4,5,5,300
399000000,4,5,5,300
400000000,4,5,5,300
401000000,4,5,5,300
402000000,4,5,5,300
403000000,4,5,5,300
404000000,4,5,5,300
405000000,4,5,5,300
406000000,4,5,5,200
407000000,4,5,5,200
408000000,4,5,5,200
409000000,4,5,5,200
410000000,4,5,5,200
411000000,4,5,5,200
412000000,4,5,5,200
413000000,4,5,5,200
414000000,4,5,5,200
415000000,4,5,5,200
416000000,4,5,5,200
417000000,4,5,5,200
418000000,4,5,5,200
419000000,4,5,5,200
420000000,4,5,5,200
421000000,4,5,5,200
422000000,4,5,5,200
423000000,4,5,5,200
424000000,4,5,5,200
425000000,4,5,5,200
426000000,4,5,5,200
427000000,4,5,5,200
428000000,4,5,5,200
429000000,4,5,5,200
430000000,4,5,5,200
431000000,4,5,5,200
432000000,4,5,5,200
433000000,4,5,5,200
434000000,4,5,5,200
435000000,4,5,5,200
436000000,4,5,5,200
437000000,4,5,5,200
438000000,4,5,5,200
439000000,4,5,5,200
440000000,4,5,5,200
441000000,4,5,5,200
442000000,4,5,5,200
443000000,4,5,5,200
444000000,4,5,5,200
445000000,4,5,5,200
446000000,4,5,5,200
447000000,4,5,5,200
448000000,4,5,5,200
449000000,4,5,5,200
450000000,4,5,5,200
451000000,4,5,5,200
452000000,4,5,5,200
453000000,4,5,5,200
454000000,4,5,5,200
455000000,4,5,5,200
456000000,4,5,5,200
457000000,4,5,5,200
458000000,4,5,5,200
459000000,4,5,5,200
460000000,4,5,5,200
461000000,4,5,5,200
462000000,4,5,5,200
463000000,4,5,5,200
464000000,4,5,5,200
465000000,4,5,5,200
466000000,4,5,5,200
467000000,4,5,5,200
468000000,4,5,5,200
469000000,4,5,5,200
470000000,4,5,5,200
471000000,4,5,5,200
472000000,4,5,5,200
473000000,4,5,5,200
474000000,4,5,5,200
475000000,4,5,5,200
476000000,4,5,5,200
477000000,4,5,5,200
478000000,4,5,5,200
479000000,4,5,5,200
480000000,4,5,5,200
481000000,4,5,5,200
482000000,4,5,5,200
483000000,4,5,5,200
484000000,4,5,5,200
485000000,4,5,5,200
486000000,4,5,5,200
487000000,4,5,5,200
488000000,4,5,5,200
489000000,4,5,5,200
490000000,4,5,5,200
491000000,4,5,5,200
492000000,4,5,5,200
493000000,4,5,5,200
494000000,4,5,5,200
495000000,4,5,5,200
496000000,4,5,5,200
497000000,4,5,5,200
498000000,4,5,5,200
499000000,4,5,5,200
500000000,4,5,5,200
501000000,4,5,5,200
502000000,4,5,5,200
503000000,4,5,5,200
504000000,4,5,5,200
505000000,4,5,5,200
506000000,4,5,5,200
507000000,4,5,5,200
508000000,4,5,5,200
509000000,4,5,5,200
510000000,4,5,5,200
511000000,4,5,5,200
512000000,4,5,5,200
513000000,4,5,5,200
514000000,4,5,5,200
515000000,4,5,5,200
516000000,4,5,5,200
517000000,4,5,5,200
518000000,4,5,5,200
519000000,4,5,5,200
520000000,4,5,5,200
521000000,4,5,5,200
522000000,4,5,5,200
523000000,4,5,5,200
524000000,4,5,5,200
525000000,4,5,5,200
526000000,4,5,5,200
527000000,4,5,5,200
528000000,4,5,5,200
529000000,4,5,5,200
530000000,4,5,5,200
531000000,4,5,5,200
532000000,4,5,5,200
533000000,4,5,5,200
534000000,4,5,5,200
535000000,4,5,5,200
536000000,4,5,5,200
537000000,4,5,5,200
538000000,4,5,5,200
539000000,4,5,5,200
540000000,4,5,5,200
541000000,4,5,5,200
542000000,4,5,5,200
543000000,4,5,5,200
544000000,4,5,5,200
545000000,4,5,5,200
546000000,4,5,5,200
547000000,4,5,5,200
548000000,4,5,5,200
549000000,4,5,5,200
550000000,4,5,5,200
551000000,4,5,5,200
552000000,4,5,5,200
553000000,4,5,5,200
554000000,4,5,5,200
555000000,4,5,5,200
556000000,4,5,5,200
557000000,4,5,5,200
558000000,4,5,5,200
559000000,4,5,5,200
560000000,4,5,5,200
561000000,4,5,5,200
562000000,4,5,5,200
563000000,4,5,5,200
564000000,4,5,5,200
565000000,4,5,5,200
566000000,4,5,5,200
567000000,4,5,5,200
568000000,4,5,5,200
569000000,4,5,5,200
570000000,4,5,5,200
571000000,4,5,5,200
572000000,4,5,5,200
573000000,4,5,5,200
574000000,4,5,5,200
575000000,4,5,5,200
576000000,4,5,5,200
577000000,4,5,5,200
578000000,4,5,5,200
579000000,4,5,5,200
580000000,4,5,5,200
581000000,4,5,5,200
582000000,4,5,5,200
583000000,4,5,5,200
584000000,4,5,5,200
585000000,4,5,5,200
586000000,4,5,5,200
587000000,4,5,5,200
588000000,4,5,5,200
589000000,4,5,5,200
590000000,4,5,5,200
591000000,4,5,5,200
592000000,4,5,5,200
593000000,4,5,5,200
594000000,4,5,5,200
595000000,4,5,5,200
596000000,4,5,5,200
597000000,4,5,5,200
598000000,4,5,5,200
599000000,4,5,5,200
600000000,4,5,5,200
601000000,4,5,5,200
602000000,4,5,5,200
603000000,4,5,5,200
604000000,4,5,5,200
605000000,4,5,5,200
606000000,4,5,5,200
607000000,4,5,5,200
608000000,4,5,5,200
609000000,4,5,5,200
610000000,4,5,5,200
611000000,4,5,5,200
612000000,4,5,5,200
613000000,4,5,5,200
614000000,4,5,5,200
615000000,4,5,5,200
616000000,4,5,5,200
617000000,4,5,5,200
618000000,4,5,5,200
619000000,4,5,5,200
620000000,4,5,5,200
621000000,4,5,5,200
622000000,4,5,5,200
623000000,4,5,5,200
624000000,4,5,5,200
625000000,4,5,5,200
626000000,4,5,5,200
627000000,4,5,5,200
628000000,4,5,5,200
629000000,4,5,5,200
630000000,4,5,5,200
631000000,4,5,5,200
632000000,4,5,5,200
633000000,4,5,5,200
634000000,4,5,5,200
635000000,4,5,5,200
636000000,4,5,5,200
637000000,4,5,5,200
638000000,4,5,5,200
639000000,4,5,5,200
640000000,4,5,5,200
641000000,4,5,5,200
642000000,4,5,5,200
643000000,4,5,5,200
644000000,4,5,5,200
645000000,4,5,5,200
646000000,4,5,5,200
647000000,4,5,5,200
648000000,4,5,5,200
649000000,4,5,5,200
650000000,4,5,5,200
651000000,4,5,5,200
652000000,4,5,5,200
653000000,4,5,5,200
654000000,4,5,5,200
655000000,4,5,5,200
656000000,4,5,5,200
657000000,4,5,5,200
658000000,4,5,5,200
659000000,4,5,5,200
660000000,4,5,5,200
661000000,4,5,5,200
662000000,4,5,5,200
663000000,4,5,5,200
664000000,4,5,5,200
665000000,4,5,5,200
666000000,4,5,5,200
667000000,4,5,5,200
668000000,4,5,5,200
669000000,4,5,5,200
670000000,4,5,5,200
671000000,4,5,5,200
672000000,4,5,5,200
673000000,4,5,5,200
674000000,4,5,5,200
675000000,4,5,5,200
676000000,4,5,5,200
677000000,4,5,5,200
678000000,4,5,5,200
679000000,4,5,5,200
680000000,4,5,5,200
681000000,4,5,5,200
682000000,4,5,5,200
683000000,4,5,5,200
684000000,4,5,5,200
685000000,4,5,5,200
686000000,4,5,5,200
687000000,4,5,5,200
688000000,4,5,5,200
689000000,4,5,5,200
690000000,4,5,5,200
691000000,4,5,5,200
692000000,4,5,5,200
693000000,4,5,5,200
694000000,4,5,5,200
695000000,4,5,5,200
696000000,4,5,5,200
697000000,4,5,5,200
698000000,4,5,5,200
699000000,4,5,5,200
700000000,4,5,5,200
701000000,4,5,5,200
702000000,4,5,5,200
703000000,4,5,5,200
704000000,4,5,5,200
705000000,4,5,5,200
706000000,4,5,5,200
707000000,4,5,5,200
708000000,4,5,5,200
709000000,4,5,5,200
710000000,4,5,5,200
711000000,4,5,5,200
712000000,4,5,5,200
713000000,4,5,5,200
714000000,4,5,5,200
715000000,4,5,5,200
716000000,4,5,5,200
717000000,4,5,5,200
718000000,4,5,5,200
719000000,4,5,5,200
720000000,4,5,5,200
721000000,4,5,5,200
722000000,4,5,5,200
723000000,4,5,5,200
724000000,4,5,5,200
725000000,4,5,5,200
726000000,4,5,5,200
727000000,4,5,5,200
728000000,4,5,5,200
729000000,4,5,5,200
730000000,4,5,5,200
731000000,4,5,5,200
732000000,4,5,5,200
733000000,4,5,5,200
734000000,4,5,5,200
735000000,4,5,5,200
736000000,4,5,5,200
737000000,4,5,5,200
738000000,4,5,5,200
739000000,4,5,5,200
740000000,4,5,5,200
741000000,4,5,5,200
742000000,4,5,5,200
743000000,4,5,5,200
744000000,4,5,5,200
745000000,4,5,5,200
746000000,4,5,5,200
747000000,4,5,5,200
748000000,4,5,5,200
749000000,4,5,5,200
750000000,4,5,5,200
751000000,4,5,5,200
752000000,4,5,5,200
753000000,4,5,5,200
754000000,4,5,5,200
755000000,4,5,5,200
756000000,4,5,5,200
757000000,4,5,5,200
758000000,4,5,5,200
759000000,4,5,5,200
760000000,4,5,5,200
761000000,4,5,5,200
762000000,4,5,5,200
763000000,4,5,5,200
764000000,4,5,5,200
765000000,4,5,5,200
766000000,4,5,5,200
767000000,4,5,5,200
768000000,4,5,5,200
769000000,4,5,5,200
770000000,4,5,5,200
771000000,4,5,5,200
772000000,4,5,5,200
773000000,4,5,5,200
774000000,4,5,5,200
775000000,4,5,5,200
776000000,4,5,5,200
777000000,4,5,5,200
778000000,4,5,5,200
779000000,4,5,5,200
780000000,4,5,5,200
781000000,4,5,5,200
782000000,4,5,5,200
783000000,4,5,5,200
784000000,4,5,5,200
785000000,4,5,5,200
786000000,4,5,5,200
787000000,4,5,5,200
788000000,4,5,5,200
789000000,4,5,5,200
790000000,4,5,5,200
791000000,4,5,5,200
792000000,4,5,5,200
793000000,4,5,5,200
794000000,4,5,5,200
795000000,4,5,5,200
796000000,4,5,5,200
797000000,4,5,5,200
798000000,4,5,5,200
799000000,4,5,5,200
800000000,4,5,5,200
801000000,4,5,5,200
802000000,4,5,5,200
803000000,4,5,5,200
804000000,4,5,5,200
805000000,4,5,5,200
806000000,4,5,5,200
807000000,4,5,5,200
808000000,4,5,5,200
809000000,4,5,5,100
810000000,4,5,5,100
811000000,4,5,5,0
812000000,4,5,5,0
813000000,4,5,5,0
814000000,4,5,5,0
815000000,4,5,5,0
816000000,4,5,5,0
817000000,4,5,5,0
818000000,4,5,5,0
819000000,4,5,5,0
820000000,4,5,5,0
821000000,4,5,5,0
822000000,4,5,5,0
823000000,4,5,5,0
824000000,4,5,5,0
825000000,4,5,5,0
826000000,4,5,5,0
827000000,4,5,5,0
828000000,4,5,5,0
829000000,4,5,5,0
830000000,4,5,5,0
831000000,4,5,5,0
832000000,4,5,5,0
833000000,4,5,5,0
834000000,4,5,5,0
835000000,4,5,5,0
836000000,4,5,5,0
837000000,4,5,5,0
838000000,4,5,5,0
839000000,4,5,5,0
840000000,4,5,5,0
841000000,4,5,5,0
842000000,4,5,5,0
843000000,4,5,5,0
844000000,4,5,5,0
845000000,4,5,5,0
846000000,4,5,5,0
847000000,4,5,5,0
848000000,4,5,5,0
849000000,4,5,5,0
850000000,4,5,5,0
851000000,4,5,5,0
852000000,4,5,5,0
853000000,4,5,5,0
854000000,4,5,5,0
855000000,4,5,5,0
856000000,4,5,5,0
857000000,4,5,5,0
858000000,4,5,5,0
859000000,4,5,5,0
860000000,4,5,5,0
861000000,4,5,5,0
862000000,4,5,5,0
863000000,4,5,5,0
864000000,4,5,5,0
865000000,4,5,5,0
866000000,4,5,5,0
867000000,4,5,5,0
868000000,4,5,5,0
869000000,4,5,5,0
870000000,4,5,5,0
871000000,4,5,5,0
872000000,4,5,5,0
873000000,4,5,5,0
874000000,4,5,5,0
875000000,4,5,5,0
876000000,4,5,5,0
877000000,4,5,5,0
878000000,4,5,5,0
879000000,4,5,5,0
880000000,4,5,5,0
881000000,4,5,5,0
882000000,4,5,5,0
883000000,4,5,5,0
884000000,4,5,5,0
885000000,4,5,5,0
886000000,4,5,5,0
887000000,4,5,5,0
888000000,4,5,5,0
889000000,4,5,5,0
890000000,4,5,5,0
891000000,4,5,5,0
892000000,4,5,5,0
893000000,4,5,5,0
894000000,4,5,5,0
895000000,4,5,5,0
896000000,4,5,5,0
897000000,4,5,5,0
898000000,4,5,5,0
899000000,4,5,5,0
900000000,4,5,5,0
901000000,4,5,5,0
902000000,4,5,5,0
903000000,4,5,5,0
904000000,4,5,5,0
905000000,4,5,5,0
906000000,4,5,5,0
907000000,4,5,5,0
908000000,4,5,5,0
909000000,4,5,5,0
910000000,4,5,5,0
911000000,4,5,5,0
912000000,4,5,5,0
913000000,4,5,5,0
914000000,4,5,5,0
915000000,4,5,5,0
916000000,4,5,5,0
917000000,4,5,5,0
918000000,4,5,5,0
919000000,4,5,5,0
920000000,4,5,5,0
921000000,4,5,5,0
922000000,4,5,5,0
923000000,4,5,5,0
924000000,4,5,5,0
925000000,4,5,5,0
926000000,4,5,5,0
927000000,4,5,5,0
928000000,4,5,5,0
929000000,4,5,5,0
930000000,4,5,5,0
931000000,4,5,5,0
932000000,4,5,5,0
933000000,4,5,5,0
934000000,4,5,5,0
935000000,4,5,5,0
936000000,4,5,5,0
937000000,4,5,5,0
938000000,4,5,5,0
939000000,4,5,5,0
940000000,4,5,5,0
941000000,4,5,5,0
942000000,4,5,5,0
943000000,4,5,5,0
944000000,4,5,5,0
945000000,4,5,5,0
946000000,4,5,5,0
947000000,4,5,5,0
948000000,4,5,5,0
949000000,4,5,5,0
950000000,4,5,5,0
951000000,4,5,5,0
952000000,4,5,5,0
953000000,4,5,5,0
954000000,4,5,5,0
955000000,4,5,5,0
956000000,4,5,5,0
957000000,4,5,5,0
958000000,4,5,5,0
959000000,4,5,5,0
960000000,4,5,5,0
961000000,4,5,5,0
962000000,4,5,5,0
963000000,4,5,5,0
964000000,4,5,5,0
965000000,4,5,5,0
966000000,4,5,5,0
967000000,4,5,5,0
968000000,4,5,5,0
969000000,4,5,5,0
970000000,4,5,5,0
971000000,4,5,5,0
972000000,4,5,5,0
973000000,4,5,5,0
974000000,4,5,5,0
975000000,4,5,5,0
976000000,4,5,5,0
977000000,4,5,5,0
978000000,4,5,5,0
979000000,4,5,5,0
980000000,4,5,5,0
981000000,4,5,5,0
982000000,4,5,5,0
983000000,4,5,5,0
984000000,4,5,5,0
985000000,4,5,5,0
986000000,4,5,5,0
987000000,4,5,5,0
988000000,4,5,5,0
989000000,4,5,5,0
990000000,4,5,5,0
991000000,4,5,5,0
992000000,4,5,5,0
993000000,4,5,5,0
994000000,4,5,5,0
995000000,4,5,5,0
996000000,4,5,5,0
997000000,4,5,5,0
998000000,4,5,5,0
999000000,4,5,5,0
1000000,5,1,5,136
2000000,5,1,5,172
3000000,5,1,5,200
4000000,5,1,5,200
5000000,5,1,5,200
6000000,5,1,5,200
7000000,5,1,5,200
8000000,5,1,5,200
9000000,5,1,5,200
10000000,5,1,5,200
11000000,5,1,5,236
12000000,5,1,5,272
13000000,5,1,5,300
14000000,5,1,5,300
15000000,5,1,5,300
16000000,5,1,5,300
17000000,5,1,5,300
18000000,5,1,5,300
19000000,5,1,5,300
20000000,5,1,5,300
21000000,5,1,5,300
22000000,5,1,5,300
23000000,5,1,5,300
24000000,5,1,5,300
25000000,5,1,5,300
26000000,5,1,5,300
27000000,5,1,5,300
28000000,5,1,5,300
29000000,5,1,5,300
30000000,5,1,5,300
31000000,5,1,5,300
32000000,5,1,5,300
33000000,5,1,5,300
34000000,5,1,5,300
35000000,5,1,5,300
36000000,5,1,5,300
37000000,5,1,5,300
38000000,5,1,5,300
39000000,5,1,5,300
40000000,5,1,5,300
41000000,5,1,5,300
42000000,5,1,5,300
43000000,5,1,5,300
44000000,5,1,5,300
45000000,5,1,5,300
46000000,5,1,5,300
47000000,5,1,5,300
48000000,5,1,5,300
49000000,5,1,5,300
50000000,5,1,5,300
51000000,5,1,5,300
52000000,5,1,5,300
53000000,5,1,5,300
54000000,5,1,5,300
55000000,5,1,5,300
56000000,5,1,5,300
57000000,5,1,5,300
58000000,5,1,5,300
59000000,5,1,5,300
60000000,5,1,5,300
61000000,5,1,5,300
62000000,5,1,5,300
63000000,5,1,5,300
64000000,5,1,5,300
65000000,5,1,5,300
66000000,5,1,5,300
67000000,5,1,5,300
68000000,5,1,5,300
69000000,5,1,5,300
70000000,5,1,5,300
71000000,5,1,5,300
72000000,5,1,5,300
73000000,5,1,5,300
74000000,5,1,5,300
75000000,5,1,5,300
76000000,5,1,5,300
77000000,5,1,5,300
78000000,5,1,5,300
79000000,5,1,5,300
80000000,5,1,5,300
81000000,5,1,5,300
82000000,5,1,5,300
83000000,5,1,5,300
84000000,5,1,5,300
85000000,5,1,5,300
86000000,5,1,5,300
87000000,5,1,5,300
88000000,5,1,5,300
89000000,5,1,5,300
90000000,5,1,5,300
91000000,5,1,5,300
92000000,5,1,5,300
93000000,5,1,5,300
94000000,5,1,5,300
95000000,5,1,5,300
96000000,5,1,5,300
97000000,5,1,5,300
98000000,5,1,5,300
99000000,5,1,5,300
100000000,5,1,5,300
101000000,5,1,5,300
102000000,5,1,5,300
103000000,5,1,5,300
104000000,5,1,5,300
105000000,5,1,5,300
106000000,5,1,5,300
107000000,5,1,5,300
108000000,5,1,5,300
109000000,5,1,5,300
110000000,5,1,5,300
111000000,5,1,5,300
112000000,5,1,5,300
113000000,5,1,5,300
114000000,5,1,5,300
115000000,5,1,5,300
116000000,5,1,5,300
117000000,5,1,5,300
118000000,5,1,5,300
119000000,5,1,5,300
120000000,5,1,5,300
121000000,5,1,5,300
122000000,5,1,5,300
123000000,5,1,5,300
124000000,5,1,5,300
125000000,5,1,5,300
126000000,5,1,5,300
127000000,5,1,5,300
128000000,5,1,5,300
129000000,5,1,5,300
130000000,5,1,5,300
131000000,5,1,5,300
132000000,5,1,5,300
133000000,5,1,5,300
134000000,5,1,5,300
135000000,5,1,5,300
136000000,5,1,5,300
137000000,5,1,5,300
138000000,5,1,5,300
139000000,5,1,5,300
140000000,5,1,5,300
141000000,5,1,5,300
142000000,5,1,5,300
143000000,5,1,5,300
144000000,5,1,5,300
145000000,5,1,5,300
146000000,5,1,5,300
147000000,5,1,5,300
148000000,5,1,5,300
149000000,5,1,5,300
150000000,5,1,5,300
151000000,5,1,5,300
152000000,5,1,5,300
153000000,5,1,5,300
154000000,5,1,5,300
155000000,5,1,5,300
156000000,5,1,5,300
157000000,5,1,5,300
158000000,5,1,5,300
159000000,5,1,5,300
160000000,5,1,5,300
161000000,5,1,5,300
162000000,5,1,5,300
163000000,5,1,5,300
164000000,5,1,5,300
165000000,5,1,5,300
166000000,5,1,5,300
167000000,5,1,5,300
168000000,5,1,5,300
169000000,5,1,5,300
170000000,5,1,5,300
171000000,5,1,5,300
172000000,5,1,5,300
173000000,5,1,5,300
174000000,5,1,5,300
175000000,5,1,5,300
176000000,5,1,5,300
177000000,5,1,5,300
178000000,5,1,5,300
179000000,5,1,5,300
180000000,5,1,5,300
181000000,5,1,5,300
182000000,5,1,5,300
183000000,5,1,5,300
184000000,5,1,5,300
185000000,5,1,5,300
186000000,5,1,5,300
187000000,5,1,5,300
188000000,5,1,5,300
189000000,5,1,5,300
190000000,5,1,5,300
191000000,5,1,5,300
192000000,5,1,5,300
193000000,5,1,5,300
194000000,5,1,5,300
195000000,5,1,5,300
196000000,5,1,5,300
197000000,5,1,5,300
198000000,5,1,5,300
199000000,5,1,5,300
200000000,5,1,5,300
201000000,5,1,5,300
202000000,5,1,5,300
203000000,5,1,5,300
204000000,5,1,5,300
205000000,5,1,5,300
206000000,5,1,5,300
207000000,5,1,5,300
208000000,5,1,5,300
209000000,5,1,5,300
210000000,5,1,5,300
211000000,5,1,5,300
212000000,5,1,5,300
213000000,5,1,5,300
214000000,5,1,5,300
215000000,5,1,5,300
216000000,5,1,5,300
217000000,5,1,5,300
218000000,5,1,5,300
219000000,5,1,5,300
220000000,5,1,5,300
221000000,5,1,5,300
222000000,5,1,5,300
223000000,5,1,5,300
224000000,5,1,5,300
225000000,5,1,5,300
226000000,5,1,5,300
227000000,5,1,5,300
228000000,5,1,5,300
229000000,5,1,5,300
230000000,5,1,5,300
231000000,5,1,5,300
232000000,5,1,5,300
233000000,5,1,5,300
234000000,5,1,5,300
235000000,5,1,5,300
236000000,5,1,5,300
237000000,5,1,5,300
238000000,5,1,5,300
239000000,5,1,5,300
240000000,5,1,5,300
241000000,5,1,5,300
242000000,5,1,5,300
243000000,5,1,5,300
244000000,5,1,5,300
245000000,5,1,5,300
246000000,5,1,5,300
247000000,5,1,5,300
248000000,5,1,5,300
249000000,5,1,5,300
250000000,5,1,5,300
251000000,5,1,5,300
252000000,5,1,5,300
253000000,5,1,5,300
254000000,5,1,5,300
255000000,5,1,5,300
256000000,5,1,5,300
257000000,5,1,5,300
258000000,5,1,5,300
259000000,5,1,5,300
260000000,5,1,5,300
261000000,5,1,5,300
262000000,5,1,5,300
263000000,5,1,5,300
264000000,5,1,5,300
265000000,5,1,5,300
266000000,5,1,5,300
267000000,5,1,5,300
268000000,5,1,5,300
269000000,5,1,5,300
270000000,5,1,5,300
271000000,5,1,5,300
272000000,5,1,5,300
273000000,5,1,5,300
274000000,5,1,5,300
275000000,5,1,5,300
276000000,5,1,5,300
277000000,5,1,5,300
278000000,5,1,5,300
279000000,5,1,5,300
280000000,5,1,5,300
281000000,5,1,5,300
282000000,5,1,5,300
283000000,5,1,5,300
284000000,5,1,5,300
285000000,5,1,5,300
286000000,5,1,5,300
287000000,5,1,5,300
288000000,5,1,5,300
289000000,5,1,5,300
290000000,5,1,5,300
291000000,5,1,5,300
292000000,5,1,5,300
293000000,5,1,5,300
294000000,5,1,5,300
295000000,5,1,5,300
296000000,5,1,5,300
297000000,5,1,5,300
298000000,5,1,5,300
299000000,5,1,5,300
300000000,5,1,5,300
301000000,5,1,5,300
302000000,5,1,5,300
303000000,5,1,5,300
304000000,5,1,5,300
305000000,5,1,5,300
306000000,5,1,5,300
307000000,5,1,5,300
308000000,5,1,5,300
309000000,5,1,5,300
310000000,5,1,5,300
311000000,5,1,5,300
312000000,5,1,5,300
313000000,5,1,5,300
314000000,5,1,5,300
315000000,5,1,5,300
316000000,5,1,5,300
317000000,5,1,5,300
318000000,5,1,5,300
319000000,5,1,5,300
320000000,5,1,5,300
321000000,5,1,5,300
322000000,5,1,5,300
323000000,5,1,5,300
324000000,5,1,5,300
325000000,5,1,5,300
326000000,5,1,5,300
327000000,5,1,5,300
328000000,5,1,5,300
329000000,5,1,5,300
330000000,5,1,5,300
331000000,5,1,5,300
332000000,5,1,5,300
333000000,5,1,5,300
334000000,5,1,5,300
335000000,5,1,5,300
336000000,5,1,5,300
337000000,5,1,5,300
338000000,5,1,5,300
339000000,5,1,5,300
340000000,5,1,5,300
341000000,5,1,5,300
342000000,5,1,5,300
343000000,5,1,5,300
344000000,5,1,5,300
345000000,5,1,5,300
346000000,5,1,5,300
347000000,5,1,5,300
348000000,5,1,5,300
349000000,5,1,5,300
350000000,5,1,5,300
351000000,5,1,5,300
352000000,5,1,5,300
353000000,5,1,5,300
354000000,5,1,5,300
355000000,5,1,5,300
356000000,5,1,5,300
357000000,5,1,5,300
358000000,5,1,5,300
359000000,5,1,5,300
360000000,5,1,5,300
361000000,5,1,5,300
362000000,5,1,5,300
363000000,5,1,5,300
364000000,5,1,5,300
365000000,5,1,5,300
366000000,5,1,5,300
367000000,5,1,5,300
368000000,5,1,5,300
369000000,5,1,5,300
370000000,5,1,5,300
371000000,5,1,5,300
372000000,5,1,5,300
373000000,5,1,5,300
374000000,5,1,5,300
375000000,5,1,5,300
376000000,5,1,5,300
377000000,5,1,5,300
378000000,5,1,5,300
379000000,5,1,5,300
380000000,5,1,5,300
381000000,5,1,5,300
382000000,5,1,5,300
383000000,5,1,5,300
384000000,5,1,5,300
385000000,5,1,5,300
386000000,5,1,5,300
387000000,5,1,5,300
388000000,5,1,5,300
389000000,5,1,5,300
390000000,5,1,5,300
391000000,5,1,5,300
392000000,5,1,5,300
393000000,5,1,5,300
394000000,5,1,5,300
395000000,5,1,5,300
396000000,5,1,5,300
397000000,5,1,5,300
398000000,5,1,5,300
399000000,5,1,5,300
400000000,5,1,5,300
401000000,5,1,5,300
402000000,5,1,5,300
403000000,5,1,5,300
404000000,5,1,5,300
405000000,5,1,5,300
406000000,5,1,5,300
407000000,5,1,5,300
408000000,5,1,5,300
409000000,5,1,5,300
410000000,5,1,5,300
411000000,5,1,5,300
412000000,5,1,5,300
413000000,5,1,5,300
414000000,5,1,5,300
415000000,5,1,5,300
416000000,5,1,5,300
417000000,5,1,5,300
418000000,5,1,5,300
419000000,5,1,5,300
420000000,5,1,5,300
421000000,5,1,5,300
422000000,5,1,5,300
423000000,5,1,5,300
424000000,5,1,5,300
425000000,5,1,5,300
426000000,5,1,5,300
427000000,5,1,5,300
428000000,5,1,5,300
429000000,5,1,5,300
430000000,5,1,5,300
431000000,5,1,5,300
432000000,5,1,5,300
433000000,5,1,5,300
434000000,5,1,5,300
435000000,5,1,5,300
436000000,5,1,5,300
437000000,5,1,5,300
438000000,5,1,5,300
439000000,5,1,5,300
440000000,5,1,5,300
441000000,5,1,5,300
442000000,5,1,5,300
443000000,5,1,5,300
444000000,5,1,5,300
445000000,5,1,5,300
446000000,5,1,5,300
447000000,5,1,5,300
448000000,5,1,5,300
449000000,5,1,5,300
450000000,5,1,5,300
451000000,5,1,5,300
452000000,5,1,5,300
453000000,5,1,5,300
454000000,5,1,5,300
455000000,5,1,5,300
456000000,5,1,5,300
457000000,5,1,5,300
458000000,5,1,5,300
459000000,5,1,5,300
460000000,5,1,5,300
461000000,5,1,5,300
462000000,5,1,5,300
463000000,5,1,5,300
464000000,5,1,5,300
465000000,5,1,5,300
466000000,5,1,5,300
467000000,5,1,5,300
468000000,5,1,5,300
469000000,5,1,5,300
470000000,5,1,5,300
471000000,5,1,5,300
472000000,5,1,5,300
473000000,5,1,5,300
474000000,5,1,5,300
475000000,5,1,5,300
476000000,5,1,5,300
477000000,5,1,5,300
478000000,5,1,5,300
479000000,5,1,5,300
480000000,5,1,5,300
481000000,5,1,5,300
482000000,5,1,5,300
483000000,5,1,5,300
484000000,5,1,5,300
485000000,5,1,5,300
486000000,5,1,5,300
487000000,5,1,5,300
488000000,5,1,5,300
489000000,5,1,5,300
490000000,5,1,5,300
491000000,5,1,5,300
492000000,5,1,5,300
493000000,5,1,5,300
494000000,5,1,5,300
495000000,5,1,5,300
496000000,5,1,5,300
497000000,5,1,5,300
498000000,5,1,5,300
499000000,5,1,5,300
500000000,5,1,5,300
501000000,5,1,5,300
502000000,5,1,5,300
503000000,5,1,5,300
504000000,5,1,5,300
505000000,5,1,5,300
506000000,5,1,5,300
507000000,5,1,5,300
508000000,5,1,5,300
509000000,5,1,5,300
510000000,5,1,5,300
511000000,5,1,5,300
512000000,5,1,5,300
513000000,5,1,5,300
514000000,5,1,5,300
515000000,5,1,5,300
516000000,5,1,5,300
517000000,5,1,5,300
518000000,5,1,5,300
519000000,5,1,5,300
520000000,5,1,5,300
521000000,5,1,5,300
522000000,5,1,5,300
523000000,5,1,5,300
524000000,5,1,5,300
525000000,5,1,5,300
526000000,5,1,5,300
527000000,5,1,5,300
528000000,5,1,5,300
529000000,5,1,5,300
530000000,5,1,5,300
531000000,5,1,5,300
532000000,5,1,5,300
533000000,5,1,5,300
534000000,5,1,5,300
535000000,5,1,5,300
536000000,5,1,5,300
537000000,5,1,5,300
538000000,5,1,5,300
539000000,5,1,5,300
540000000,5,1,5,300
541000000,5,1,5,300
542000000,5,1,5,300
543000000,5,1,5,300
544000000,5,1,5,300
545000000,5,1,5,300
546000000,5,1,5,300
547000000,5,1,5,300
548000000,5,1,5,300
549000000,5,1,5,300
550000000,5,1,5,300
551000000,5,1,5,300
552000000,5,1,5,300
553000000,5,1,5,300
554000000,5,1,5,300
555000000,5,1,5,300
556000000,5,1,5,300
557000000,5,1,5,300
558000000,5,1,5,300
559000000,5,1,5,300
560000000,5,1,5,300
561000000,5,1,5,300
562000000,5,1,5,300
563000000,5,1,5,300
564000000,5,1,5,300
565000000,5,1,5,300
566000000,5,1,5,300
567000000,5,1,5,300
568000000,5,1,5,300
569000000,5,1,5,300
570000000,5,1,5,300
571000000,5,1,5,300
572000000,5,1,5,300
573000000,5,1,5,300
574000000,5,1,5,300
575000000,5,1,5,300
576000000,5,1,5,300
577000000,5,1,5,300
578000000,5,1,5,300
579000000,5,1,5,300
580000000,5,1,5,300
581000000,5,1,5,300
582000000,5,1,5,300
583000000,5,1,5,300
584000000,5,1,5,300
585000000,5,1,5,300
586000000,5,1,5,300
587000000,5,1,5,300
588000000,5,1,5,300
589000000,5,1,5,300
590000000,5,1,5,300
591000000,5,1,5,300
592000000,5,1,5,300
593000000,5,1,5,300
594000000,5,1,5,300
595000000,5,1,5,300
596000000,5,1,5,300
597000000,5,1,5,300
598000000,5,1,5,300
599000000,5,1,5,300
600000000,5,1,5,300
601000000,5,1,5,300
602000000,5,1,5,300
603000000,5,1,5,300
604000000,5,1,5,300
605000000,5,1,5,300
606000000,5,1,5,300
607000000,5,1,5,300
608000000,5,1,5,300
609000000,5,1,5,300
610000000,5,1,5,300
611000000,5,1,5,300
612000000,5,1,5,300
613000000,5,1,5,300
614000000,5,1,5,300
615000000,5,1,5,300
616000000,5,1,5,300
617000000,5,1,5,300
618000000,5,1,5,300
619000000,5,1,5,300
620000000,5,1,5,300
621000000,5,1,5,300
622000000,5,1,5,300
623000000,5,1,5,300
624000000,5,1,5,300
625000000,5,1,5,300
626000000,5,1,5,300
627000000,5,1,5,300
628000000,5,1,5,300
629000000,5,1,5,300
630000000,5,1,5,300
631000000,5,1,5,300
632000000,5,1,5,300
633000000,5,1,5,300
634000000,5,1,5,300
635000000,5,1,5,300
636000000,5,1,5,300
637000000,5,1,5,300
638000000,5,1,5,300
639000000,5,1,5,300
640000000,5,1,5,300
641000000,5,1,5,300
642000000,5,1,5,300
643000000,5,1,5,300
644000000,5,1,5,300
645000000,5,1,5,300
646000000,5,1,5,300
647000000,5,1,5,300
648000000,5,1,5,300
649000000,5,1,5,300
650000000,5,1,5,300
651000000,5,1,5,300
652000000,5,1,5,300
653000000,5,1,5,300
654000000,5,1,5,300
655000000,5,1,5,300
656000000,5,1,5,300
657000000,5,1,5,300
658000000,5,1,5,300
659000000,5,1,5,300
660000000,5,1,5,300
661000000,5,1,5,300
662000000,5,1,5,300
663000000,5,1,5,300
664000000,5,1,5,300
665000000,5,1,5,300
666000000,5,1,5,300
667000000,5,1,5,300
668000000,5,1,5,300
669000000,5,1,5,300
670000000,5,1,5,300
671000000,5,1,5,300
672000000,5,1,5,300
673000000,5,1,5,300
674000000,5,1,5,300
675000000,5,1,5,300
676000000,5,1,5,300
677000000,5,1,5,300
678000000,5,1,5,300
679000000,5,1,5,300
680000000,5,1,5,300
681000000,5,1,5,300
682000000,5,1,5,300
683000000,5,1,5,300
684000000,5,1,5,300
685000000,5,1,5,300
686000000,5,1,5,300
687000000,5,1,5,300
688000000,5,1,5,300
689000000,5,1,5,300
690000000,5,1,5,300
691000000,5,1,5,300
692000000,5,1,5,300
693000000,5,1,5,300
694000000,5,1,5,300
695000000,5,1,5,300
696000000,5,1,5,300
697000000,5,1,5,300
698000000,5,1,5,300
699000000,5,1,5,300
700000000,5,1,5,300
701000000,5,1,5,300
702000000,5,1,5,300
703000000,5,1,5,300
704000000,5,1,5,300
705000000,5,1,5,300
706000000,5,1,5,300
707000000,5,1,5,300
708000000,5,1,5,300
709000000,5,1,5,300
710000000,5,1,5,300
711000000,5,1,5,300
712000000,5,1,5,300
713000000,5,1,5,300
714000000,5,1,5,300
715000000,5,1,5,300
716000000,5,1,5,300
717000000,5,1,5,300
718000000,5,1,5,300
719000000,5,1,5,300
720000000,5,1,5,300
721000000,5,1,5,300
722000000,5,1,5,300
723000000,5,1,5,300
724000000,5,1,5,300
725000000,5,1,5,300
726000000,5,1,5,300
727000000,5,1,5,300
728000000,5,1,5,300
729000000,5,1,5,300
730000000,5,1,5,300
731000000,5,1,5,300
732000000,5,1,5,300
733000000,5,1,5,300
734000000,5,1,5,300
735000000,5,1,5,300
736000000,5,1,5,300
737000000,5,1,5,300
738000000,5,1,5,300
739000000,5,1,5,300
740000000,5,1,5,300
741000000,5,1,5,300
742000000,5,1,5,300
743000000,5,1,5,300
744000000,5,1,5,300
745000000,5,1,5,300
746000000,5,1,5,300
747000000,5,1,5,300
748000000,5,1,5,300
749000000,5,1,5,300
750000000,5,1,5,300
751000000,5,1,5,300
752000000,5,1,5,300
753000000,5,1,5,300
754000000,5,1,5,300
755000000,5,1,5,300
756000000,5,1,5,300
757000000,5,1,5,300
758000000,5,1,5,300
759000000,5,1,5,300
760000000,5,1,5,300
761000000,5,1,5,300
762000000,5,1,5,300
763000000,5,1,5,300
764000000,5,1,5,300
765000000,5,1,5,300
766000000,5,1,5,300
767000000,5,1,5,300
768000000,5,1,5,300
769000000,5,1,5,300
770000000,5,1,5,300
771000000,5,1,5,300
772000000,5,1,5,300
773000000,5,1,5,300
774000000,5,1,5,300
775000000,5,1,5,300
776000000,5,1,5,300
777000000,5,1,5,300
778000000,5,1,5,300
779000000,5,1,5,300
780000000,5,1,5,300
781000000,5,1,5,300
782000000,5,1,5,300
783000000,5,1,5,300
784000000,5,1,5,300
785000000,5,1,5,300
786000000,5,1,5,300
787000000,5,1,5,300
788000000,5,1,5,300
789000000,5,1,5,300
790000000,5,1,5,300
791000000,5,1,5,300
792000000,5,1,5,300
793000000,5,1,5,300
794000000,5,1,5,300
795000000,5,1,5,300
796000000,5,1,5,300
797000000,5,1,5,300
798000000,5,1,5,300
799000000,5,1,5,300
800000000,5,1,5,300
801000000,5,1,5,300
802000000,5,1,5,300
803000000,5,1,5,300
804000000,5,1,5,300
805000000,5,1,5,300
806000000,5,1,5,300
807000000,5,1,5,300
808000000,5,1,5,300
809000000,5,1,5,200
810000000,5,1,5,200
811000000,5,1,5,200
812000000,5,1,5,200
813000000,5,1,5,200
814000000,5,1,5,200
815000000,5,1,5,200
816000000,5,1,5,200
817000000,5,1,5,200
818000000,5,1,5,200
819000000,5,1,5,100
820000000,5,1,5,100
821000000,5,1,5,0
822000000,5,1,5,0
823000000,5,1,5,0
824000000,5,1,5,0
825000000,5,1,5,0
826000000,5,1,5,0
827000000,5,1,5,0
828000000,5,1,5,0
829000000,5,1,5,0
830000000,5,1,5,0
831000000,5,1,5,0
832000000,5,1,5,0
833000000,5,1,5,0
834000000,5,1,5,0
835000000,5,1,5,0
836000000,5,1,5,0
837000000,5,1,5,0
838000000,5,1,5,0
839000000,5,1,5,0
840000000,5,1,5,0
841000000,5,1,5,0
842000000,5,1,5,0
843000000,5,1,5,0
844000000,5,1,5,0
845000000,5,1,5,0
846000000,5,1,5,0
847000000,5,1,5,0
848000000,5,1,5,0
849000000,5,1,5,0
850000000,5,1,5,0
851000000,5,1,5,0
852000000,5,1,5,0
853000000,5,1,5,0
854000000,5,1,5,0
855000000,5,1,5,0
856000000,5,1,5,0
857000000,5,1,5,0
858000000,5,1,5,0
859000000,5,1,5,0
860000000,5,1,5,0
861000000,5,1,5,0
862000000,5,1,5,0
863000000,5,1,5,0
864000000,5,1,5,0
865000000,5,1,5,0
866000000,5,1,5,0
867000000,5,1,5,0
868000000,5,1,5,0
869000000,5,1,5,0
870000000,5,1,5,0
871000000,5,1,5,0
872000000,5,1,5,0
873000000,5,1,5,0
874000000,5,1,5,0
875000000,5,1,5,0
876000000,5,1,5,0
877000000,5,1,5,0
878000000,5,1,5,0
879000000,5,1,5,0
880000000,5,1,5,0
881000000,5,1,5,0
882000000,5,1,5,0
883000000,5,1,5,0
884000000,5,1,5,0
885000000,5,1,5,0
886000000,5,1,5,0
887000000,5,1,5,0
888000000,5,1,5,0
889000000,5,1,5,0
890000000,5,1,5,0
891000000,5,1,5,0
892000000,5,1,5,0
893000000,5,1,5,0
894000000,5,1,5,0
895000000,5,1,5,0
896000000,5,1,5,0
897000000,5,1,5,0
898000000,5,1,5,0
899000000,5,1,5,0
900000000,5,1,5,0
901000000,5,1,5,0
902000000,5,1,5,0
903000000,5,1,5,0
904000000,5,1,5,0
905000000,5,1,5,0
906000000,5,1,5,0
907000000,5,1,5,0
908000000,5,1,5,0
909000000,5,1,5,0
910000000,5,1,5,0
911000000,5,1,5,0
912000000,5,1,5,0
913000000,5,1,5,0
914000000,5,1,5,0
915000000,5,1,5,0
916000000,5,1,5,0
917000000,5,1,5,0
918000000,5,1,5,0
919000000,5,1,5,0
920000000,5,1,5,0
921000000,5,1,5,0
922000000,5,1,5,0
923000000,5,1,5,0
924000000,5,1,5,0
925000000,5,1,5,0
926000000,5,1,5,0
927000000,5,1,5,0
928000000,5,1,5,0
929000000,5,1,5,0
930000000,5,1,5,0
931000000,5,1,5,0
932000000,5,1,5,0
933000000,5,1,5,0
934000000,5,1,5,0
935000000,5,1,5,0
936000000,5,1,5,0
937000000,5,1,5,0
938000000,5,1,5,0
939000000,5,1,5,0
940000000,5,1,5,0
941000000,5,1,5,0
942000000,5,1,5,0
943000000,5,1,5,0
944000000,5,1,5,0
945000000,5,1,5,0
946000000,5,1,5,0
947000000,5,1,5,0
948000000,5,1,5,0
949000000,5,1,5,0
950000000,5,1,5,0
951000000,5,1,5,0
952000000,5,1,5,0
953000000,5,1,5,0
954000000,5,1,5,0
955000000,5,1,5,0
956000000,5,1,5,0
957000000,5,1,5,0
958000000,5,1,5,0
959000000,5,1,5,0
960000000,5,1,5,0
961000000,5,1,5,0
962000000,5,1,5,0
963000000,5,1,5,0
964000000,5,1,5,0
965000000,5,1,5,0
966000000,5,1,5,0
967000000,5,1,5,0
968000000,5,1,5,0
969000000,5,1,5,0
970000000,5,1,5,0
971000000,5,1,5,0
972000000,5,1,5,0
973000000,5,1,5,0
974000000,5,1,5,0
975000000,5,1,5,0
976000000,5,1,5,0
977000000,5,1,5,0
978000000,5,1,5,0
979000000,5,1,5,0
980000000,5,1,5,0
981000000,5,1,5,0
982000000,5,1,5,0
983000000,5,1,5,0
984000000,5,1,5,0
985000000,5,1,5,0
986000000,5,1,5,0
987000000,5,1,5,0
988000000,5,1,5,0
989000000,5,1,5,0
990000000,5,1,5,0
991000000,5,1,5,0
992000000,5,1,5,0
993000000,5,1,5,0
994000000,5,1,5,0
995000000,5,1,5,0
996000000,5,1,5,0
997000000,5,1,5,0
998000000,5,1,5,0
999000000,5,1,5,0
1000000,5,2,5,136
2000000,5,2,5,172
3000000,5,2,5,200
4000000,5,2,5,200
5000000,5,2,5,200
6000000,5,2,5,200
7000000,5,2,5,200
8000000,5,2,5,200
9000000,5,2,5,200
10000000,5,2,5,200
11000000,5,2,5,236
12000000,5,2,5,272
13000000,5,2,5,300
14000000,5,2,5,300
15000000,5,2,5,300
16000000,5,2,5,300
17000000,5,2,5,300
18000000,5,2,5,300
19000000,5,2,5,300
20000000,5,2,5,300
21000000,5,2,5,336
22000000,5,2,5,372
23000000,5,2,5,400
24000000,5,2,5,400
25000000,5,2,5,400
26000000,5,2,5,400
27000000,5,2,5,400
28000000,5,2,5,400
29000000,5,2,5,400
30000000,5,2,5,400
31000000,5,2,5,400
32000000,5,2,5,400
33000000,5,2,5,400
34000000,5,2,5,400
35000000,5,2,5,400
36000000,5,2,5,400
37000000,5,2,5,400
38000000,5,2,5,400
39000000,5,2,5,400
40000000,5,2,5,400
41000000,5,2,5,400
42000000,5,2,5,400
43000000,5,2,5,400
44000000,5,2,5,400
45000000,5,2,5,400
46000000,5,2,5,400
47000000,5,2,5,400
48000000,5,2,5,400
49000000,5,2,5,400
50000000,5,2,5,400
51000000,5,2,5,400
52000000,5,2,5,400
53000000,5,2,5,400
54000000,5,2,5,400
55000000,5,2,5,400
56000000,5,2,5,400
57000000,5,2,5,400
58000000,5,2,5,400
59000000,5,2,5,400
60000000,5,2,5,400
61000000,5,2,5,400
62000000,5,2,5,400
63000000,5,2,5,400
64000000,5,2,5,400
65000000,5,2,5,400
66000000,5,2,5,400
67000000,5,2,5,400
68000000,5,2,5,400
69000000,5,2,5,400
70000000,5,2,5,400
71000000,5,2,5,400
72000000,5,2,5,400
73000000,5,2,5,400
74000000,5,2,5,400
75000000,5,2,5,400
76000000,5,2,5,400
77000000,5,2,5,400
78000000,5,2,5,400
79000000,5,2,5,400
80000000,5,2,5,400
81000000,5,2,5,400
82000000,5,2,5,400
83000000,5,2,5,400
84000000,5,2,5,400
85000000,5,2,5,400
86000000,5,2,5,400
87000000,5,2,5,400
88000000,5,2,5,400
89000000,5,2,5,400
90000000,5,2,5,400
91000000,5,2,5,400
92000000,5,2,5,400
93000000,5,2,5,400
94000000,5,2,5,400
95000000,5,2,5,400
96000000,5,2,5,400
97000000,5,2,5,400
98000000,5,2,5,400
99000000,5,2,5,400
100000000,5,2,5,400
101000000,5,2,5,400
102000000,5,2,5,400
103000000,5,2,5,400
104000000,5,2,5,400
105000000,5,2,5,400
106000000,5,2,5,400
107000000,5,2,5,400
108000000,5,2,5,400
109000000,5,2,5,400
110000000,5,2,5,400
111000000,5,2,5,400
112000000,5,2,5,400
113000000,5,2,5,400
114000000,5,2,5,400
115000000,5,2,5,400
116000000,5,2,5,400
117000000,5,2,5,400
118000000,5,2,5,400
119000000,5,2,5,400
120000000,5,2,5,400
121000000,5,2,5,400
122000000,5,2,5,400
123000000,5,2,5,400
124000000,5,2,5,400
125000000,5,2,5,400
126000000,5,2,5,400
127000000,5,2,5,400
128000000,5,2,5,400
129000000,5,2,5,400
130000000,5,2,5,400
131000000,5,2,5,400
132000000,5,2,5,400
133000000,5,2,5,400
134000000,5,2,5,400
135000000,5,2,5,400
136000000,5,2,5,400
137000000,5,2,5,400
138000000,5,2,5,400
139000000,5,2,5,400
140000000,5,2,5,400
141000000,5,2,5,400
142000000,5,2,5,400
143000000,5,2,5,400
144000000,5,2,5,400
145000000,5,2,5,400
146000000,5,2,5,400
147000000,5,2,5,400
148000000,5,2,5,400
149000000,5,2,5,400
150000000,5,2,5,400
151000000,5,2,5,400
152000000,5,2,5,400
153000000,5,2,5,400
154000000,5,2,5,400
155000000,5,2,5,400
156000000,5,2,5,400
157000000,5,2,5,400
158000000,5,2,5,400
159000000,5,2,5,400
160000000,5,2,5,400
161000000,5,2,5,400
162000000,5,2,5,400
163000000,5,2,5,400
164000000,5,2,5,400
165000000,5,2,5,400
166000000,5,2,5,400
167000000,5,2,5,400
168000000,5,2,5,400
169000000,5,2,5,400
170000000,5,2,5,400
171000000,5,2,5,400
172000000,5,2,5,400
173000000,5,2,5,400
174000000,5,2,5,400
175000000,5,2,5,400
176000000,5,2,5,400
177000000,5,2,5,400
178000000,5,2,5,400
179000000,5,2,5,400
180000000,5,2,5,400
181000000,5,2,5,400
182000000,5,2,5,400
183000000,5,2,5,400
184000000,5,2,5,400
185000000,5,2,5,400
186000000,5,2,5,400
187000000,5,2,5,400
188000000,5,2,5,400
189000000,5,2,5,400
190000000,5,2,5,400
191000000,5,2,5,400
192000000,5,2,5,400
193000000,5,2,5,400
194000000,5,2,5,400
195000000,5,2,5,400
196000000,5,2,5,400
197000000,5,2,5,400
198000000,5,2,5,400
199000000,5,2,5,400
200000000,5,2,5,400
201000000,5,2,5,400
202000000,5,2,5,400
203000000,5,2,5,400
204000000,5,2,5,400
205000000,5,2,5,400
206000000,5,2,5,400
207000000,5,2,5,400
208000000,5,2,5,400
209000000,5,2,5,400
210000000,5,2,5,400
211000000,5,2,5,400
212000000,5,2,5,400
213000000,5,2,5,400
214000000,5,2,5,400
215000000,5,2,5,400
216000000,5,2,5,400
217000000,5,2,5,400
218000000,5,2,5,400
219000000,5,2,5,400
220000000,5,2,5,400
221000000,5,2,5,400
222000000,5,2,5,400
223000000,5,2,5,400
224000000,5,2,5,400
225000000,5,2,5,400
226000000,5,2,5,400
227000000,5,2,5,400
228000000,5,2,5,400
229000000,5,2,5,400
230000000,5,2,5,400
231000000,5,2,5,400
232000000,5,2,5,400
233000000,5,2,5,400
234000000,5,2,5,400
235000000,5,2,5,400
236000000,5,2,5,400
237000000,5,2,5,400
238000000,5,2,5,400
239000000,5,2,5,400
240000000,5,2,5,400
241000000,5,2,5,400
242000000,5,2,5,400
243000000,5,2,5,400
244000000,5,2,5,400
245000000,5,2,5,400
246000000,5,2,5,400
247000000,5,2,5,400
248000000,5,2,5,400
249000000,5,2,5,400
250000000,5,2,5,400
251000000,5,2,5,400
252000000,5,2,5,400
253000000,5,2,5,400
254000000,5,2,5,400
255000000,5,2,5,400
256000000,5,2,5,400
257000000,5,2,5,400
258000000,5,2,5,400
259000000,5,2,5,400
260000000,5,2,5,400
261000000,5,2,5,400
262000000,5,2,5,400
263000000,5,2,5,400
264000000,5,2,5,400
265000000,5,2,5,400
266000000,5,2,5,400
267000000,5,2,5,400
268000000,5,2,5,400
269000000,5,2,5,400
270000000,5,2,5,400
271000000,5,2,5,400
272000000,5,2,5,400
273000000,5,2,5,400
274000000,5,2,5,400
275000000,5,2,5,400
276000000,5,2,5,400
277000000,5,2,5,400
278000000,5,2,5,400
279000000,5,2,5,400
280000000,5,2,5,400
281000000,5,2,5,400
282000000,5,2,5,400
283000000,5,2,5,400
284000000,5,2,5,400
285000000,5,2,5,400
286000000,5,2,5,400
287000000,5,2,5,400
288000000,5,2,5,400
289000000,5,2,5,400
290000000,5,2,5,400
291000000,5,2,5,400
292000000,5,2,5,400
293000000,5,2,5,400
294000000,5,2,5,400
295000000,5,2,5,400
296000000,5,2,5,400
297000000,5,2,5,400
298000000,5,2,5,400
299000000,5,2,5,400
300000000,5,2,5,400
301000000,5,2,5,400
302000000,5,2,5,400
303000000,5,2,5,400
304000000,5,2,5,400
305000000,5,2,5,400
306000000,5,2,5,400
307000000,5,2,5,400
308000000,5,2,5,400
309000000,5,2,5,400
310000000,5,2,5,400
311000000,5,2,5,400
312000000,5,2,5,400
313000000,5,2,5,400
314000000,5,2,5,400
315000000,5,2,5,400
316000000,5,2,5,400
317000000,5,2,5,400
318000000,5,2,5,400
319000000,5,2,5,400
320000000,5,2,5,400
321000000,5,2,5,400
322000000,5,2,5,400
323000000,5,2,5,400
324000000,5,2,5,400
325000000,5,2,5,400
326000000,5,2,5,400
327000000,5,2,5,400
328000000,5,2,5,400
329000000,5,2,5,400
330000000,5,2,5,400
331000000,5,2,5,400
332000000,5,2,5,400
333000000,5,2,5,400
334000000,5,2,5,400
335000000,5,2,5,400
336000000,5,2,5,400
337000000,5,2,5,400
338000000,5,2,5,400
339000000,5,2,5,400
340000000,5,2,5,400
341000000,5,2,5,400
342000000,5,2,5,400
343000000,5,2,5,400
344000000,5,2,5,400
345000000,5,2,5,400
346000000,5,2,5,400
347000000,5,2,5,400
348000000,5,2,5,400
349000000,5,2,5,400
350000000,5,2,5,400
351000000,5,2,5,400
352000000,5,2,5,400
353000000,5,2,5,400
354000000,5,2,5,400
355000000,5,2,5,400
356000000,5,2,5,400
357000000,5,2,5,400
358000000,5,2,5,400
359000000,5,2,5,400
360000000,5,2,5,400
361000000,5,2,5,400
362000000,5,2,5,400
363000000,5,2,5,400
364000000,5,2,5,400
365000000,5,2,5,400
366000000,5,2,5,400
367000000,5,2,5,400
368000000,5,2,5,400
369000000,5,2,5,400
370000000,5,2,5,400
371000000,5,2,5,400
372000000,5,2,5,400
373000000,5,2,5,400
374000000,5,2,5,400
375000000,5,2,5,400
376000000,5,2,5,400
377000000,5,2,5,400
378000000,5,2,5,400
379000000,5,2,5,400
380000000,5,2,5,400
381000000,5,2,5,400
382000000,5,2,5,400
383000000,5,2,5,400
384000000,5,2,5,400
385000000,5,2,5,400
386000000,5,2,5,400
387000000,5,2,5,400
388000000,5,2,5,400
389000000,5,2,5,400
390000000,5,2,5,400
391000000,5,2,5,400
392000000,5,2,5,400
393000000,5,2,5,400
394000000,5,2,5,400
395000000,5,2,5,400
396000000,5,2,5,400
397000000,5,2,5,400
398000000,5,2,5,400
399000000,5,2,5,400
400000000,5,2,5,400
401000000,5,2,5,400
402000000,5,2,5,400
403000000,5,2,5,400
404000000,5,2,5,400
405000000,5,2,5,400
406000000,5,2,5,400
407000000,5,2,5,400
408000000,5,2,5,400
409000000,5,2,5,400
410000000,5,2,5,400
411000000,5,2,5,400
412000000,5,2,5,400
413000000,5,2,5,400
414000000,5,2,5,400
415000000,5,2,5,400
416000000,5,2,5,400
417000000,5,2,5,400
418000000,5,2,5,400
419000000,5,2,5,400
420000000,5,2,5,400
421000000,5,2,5,400
422000000,5,2,5,400
423000000,5,2,5,400
424000000,5,2,5,400
425000000,5,2,5,400
426000000,5,2,5,400
427000000,5,2,5,400
428000000,5,2,5,400
429000000,5,2,5,400
430000000,5,2,5,400
431000000,5,2,5,400
432000000,5,2,5,400
433000000,5,2,5,400
434000000,5,2,5,400
435000000,5,2,5,400
436000000,5,2,5,400
437000000,5,2,5,400
438000000,5,2,5,400
439000000,5,2,5,400
440000000,5,2,5,400
441000000,5,2,5,400
442000000,5,2,5,400
443000000,5,2,5,400
444000000,5,2,5,400
445000000,5,2,5,400
446000000,5,2,5,400
447000000,5,2,5,400
448000000,5,2,5,400
449000000,5,2,5,400
450000000,5,2,5,400
451000000,5,2,5,400
452000000,5,2,5,400
453000000,5,2,5,400
454000000,5,2,5,400
455000000,5,2,5,400
456000000,5,2,5,400
457000000,5,2,5,400
458000000,5,2,5,400
459000000,5,2,5,400
460000000,5,2,5,400
461000000,5,2,5,400
462000000,5,2,5,400
463000000,5,2,5,400
464000000,5,2,5,400
465000000,5,2,5,400
466000000,5,2,5,400
467000000,5,2,5,400
468000000,5,2,5,400
469000000,5,2,5,400
470000000,5,2,5,400
471000000,5,2,5,400
472000000,5,2,5,400
473000000,5,2,5,400
474000000,5,2,5,400
475000000,5,2,5,400
476000000,5,2,5,400
477000000,5,2,5,400
478000000,5,2,5,400
479000000,5,2,5,400
480000000,5,2,5,400
481000000,5,2,5,400
482000000,5,2,5,400
483000000,5,2,5,400
484000000,5,2,5,400
485000000,5,2,5,400
486000000,5,2,5,400
487000000,5,2,5,400
488000000,5,2,5,400
489000000,5,2,5,400
490000000,5,2,5,400
491000000,5,2,5,400
492000000,5,2,5,400
493000000,5,2,5,400
494000000,5,2,5,400
495000000,5,2,5,400
496000000,5,2,5,400
497000000,5,2,5,400
498000000,5,2,5,400
499000000,5,2,5,400
500000000,5,2,5,400
501000000,5,2,5,400
502000000,5,2,5,400
503000000,5,2,5,400
504000000,5,2,5,400
505000000,5,2,5,400
506000000,5,2,5,400
507000000,5,2,5,400
508000000,5,2,5,400
509000000,5,2,5,400
510000000,5,2,5,400
511000000,5,2,5,400
512000000,5,2,5,400
513000000,5,2,5,400
514000000,5,2,5,400
515000000,5,2,5,400
516000000,5,2,5,400
517000000,5,2,5,400
518000000,5,2,5,400
519000000,5,2,5,400
520000000,5,2,5,400
521000000,5,2,5,400
522000000,5,2,5,400
523000000,5,2,5,400
524000000,5,2,5,400
525000000,5,2,5,400
526000000,5,2,5,400
527000000,5,2,5,400
528000000,5,2,5,400
529000000,5,2,5,400
530000000,5,2,5,400
531000000,5,2,5,400
532000000,5,2,5,400
533000000,5,2,5,400
534000000,5,2,5,400
535000000,5,2,5,400
536000000,5,2,5,400
537000000,5,2,5,400
538000000,5,2,5,400
539000000,5,2,5,400
540000000,5,2,5,400
541000000,5,2,5,400
542000000,5,2,5,400
543000000,5,2,5,400
544000000,5,2,5,400
545000000,5,2,5,400
546000000,5,2,5,400
547000000,5,2,5,400
548000000,5,2,5,400
549000000,5,2,5,400
550000000,5,2,5,400
551000000,5,2,5,400
552000000,5,2,5,400
553000000,5,2,5,400
554000000,5,2,5,400
555000000,5,2,5,400
556000000,5,2,5,400
557000000,5,2,5,400
558000000,5,2,5,400
559000000,5,2,5,400
560000000,5,2,5,400
561000000,5,2,5,400
562000000,5,2,5,400
563000000,5,2,5,400
564000000,5,2,5,400
565000000,5,2,5,400
566000000,5,2,5,400
567000000,5,2,5,400
568000000,5,2,5,400
569000000,5,2,5,400
570000000,5,2,5,400
571000000,5,2,5,400
572000000,5,2,5,400
573000000,5,2,5,400
574000000,5,2,5,400
575000000,5,2,5,400
576000000,5,2,5,400
577000000,5,2,5,400
578000000,5,2,5,400
579000000,5,2,5,400
580000000,5,2,5,400
581000000,5,2,5,400
582000000,5,2,5,400
583000000,5,2,5,400
584000000,5,2,5,400
585000000,5,2,5,400
586000000,5,2,5,400
587000000,5,2,5,400
588000000,5,2,5,400
589000000,5,2,5,400
590000000,5,2,5,400
591000000,5,2,5,400
592000000,5,2,5,400
593000000,5,2,5,400
594000000,5,2,5,400
595000000,5,2,5,400
596000000,5,2,5,400
597000000,5,2,5,400
598000000,5,2,5,400
599000000,5,2,5,400
600000000,5,2,5,400
601000000,5,2,5,400
602000000,5,2,5,400
603000000,5,2,5,400
604000000,5,2,5,400
605000000,5,2,5,400
606000000,5,2,5,400
607000000,5,2,5,400
608000000,5,2,5,400
609000000,5,2,5,400
610000000,5,2,5,400
611000000,5,2,5,400
612000000,5,2,5,400
613000000,5,2,5,400
614000000,5,2,5,400
615000000,5,2,5,400
616000000,5,2,5,400
617000000,5,2,5,400
618000000,5,2,5,400
619000000,5,2,5,400
620000000,5,2,5,400
621000000,5,2,5,400
622000000,5,2,5,400
623000000,5,2,5,400
624000000,5,2,5,400
625000000,5,2,5,400
626000000,5,2,5,400
627000000,5,2,5,400
628000000,5,2,5,400
629000000,5,2,5,400
630000000,5,2,5,400
631000000,5,2,5,400
632000000,5,2,5,400
633000000,5,2,5,400
634000000,5,2,5,400
635000000,5,2,5,400
636000000,5,2,5,400
637000000,5,2,5,400
638000000,5,2,5,400
639000000,5,2,5,400
640000000,5,2,5,400
641000000,5,2,5,400
642000000,5,2,5,400
643000000,5,2,5,400
644000000,5,2,5,400
645000000,5,2,5,400
646000000,5,2,5,400
647000000,5,2,5,400
648000000,5,2,5,400
649000000,5,2,5,400
650000000,5,2,5,400
651000000,5,2,5,400
652000000,5,2,5,400
653000000,5,2,5,400
654000000,5,2,5,400
655000000,5,2,5,400
656000000,5,2,5,400
657000000,5,2,5,400
658000000,5,2,5,400
659000000,5,2,5,400
660000000,5,2,5,400
661000000,5,2,5,400
662000000,5,2,5,400
663000000,5,2,5,400
664000000,5,2,5,400
665000000,5,2,5,400
666000000,5,2,5,400
667000000,5,2,5,400
668000000,5,2,5,400
669000000,5,2,5,400
670000000,5,2,5,400
671000000,5,2,5,400
672000000,5,2,5,400
673000000,5,2,5,400
674000000,5,2,5,400
675000000,5,2,5,400
676000000,5,2,5,400
677000000,5,2,5,400
678000000,5,2,5,400
679000000,5,2,5,400
680000000,5,2,5,400
681000000,5,2,5,400
682000000,5,2,5,400
683000000,5,2,5,400
684000000,5,2,5,400
685000000,5,2,5,400
686000000,5,2,5,400
687000000,5,2,5,400
688000000,5,2,5,400
689000000,5,2,5,400
690000000,5,2,5,400
691000000,5,2,5,400
692000000,5,2,5,400
693000000,5,2,5,400
694000000,5,2,5,400
695000000,5,2,5,400
696000000,5,2,5,400
697000000,5,2,5,400
698000000,5,2,5,400
699000000,5,2,5,400
700000000,5,2,5,400
701000000,5,2,5,400
702000000,5,2,5,400
703000000,5,2,5,400
704000000,5,2,5,400
705000000,5,2,5,400
706000000,5,2,5,400
707000000,5,2,5,400
708000000,5,2,5,400
709000000,5,2,5,400
710000000,5,2,5,400
711000000,5,2,5,400
712000000,5,2,5,400
713000000,5,2,5,400
714000000,5,2,5,400
715000000,5,2,5,400
716000000,5,2,5,400
717000000,5,2,5,400
718000000,5,2,5,400
719000000,5,2,5,400
720000000,5,2,5,400
721000000,5,2,5,400
722000000,5,2,5,400
723000000,5,2,5,400
724000000,5,2,5,400
725000000,5,2,5,400
726000000,5,2,5,400
727000000,5,2,5,400
728000000,5,2,5,400
729000000,5,2,5,400
730000000,5,2,5,400
731000000,5,2,5,400
732000000,5,2,5,400
733000000,5,2,5,400
734000000,5,2,5,400
735000000,5,2,5,400
736000000,5,2,5,400
737000000,5,2,5,400
738000000,5,2,5,400
739000000,5,2,5,400
740000000,5,2,5,400
741000000,5,2,5,400
742000000,5,2,5,400
743000000,5,2,5,400
744000000,5,2,5,400
745000000,5,2,5,400
746000000,5,2,5,400
747000000,5,2,5,400
748000000,5,2,5,400
749000000,5,2,5,400
750000000,5,2,5,400
751000000,5,2,5,400
752000000,5,2,5,400
753000000,5,2,5,400
754000000,5,2,5,400
755000000,5,2,5,400
756000000,5,2,5,400
757000000,5,2,5,400
758000000,5,2,5,400
759000000,5,2,5,400
760000000,5,2,5,400
761000000,5,2,5,400
762000000,5,2,5,400
763000000,5,2,5,400
764000000,5,2,5,400
765000000,5,2,5,400
766000000,5,2,5,400
767000000,5,2,5,400
768000000,5,2,5,400
769000000,5,2,5,400
770000000,5,2,5,400
771000000,5,2,5,400
772000000,5,2,5,400
773000000,5,2,5,400
774000000,5,2,5,400
775000000,5,2,5,400
776000000,5,2,5,400
777000000,5,2,5,400
778000000,5,2,5,400
779000000,5,2,5,400
780000000,5,2,5,400
781000000,5,2,5,400
782000000,5,2,5,400
783000000,5,2,5,400
784000000,5,2,5,400
785000000,5,2,5,400
786000000,5,2,5,400
787000000,5,2,5,400
788000000,5,2,5,400
789000000,5,2,5,400
790000000,5,2,5,400
791000000,5,2,5,400
792000000,5,2,5,400
793000000,5,2,5,400
794000000,5,2,5,400
795000000,5,2,5,400
796000000,5,2,5,400
797000000,5,2,5,400
798000000,5,2,5,400
799000000,5,2,5,400
800000000,5,2,5,400
801000000,5,2,5,400
802000000,5,2,5,400
803000000,5,2,5,400
804000000,5,2,5,400
805000000,5,2,5,400
806000000,5,2,5,400
807000000,5,2,5,400
808000000,5,2,5,400
809000000,5,2,5,300
810000000,5,2,5,300
811000000,5,2,5,300
812000000,5,2,5,300
813000000,5,2,5,300
814000000,5,2,5,300
815000000,5,2,5,300
816000000,5,2,5,300
817000000,5,2,5,300
818000000,5,2,5,300
819000000,5,2,5,200
820000000,5,2,5,200
821000000,5,2,5,200
822000000,5,2,5,200
823000000,5,2,5,200
824000000,5,2,5,200
825000000,5,2,5,200
826000000,5,2,5,200
827000000,5,2,5,200
828000000,5,2,5,200
829000000,5,2,5,100
830000000,5,2,5,100
831000000,5,2,5,0
832000000,5,2,5,0
833000000,5,2,5,0
834000000,5,2,5,0
835000000,5,2,5,0
836000000,5,2,5,0
837000000,5,2,5,0
838000000,5,2,5,0
839000000,5,2,5,0
840000000,5,2,5,0
841000000,5,2,5,0
842000000,5,2,5,0
843000000,5,2,5,0
844000000,5,2,5,0
845000000,5,2,5,0
846000000,5,2,5,0
847000000,5,2,5,0
848000000,5,2,5,0
849000000,5,2,5,0
850000000,5,2,5,0
851000000,5,2,5,0
852000000,5,2,5,0
853000000,5,2,5,0
854000000,5,2,5,0
855000000,5,2,5,0
856000000,5,2,5,0
857000000,5,2,5,0
858000000,5,2,5,0
859000000,5,2,5,0
860000000,5,2,5,0
861000000,5,2,5,0
862000000,5,2,5,0
863000000,5,2,5,0
864000000,5,2,5,0
865000000,5,2,5,0
866000000,5,2,5,0
867000000,5,2,5,0
868000000,5,2,5,0
869000000,5,2,5,0
870000000,5,2,5,0
871000000,5,2,5,0
872000000,5,2,5,0
873000000,5,2,5,0
874000000,5,2,5,0
875000000,5,2,5,0
876000000,5,2,5,0
877000000,5,2,5,0
878000000,5,2,5,0
879000000,5,2,5,0
880000000,5,2,5,0
881000000,5,2,5,0
882000000,5,2,5,0
883000000,5,2,5,0
884000000,5,2,5,0
885000000,5,2,5,0
886000000,5,2,5,0
887000000,5,2,5,0
888000000,5,2,5,0
889000000,5,2,5,0
890000000,5,2,5,0
891000000,5,2,5,0
892000000,5,2,5,0
893000000,5,2,5,0
894000000,5,2,5,0
895000000,5,2,5,0
896000000,5,2,5,0
897000000,5,2,5,0
898000000,5,2,5,0
899000000,5,2,5,0
900000000,5,2,5,0
901000000,5,2,5,0
902000000,5,2,5,0
903000000,5,2,5,0
904000000,5,2,5,0
905000000,5,2,5,0
906000000,5,2,5,0
907000000,5,2,5,0
908000000,5,2,5,0
909000000,5,2,5,0
910000000,5,2,5,0
911000000,5,2,5,0
912000000,5,2,5,0
913000000,5,2,5,0
914000000,5,2,5,0
915000000,5,2,5,0
916000000,5,2,5,0
917000000,5,2,5,0
918000000,5,2,5,0
919000000,5,2,5,0
920000000,5,2,5,0
921000000,5,2,5,0
922000000,5,2,5,0
923000000,5,2,5,0
924000000,5,2,5,0
925000000,5,2,5,0
926000000,5,2,5,0
927000000,5,2,5,0
928000000,5,2,5,0
929000000,5,2,5,0
930000000,5,2,5,0
931000000,5,2,5,0
932000000,5,2,5,0
933000000,5,2,5,0
934000000,5,2,5,0
935000000,5,2,5,0
936000000,5,2,5,0
937000000,5,2,5,0
938000000,5,2,5,0
939000000,5,2,5,0
940000000,5,2,5,0
941000000,5,2,5,0
942000000,5,2,5,0
943000000,5,2,5,0
944000000,5,2,5,0
945000000,5,2,5,0
946000000,5,2,5,0
947000000,5,2,5,0
948000000,5,2,5,0
949000000,5,2,5,0
950000000,5,2,5,0
951000000,5,2,5,0
952000000,5,2,5,0
953000000,5,2,5,0
954000000,5,2,5,0
955000000,5,2,5,0
956000000,5,2,5,0
957000000,5,2,5,0
958000000,5,2,5,0
959000000,5,2,5,0
960000000,5,2,5,0
961000000,5,2,5,0
962000000,5,2,5,0
963000000,5,2,5,0
964000000,5,2,5,0
965000000,5,2,5,0
966000000,5,2,5,0
967000000,5,2,5,0
968000000,5,2,5,0
969000000,5,2,5,0
970000000,5,2,5,0
971000000,5,2,5,0
972000000,5,2,5,0
973000000,5,2,5,0
974000000,5,2,5,0
975000000,5,2,5,0
976000000,5,2,5,0
977000000,5,2,5,0
978000000,5,2,5,0
979000000,5,2,5,0
980000000,5,2,5,0
981000000,5,2,5,0
982000000,5,2,5,0
983000000,5,2,5,0
984000000,5,2,5,0
985000000,5,2,5,0
986000000,5,2,5,0
987000000,5,2,5,0
988000000,5,2,5,0
989000000,5,2,5,0
990000000,5,2,5,0
991000000,5,2,5,0
992000000,5,2,5,0
993000000,5,2,5,0
994000000,5,2,5,0
995000000,5,2,5,0
996000000,5,2,5,0
997000000,5,2,5,0
998000000,5,2,5,0
999000000,5,2,5,0
1000000,5,3,5,136
2000000,5,3,5,172
3000000,5,3,5,200
4000000,5,3,5,200
5000000,5,3,5,200
6000000,5,3,5,200
7000000,5,3,5,200
8000000,5,3,5,200
9000000,5,3,5,200
10000000,5,3,5,200
11000000,5,3,5,236
12000000,5,3,5,272
13000000,5,3,5,300
14000000,5,3,5,300
15000000,5,3,5,300
16000000,5,3,5,300
17000000,5,3,5,300
18000000,5,3,5,300
19000000,5,3,5,300
20000000,5,3,5,300
21000000,5,3,5,336
22000000,5,3,5,372
23000000,5,3,5,400
24000000,5,3,5,400
25000000,5,3,5,400
26000000,5,3,5,400
27000000,5,3,5,400
28000000,5,3,5,400
29000000,5,3,5,400
30000000,5,3,5,400
31000000,5,3,5,436
32000000,5,3,5,472
33000000,5,3,5,500
34000000,5,3,5,500
35000000,5,3,5,500
36000000,5,3,5,500
37000000,5,3,5,500
38000000,5,3,5,500
39000000,5,3,5,500
40000000,5,3,5,500
41000000,5,3,5,536
42000000,5,3,5,572
43000000,5,3,5,600
44000000,5,3,5,600
45000000,5,3,5,600
46000000,5,3,5,600
47000000,5,3,5,600
48000000,5,3,5,600
49000000,5,3,5,600
50000000,5,3,5,600
51000000,5,3,5,636
52000000,5,3,5,672
53000000,5,3,5,700
54000000,5,3,5,700
55000000,5,3,5,700
56000000,5,3,5,700
57000000,5,3,5,700
58000000,5,3,5,700
59000000,5,3,5,700
60000000,5,3,5,700
61000000,5,3,5,736
62000000,5,3,5,772
63000000,5,3,5,800
64000000,5,3,5,800
65000000,5,3,5,800
66000000,5,3,5,800
67000000,5,3,5,800
68000000,5,3,5,800
69000000,5,3,5,800
70000000,5,3,5,800
71000000,5,3,5,836
72000000,5,3,5,872
73000000,5,3,5,900
74000000,5,3,5,900
75000000,5,3,5,900
76000000,5,3,5,900
77000000,5,3,5,900
78000000,5,3,5,900
79000000,5,3,5,900
80000000,5,3,5,900
81000000,5,3,5,936
82000000,5,3,5,972
83000000,5,3,5,1000
84000000,5,3,5,1000
85000000,5,3,5,1000
86000000,5,3,5,1000
87000000,5,3,5,1000
88000000,5,3,5,1000
89000000,5,3,5,1000
90000000,5,3,5,1000
91000000,5,3,5,1036
92000000,5,3,5,1072
93000000,5,3,5,1100
94000000,5,3,5,1100
95000000,5,3,5,1100
96000000,5,3,5,1100
97000000,5,3,5,1100
98000000,5,3,5,1100
99000000,5,3,5,1100
100000000,5,3,5,1100
101000000,5,3,5,1100
102000000,5,3,5,1100
103000000,5,3,5,1100
104000000,5,3,5,1100
105000000,5,3,5,1100
106000000,5,3,5,1100
107000000,5,3,5,1100
108000000,5,3,5,1100
109000000,5,3,5,1100
110000000,5,3,5,1100
111000000,5,3,5,1100
112000000,5,3,5,1100
113000000,5,3,5,1100
114000000,5,3,5,1100
115000000,5,3,5,1100
116000000,5,3,5,1100
117000000,5,3,5,1100
118000000,5,3,5,1100
119000000,5,3,5,1100
120000000,5,3,5,1100
121000000,5,3,5,1100
122000000,5,3,5,1100
123000000,5,3,5,1100
124000000,5,3,5,1100
125000000,5,3,5,1100
126000000,5,3,5,1100
127000000,5,3,5,1100
128000000,5,3,5,1100
129000000,5,3,5,1100
130000000,5,3,5,1100
131000000,5,3,5,1100
132000000,5,3,5,1100
133000000,5,3,5,1100
134000000,5,3,5,1100
135000000,5,3,5,1100
136000000,5,3,5,1100
137000000,5,3,5,1100
138000000,5,3,5,1100
139000000,5,3,5,1100
140000000,5,3,5,1100
141000000,5,3,5,1100
142000000,5,3,5,1100
143000000,5,3,5,1100
144000000,5,3,5,1100
145000000,5,3,5,1100
146000000,5,3,5,1100
147000000,5,3,5,1100
148000000,5,3,5,1100
149000000,5,3,5,1100
150000000,5,3,5,1100
151000000,5,3,5,1100
152000000,5,3,5,1100
153000000,5,3,5,1100
154000000,5,3,5,1100
155000000,5,3,5,1100
156000000,5,3,5,1100
157000000,5,3,5,1100
158000000,5,3,5,1100
159000000,5,3,5,1100
160000000,5,3,5,1100
161000000,5,3,5,1100
162000000,5,3,5,1100
163000000,5,3,5,1100
164000000,5,3,5,1100
165000000,5,3,5,1100
166000000,5,3,5,1100
167000000,5,3,5,1100
168000000,5,3,5,1100
169000000,5,3,5,1100
170000000,5,3,5,1100
171000000,5,3,5,1100
172000000,5,3,5,1100
173000000,5,3,5,1100
174000000,5,3,5,1100
175000000,5,3,5,1100
176000000,5,3,5,1100
177000000,5,3,5,1100
178000000,5,3,5,1100
179000000,5,3,5,1100
180000000,5,3,5,1100
181000000,5,3,5,1100
182000000,5,3,5,1100
183000000,5,3,5,1100
184000000,5,3,5,1100
185000000,5,3,5,1100
186000000,5,3,5,1100
187000000,5,3,5,1100
188000000,5,3,5,1100
189000000,5,3,5,1100
190000000,5,3,5,1100
191000000,5,3,5,1100
192000000,5,3,5,1100
193000000,5,3,5,1100
194000000,5,3,5,1100
195000000,5,3,5,1100
196000000,5,3,5,1100
197000000,5,3,5,1100
198000000,5,3,5,1100
199000000,5,3,5,1100
200000000,5,3,5,1100
201000000,5,3,5,1100
202000000,5,3,5,1100
203000000,5,3,5,1100
204000000,5,3,5,1100
205000000,5,3,5,1100
206000000,5,3,5,1100
207000000,5,3,5,1100
208000000,5,3,5,1100
209000000,5,3,5,1100
210000000,5,3,5,1100
211000000,5,3,5,1100
212000000,5,3,5,1100
213000000,5,3,5,1100
214000000,5,3,5,1100
215000000,5,3,5,1100
216000000,5,3,5,1100
217000000,5,3,5,1100
218000000,5,3,5,1100
219000000,5,3,5,1100
220000000,5,3,5,1100
221000000,5,3,5,1100
222000000,5,3,5,1100
223000000,5,3,5,1100
224000000,5,3,5,1100
225000000,5,3,5,1100
226000000,5,3,5,1100
227000000,5,3,5,1100
228000000,5,3,5,1100
229000000,5,3,5,1100
230000000,5,3,5,1100
231000000,5,3,5,1100
232000000,5,3,5,1100
233000000,5,3,5,1100
234000000,5,3,5,1100
235000000,5,3,5,1100
236000000,5,3,5,1100
237000000,5,3,5,1100
238000000,5,3,5,1100
239000000,5,3,5,1100
240000000,5,3,5,1100
241000000,5,3,5,1100
242000000,5,3,5,1100
243000000,5,3,5,1100
244000000,5,3,5,1100
245000000,5,3,5,1100
246000000,5,3,5,1100
247000000,5,3,5,1100
248000000,5,3,5,1100
249000000,5,3,5,1100
250000000,5,3,5,1100
251000000,5,3,5,1100
252000000,5,3,5,1100
253000000,5,3,5,1100
254000000,5,3,5,1100
255000000,5,3,5,1100
256000000,5,3,5,1100
257000000,5,3,5,1100
258000000,5,3,5,1100
259000000,5,3,5,1100
260000000,5,3,5,1100
261000000,5,3,5,1100
262000000,5,3,5,1100
263000000,5,3,5,1100
264000000,5,3,5,1100
265000000,5,3,5,1100
266000000,5,3,5,1100
267000000,5,3,5,1100
268000000,5,3,5,1100
269000000,5,3,5,1100
270000000,5,3,5,1100
271000000,5,3,5,1100
272000000,5,3,5,1100
273000000,5,3,5,1100
274000000,5,3,5,1100
275000000,5,3,5,1100
276000000,5,3,5,1100
277000000,5,3,5,1100
278000000,5,3,5,1100
279000000,5,3,5,1100
280000000,5,3,5,1100
281000000,5,3,5,1100
282000000,5,3,5,1100
283000000,5,3,5,1100
284000000,5,3,5,1100
285000000,5,3,5,1100
286000000,5,3,5,1100
287000000,5,3,5,1100
288000000,5,3,5,1100
289000000,5,3,5,1100
290000000,5,3,5,1100
291000000,5,3,5,1100
292000000,5,3,5,1100
293000000,5,3,5,1100
294000000,5,3,5,1100
295000000,5,3,5,1100
296000000,5,3,5,1100
297000000,5,3,5,1100
298000000,5,3,5,1100
299000000,5,3,5,1100
300000000,5,3,5,1100
301000000,5,3,5,1100
302000000,5,3,5,1100
303000000,5,3,5,1100
304000000,5,3,5,1100
305000000,5,3,5,1100
306000000,5,3,5,1100
307000000,5,3,5,1100
308000000,5,3,5,1100
309000000,5,3,5,1100
310000000,5,3,5,1100
311000000,5,3,5,1100
312000000,5,3,5,1100
313000000,5,3,5,1100
314000000,5,3,5,1100
315000000,5,3,5,1100
316000000,5,3,5,1100
317000000,5,3,5,1100
318000000,5,3,5,1100
319000000,5,3,5,1100
320000000,5,3,5,1100
321000000,5,3,5,1100
322000000,5,3,5,1100
323000000,5,3,5,1100
324000000,5,3,5,1100
325000000,5,3,5,1100
326000000,5,3,5,1100
327000000,5,3,5,1100
328000000,5,3,5,1100
329000000,5,3,5,1100
330000000,5,3,5,1100
331000000,5,3,5,1100
332000000,5,3,5,1100
333000000,5,3,5,1100
334000000,5,3,5,1100
335000000,5,3,5,1100
336000000,5,3,5,1100
337000000,5,3,5,1100
338000000,5,3,5,1100
339000000,5,3,5,1100
340000000,5,3,5,1100
341000000,5,3,5,1100
342000000,5,3,5,1100
343000000,5,3,5,1100
344000000,5,3,5,1100
345000000,5,3,5,1100
346000000,5,3,5,1100
347000000,5,3,5,1100
348000000,5,3,5,1100
349000000,5,3,5,1100
350000000,5,3,5,1100
351000000,5,3,5,1100
352000000,5,3,5,1100
353000000,5,3,5,1100
354000000,5,3,5,1100
355000000,5,3,5,1100
356000000,5,3,5,1100
357000000,5,3,5,1100
358000000,5,3,5,1100
359000000,5,3,5,1100
360000000,5,3,5,1100
361000000,5,3,5,1100
362000000,5,3,5,1100
363000000,5,3,5,1100
364000000,5,3,5,1100
365000000,5,3,5,1100
366000000,5,3,5,1100
367000000,5,3,5,1100
368000000,5,3,5,1100
369000000,5,3,5,1100
370000000,5,3,5,1100
371000000,5,3,5,1100
372000000,5,3,5,1100
373000000,5,3,5,1100
374000000,5,3,5,1100
375000000,5,3,5,1100
376000000,5,3,5,1100
377000000,5,3,5,1100
378000000,5,3,5,1100
379000000,5,3,5,1100
380000000,5,3,5,1100
381000000,5,3,5,1100
382000000,5,3,5,1100
383000000,5,3,5,1100
384000000,5,3,5,1100
385000000,5,3,5,1100
386000000,5,3,5,1100
387000000,5,3,5,1100
388000000,5,3,5,1100
389000000,5,3,5,1100
390000000,5,3,5,1100
391000000,5,3,5,1100
392000000,5,3,5,1100
393000000,5,3,5,1100
394000000,5,3,5,1100
395000000,5,3,5,1100
396000000,5,3,5,1100
397000000,5,3,5,1100
398000000,5,3,5,1100
399000000,5,3,5,1100
400000000,5,3,5,1100
401000000,5,3,5,1100
402000000,5,3,5,1100
403000000,5,3,5,1100
404000000,5,3,5,1100
405000000,5,3,5,1100
406000000,5,3,5,1100
407000000,5,3,5,1100
408000000,5,3,5,1100
409000000,5,3,5,1100
410000000,5,3,5,1100
411000000,5,3,5,1100
412000000,5,3,5,1100
413000000,5,3,5,1100
414000000,5,3,5,1100
415000000,5,3,5,1100
416000000,5,3,5,1100
417000000,5,3,5,1100
418000000,5,3,5,1100
419000000,5,3,5,1100
420000000,5,3,5,1100
421000000,5,3,5,1100
422000000,5,3,5,1100
423000000,5,3,5,1100
424000000,5,3,5,1100
425000000,5,3,5,1100
426000000,5,3,5,1100
427000000,5,3,5,1100
428000000,5,3,5,1100
429000000,5,3,5,1100
430000000,5,3,5,1100
431000000,5,3,5,1100
432000000,5,3,5,1100
433000000,5,3,5,1100
434000000,5,3,5,1100
435000000,5,3,5,1100
436000000,5,3,5,1100
437000000,5,3,5,1100
438000000,5,3,5,1100
439000000,5,3,5,1100
440000000,5,3,5,1100
441000000,5,3,5,1100
442000000,5,3,5,1100
443000000,5,3,5,1100
444000000,5,3,5,1100
445000000,5,3,5,1100
446000000,5,3,5,1100
447000000,5,3,5,1100
448000000,5,3,5,1100
449000000,5,3,5,1100
450000000,5,3,5,1100
451000000,5,3,5,1100
452000000,5,3,5,1100
453000000,5,3,5,1100
454000000,5,3,5,1100
455000000,5,3,5,1100
456000000,5,3,5,1100
457000000,5,3,5,1100
458000000,5,3,5,1100
459000000,5,3,5,1100
460000000,5,3,5,1100
461000000,5,3,5,1100
462000000,5,3,5,1100
463000000,5,3,5,1100
464000000,5,3,5,1100
465000000,5,3,5,1100
466000000,5,3,5,1100
467000000,5,3,5,1100
468000000,5,3,5,1100
469000000,5,3,5,1100
470000000,5,3,5,1100
471000000,5,3,5,1100
472000000,5,3,5,1100
473000000,5,3,5,1100
474000000,5,3,5,1100
475000000,5,3,5,1100
476000000,5,3,5,1100
477000000,5,3,5,1100
478000000,5,3,5,1100
479000000,5,3,5,1100
480000000,5,3,5,1100
481000000,5,3,5,1100
482000000,5,3,5,1100
483000000,5,3,5,1100
484000000,5,3,5,1100
485000000,5,3,5,1100
486000000,5,3,5,1100
487000000,5,3,5,1100
488000000,5,3,5,1100
489000000,5,3,5,1100
490000000,5,3,5,1100
491000000,5,3,5,1100
492000000,5,3,5,1100
493000000,5,3,5,1100
494000000,5,3,5,1100
495000000,5,3,5,1100
496000000,5,3,5,1100
497000000,5,3,5,1100
498000000,5,3,5,1100
499000000,5,3,5,1100
500000000,5,3,5,1100
501000000,5,3,5,1100
502000000,5,3,5,1100
503000000,5,3,5,1100
504000000,5,3,5,1100
505000000,5,3,5,1100
506000000,5,3,5,1100
507000000,5,3,5,1100
508000000,5,3,5,1100
509000000,5,3,5,1100
510000000,5,3,5,1100
511000000,5,3,5,1100
512000000,5,3,5,1100
513000000,5,3,5,1100
514000000,5,3,5,1100
515000000,5,3,5,1100
516000000,5,3,5,1100
517000000,5,3,5,1100
518000000,5,3,5,1100
519000000,5,3,5,1100
520000000,5,3,5,1100
521000000,5,3,5,1100
522000000,5,3,5,1100
523000000,5,3,5,1100
524000000,5,3,5,1100
525000000,5,3,5,1100
526000000,5,3,5,1100
527000000,5,3,5,1100
528000000,5,3,5,1100
529000000,5,3,5,1100
530000000,5,3,5,1100
531000000,5,3,5,1100
532000000,5,3,5,1100
533000000,5,3,5,1100
534000000,5,3,5,1100
535000000,5,3,5,1100
536000000,5,3,5,1100
537000000,5,3,5,1100
538000000,5,3,5,1100
539000000,5,3,5,1100
540000000,5,3,5,1100
541000000,5,3,5,1100
542000000,5,3,5,1100
543000000,5,3,5,1100
544000000,5,3,5,1100
545000000,5,3,5,1100
546000000,5,3,5,1100
547000000,5,3,5,1100
548000000,5,3,5,1100
549000000,5,3,5,1100
550000000,5,3,5,1100
551000000,5,3,5,1100
552000000,5,3,5,1100
553000000,5,3,5,1100
554000000,5,3,5,1100
555000000,5,3,5,1100
556000000,5,3,5,1100
557000000,5,3,5,1100
558000000,5,3,5,1100
559000000,5,3,5,1100
560000000,5,3,5,1100
561000000,5,3,5,1100
562000000,5,3,5,1100
563000000,5,3,5,1100
564000000,5,3,5,1100
565000000,5,3,5,1100
566000000,5,3,5,1100
567000000,5,3,5,1100
568000000,5,3,5,1100
569000000,5,3,5,1100
570000000,5,3,5,1100
571000000,5,3,5,1100
572000000,5,3,5,1100
573000000,5,3,5,1100
574000000,5,3,5,1100
575000000,5,3,5,1100
576000000,5,3,5,1100
577000000,5,3,5,1100
578000000,5,3,5,1100
579000000,5,3,5,1100
580000000,5,3,5,1100
581000000,5,3,5,1100
582000000,5,3,5,1100
583000000,5,3,5,1100
584000000,5,3,5,1100
585000000,5,3,5,1100
586000000,5,3,5,1100
587000000,5,3,5,1100
588000000,5,3,5,1100
589000000,5,3,5,1100
590000000,5,3,5,1100
591000000,5,3,5,1100
592000000,5,3,5,1100
593000000,5,3,5,1100
594000000,5,3,5,1100
595000000,5,3,5,1100
596000000,5,3,5,1100
597000000,5,3,5,1100
598000000,5,3,5,1100
599000000,5,3,5,1100
600000000,5,3,5,1100
601000000,5,3,5,1100
602000000,5,3,5,1100
603000000,5,3,5,1100
604000000,5,3,5,1100
605000000,5,3,5,1100
606000000,5,3,5,1100
607000000,5,3,5,1100
608000000,5,3,5,1100
609000000,5,3,5,1100
610000000,5,3,5,1100
611000000,5,3,5,1100
612000000,5,3,5,1100
613000000,5,3,5,1100
614000000,5,3,5,1100
615000000,5,3,5,1100
616000000,5,3,5,1100
617000000,5,3,5,1100
618000000,5,3,5,1100
619000000,5,3,5,1100
620000000,5,3,5,1100
621000000,5,3,5,1100
622000000,5,3,5,1100
623000000,5,3,5,1100
624000000,5,3,5,1100
625000000,5,3,5,1100
626000000,5,3,5,1100
627000000,5,3,5,1100
628000000,5,3,5,1100
629000000,5,3,5,1100
630000000,5,3,5,1100
631000000,5,3,5,1100
632000000,5,3,5,1100
633000000,5,3,5,1100
634000000,5,3,5,1100
635000000,5,3,5,1100
636000000,5,3,5,1100
637000000,5,3,5,1100
638000000,5,3,5,1100
639000000,5,3,5,1100
640000000,5,3,5,1100
641000000,5,3,5,1100
642000000,5,3,5,1100
643000000,5,3,5,1100
644000000,5,3,5,1100
645000000,5,3,5,1100
646000000,5,3,5,1100
647000000,5,3,5,1100
648000000,5,3,5,1100
649000000,5,3,5,1100
650000000,5,3,5,1100
651000000,5,3,5,1100
652000000,5,3,5,1100
653000000,5,3,5,1100
654000000,5,3,5,1100
655000000,5,3,5,1100
656000000,5,3,5,1100
657000000,5,3,5,1100
658000000,5,3,5,1100
659000000,5,3,5,1100
660000000,5,3,5,1100
661000000,5,3,5,1100
662000000,5,3,5,1100
663000000,5,3,5,1100
664000000,5,3,5,1100
665000000,5,3,5,1100
666000000,5,3,5,1100
667000000,5,3,5,1100
668000000,5,3,5,1100
669000000,5,3,5,1100
670000000,5,3,5,1100
671000000,5,3,5,1100
672000000,5,3,5,1100
673000000,5,3,5,1100
674000000,5,3,5,1100
675000000,5,3,5,1100
676000000,5,3,5,1100
677000000,5,3,5,1100
678000000,5,3,5,1100
679000000,5,3,5,1100
680000000,5,3,5,1100
681000000,5,3,5,1100
682000000,5,3,5,1100
683000000,5,3,5,1100
684000000,5,3,5,1100
685000000,5,3,5,1100
686000000,5,3,5,1100
687000000,5,3,5,1100
688000000,5,3,5,1100
689000000,5,3,5,1100
690000000,5,3,5,1100
691000000,5,3,5,1100
692000000,5,3,5,1100
693000000,5,3,5,1100
694000000,5,3,5,1100
695000000,5,3,5,1100
696000000,5,3,5,1100
697000000,5,3,5,1100
698000000,5,3,5,1100
699000000,5,3,5,1100
700000000,5,3,5,1100
701000000,5,3,5,1100
702000000,5,3,5,1100
703000000,5,3,5,1100
704000000,5,3,5,1100
705000000,5,3,5,1100
706000000,5,3,5,1100
707000000,5,3,5,1100
708000000,5,3,5,1100
709000000,5,3,5,1100
710000000,5,3,5,1100
711000000,5,3,5,1100
712000000,5,3,5,1100
713000000,5,3,5,1100
714000000,5,3,5,1100
715000000,5,3,5,1100
716000000,5,3,5,1100
717000000,5,3,5,1100
718000000,5,3,5,1100
719000000,5,3,5,1100
720000000,5,3,5,1100
721000000,5,3,5,1100
722000000,5,3,5,1100
723000000,5,3,5,1100
724000000,5,3,5,1100
725000000,5,3,5,1100
726000000,5,3,5,1100
727000000,5,3,5,1100
728000000,5,3,5,1100
729000000,5,3,5,1100
730000000,5,3,5,1100
731000000,5,3,5,1100
732000000,5,3,5,1100
733000000,5,3,5,1100
734000000,5,3,5,1100
735000000,5,3,5,1100
736000000,5,3,5,1100
737000000,5,3,5,1100
738000000,5,3,5,1100
739000000,5,3,5,1100
740000000,5,3,5,1100
741000000,5,3,5,1100
742000000,5,3,5,1100
743000000,5,3,5,1100
744000000,5,3,5,1100
745000000,5,3,5,1100
746000000,5,3,5,1100
747000000,5,3,5,1100
748000000,5,3,5,1100
749000000,5,3,5,1100
750000000,5,3,5,1100
751000000,5,3,5,1100
752000000,5,3,5,1100
753000000,5,3,5,1100
754000000,5,3,5,1100
755000000,5,3,5,1100
756000000,5,3,5,1100
757000000,5,3,5,1100
758000000,5,3,5,1100
759000000,5,3,5,1100
760000000,5,3,5,1100
761000000,5,3,5,1100
762000000,5,3,5,1100
763000000,5,3,5,1100
764000000,5,3,5,1100
765000000,5,3,5,1100
766000000,5,3,5,1100
767000000,5,3,5,1100
768000000,5,3,5,1100
769000000,5,3,5,1100
770000000,5,3,5,1100
771000000,5,3,5,1100
772000000,5,3,5,1100
773000000,5,3,5,1100
774000000,5,3,5,1100
775000000,5,3,5,1100
776000000,5,3,5,1100
777000000,5,3,5,1100
